Season,HomeTeam,AwayTeam,home_rest_days_all,away_rest_days_all,home_matches_last_14_all,away_matches_last_14_all,home_played_euro_last_5,away_played_euro_last_5,diff_rest_days_all,diff_matches_last_14_all,diff_played_euro_last_5
2016_2017,Burnley,Swansea,,,0,0,0,0,,0,0
2016_2017,Crystal Palace,West Brom,,,0,0,0,0,,0,0
2016_2017,Everton,Tottenham,,,0,0,0,0,,0,0
2016_2017,Hull,Leicester,,,0,0,0,0,,0,0
2016_2017,Man City,Sunderland,,,0,0,0,0,,0,0
2016_2017,Middlesbrough,Stoke,,,0,0,0,0,,0,0
2016_2017,Southampton,Watford,,,0,0,0,0,,0,0
2016_2017,Arsenal,Liverpool,,,0,0,0,0,,0,0
2016_2017,Bournemouth,Man United,,,0,0,0,0,,0,0
2016_2017,Chelsea,West Ham,,,0,0,0,0,,0,0
2016_2017,Man United,Southampton,5.0,6.0,1,1,0,0,-1.0,0,0
2016_2017,Burnley,Liverpool,7.0,6.0,1,1,0,0,1.0,0,0
2016_2017,Leicester,Arsenal,7.0,6.0,1,1,0,0,1.0,0,0
2016_2017,Stoke,Man City,7.0,7.0,1,1,0,0,0.0,0,0
2016_2017,Swansea,Hull,7.0,7.0,1,1,0,0,0.0,0,0
2016_2017,Tottenham,Crystal Palace,7.0,7.0,1,1,0,0,0.0,0,0
2016_2017,Watford,Chelsea,7.0,5.0,1,1,0,0,2.0,0,0
2016_2017,West Brom,Everton,7.0,7.0,1,1,0,0,0.0,0,0
2016_2017,Sunderland,Middlesbrough,8.0,8.0,1,1,0,0,0.0,0,0
2016_2017,West Ham,Bournemouth,6.0,7.0,1,1,0,0,-1.0,0,0
2016_2017,Chelsea,Burnley,4.0,3.0,3,3,0,0,1.0,0,0
2016_2017,Crystal Palace,Bournemouth,4.0,3.0,3,3,0,0,1.0,0,0
2016_2017,Everton,Stoke,4.0,4.0,3,3,0,0,0.0,0,0
2016_2017,Hull,Man United,4.0,8.0,3,2,0,0,-4.0,1,0
2016_2017,Leicester,Swansea,7.0,4.0,2,3,0,0,3.0,-1,0
2016_2017,Southampton,Sunderland,8.0,3.0,2,3,0,0,5.0,-1,0
2016_2017,Tottenham,Liverpool,7.0,4.0,2,3,0,0,3.0,-1,0
2016_2017,Watford,Arsenal,4.0,7.0,3,2,0,0,-3.0,1,0
2016_2017,Man City,West Ham,8.0,7.0,1,2,0,0,1.0,-1,0
2016_2017,West Brom,Middlesbrough,5.0,4.0,2,2,0,0,1.0,0,0
2016_2017,Arsenal,Southampton,14.0,14.0,1,1,0,0,0.0,0,0
2016_2017,Bournemouth,West Brom,14.0,13.0,1,1,0,0,1.0,0,0
2016_2017,Burnley,Hull,14.0,14.0,1,1,0,0,0.0,0,0
2016_2017,Liverpool,Leicester,14.0,14.0,1,1,0,0,0.0,0,0
2016_2017,Man United,Man City,14.0,13.0,1,1,0,0,1.0,0,0
2016_2017,Middlesbrough,Crystal Palace,13.0,14.0,1,1,0,0,-1.0,0,0
2016_2017,Stoke,Tottenham,14.0,14.0,1,1,0,0,0.0,0,0
2016_2017,West Ham,Watford,13.0,14.0,1,1,0,0,-1.0,0,0
2016_2017,Swansea,Chelsea,15.0,15.0,0,0,0,0,0.0,0,0
2016_2017,Sunderland,Everton,16.0,16.0,0,0,0,0,0.0,0,0
2016_2017,Chelsea,Liverpool,5.0,6.0,1,1,0,0,-1.0,0,0
2016_2017,Everton,Middlesbrough,5.0,7.0,1,1,0,0,-2.0,0,0
2016_2017,Hull,Arsenal,7.0,4.0,1,2,0,1,3.0,-1,-1
2016_2017,Leicester,Burnley,3.0,7.0,2,1,1,0,-4.0,1,1
2016_2017,Man City,Bournemouth,3.0,7.0,2,1,1,0,-4.0,1,1
2016_2017,West Brom,West Ham,7.0,7.0,1,1,0,0,0.0,0,0
2016_2017,Crystal Palace,Stoke,8.0,8.0,1,1,0,0,0.0,0,0
2016_2017,Southampton,Swansea,3.0,7.0,2,1,1,0,-4.0,1,1
2016_2017,Tottenham,Sunderland,4.0,6.0,2,1,1,0,-2.0,1,1
2016_2017,Watford,Man United,8.0,3.0,1,2,0,1,5.0,-1,-1
2016_2017,Arsenal,Chelsea,4.0,4.0,4,3,0,0,0.0,1,0
2016_2017,Bournemouth,Everton,4.0,4.0,3,3,0,0,0.0,0,0
2016_2017,Liverpool,Hull,4.0,3.0,3,3,0,0,1.0,0,0
2016_2017,Man United,Leicester,3.0,4.0,4,4,0,0,-1.0,0,0
2016_2017,Middlesbrough,Tottenham,7.0,3.0,2,4,0,0,4.0,-2,0
2016_2017,Stoke,West Brom,3.0,7.0,3,2,0,0,-4.0,1,0
2016_2017,Sunderland,Crystal Palace,3.0,3.0,3,3,0,0,0.0,0,0
2016_2017,Swansea,Man City,3.0,3.0,3,4,0,0,0.0,-1,0
2016_2017,West Ham,Southampton,4.0,4.0,2,3,0,0,0.0,-1,0
2016_2017,Burnley,Watford,9.0,8.0,1,1,0,0,1.0,0,0
2016_2017,Everton,Crystal Palace,6.0,6.0,3,3,0,0,0.0,0,0
2016_2017,Hull,Chelsea,7.0,7.0,3,2,0,0,0.0,1,0
2016_2017,Sunderland,West Brom,7.0,7.0,3,2,0,0,0.0,1,0
2016_2017,Swansea,Liverpool,7.0,7.0,3,2,0,0,0.0,1,0
2016_2017,Watford,Bournemouth,5.0,7.0,2,3,0,0,-2.0,-1,0
2016_2017,West Ham,Middlesbrough,6.0,7.0,3,2,0,0,-1.0,1,0
2016_2017,Burnley,Arsenal,6.0,4.0,1,3,0,1,2.0,-2,-1
2016_2017,Leicester,Southampton,5.0,3.0,3,4,1,1,2.0,-1,0
2016_2017,Man United,Stoke,3.0,8.0,4,3,1,0,-5.0,1,1
2016_2017,Tottenham,Man City,5.0,4.0,4,3,1,1,1.0,1,0
2016_2017,Arsenal,Swansea,13.0,14.0,1,1,0,0,-1.0,0,0
2016_2017,Bournemouth,Hull,14.0,14.0,1,1,0,0,0.0,0,0
2016_2017,Chelsea,Leicester,14.0,13.0,1,1,0,0,1.0,0,0
2016_2017,Crystal Palace,West Ham,15.0,14.0,0,1,0,0,1.0,-1,0
2016_2017,Man City,Everton,13.0,15.0,1,0,0,0,-2.0,1,0
2016_2017,Stoke,Sunderland,13.0,14.0,1,1,0,0,-1.0,0,0
2016_2017,West Brom,Tottenham,14.0,13.0,1,1,0,0,1.0,0,0
2016_2017,Middlesbrough,Watford,15.0,15.0,0,0,0,0,0.0,0,0
2016_2017,Southampton,Burnley,14.0,14.0,1,1,0,0,0.0,0,0
2016_2017,Liverpool,Man United,16.0,15.0,0,0,0,0,1.0,0,0
2016_2017,Arsenal,Middlesbrough,3.0,6.0,2,1,1,0,-3.0,1,1
2016_2017,Bournemouth,Tottenham,7.0,4.0,1,2,0,1,3.0,-1,-1
2016_2017,Burnley,Everton,6.0,7.0,1,1,0,0,-1.0,0,0
2016_2017,Hull,Stoke,7.0,7.0,1,1,0,0,0.0,0,0
2016_2017,Leicester,Crystal Palace,4.0,7.0,2,1,1,0,-3.0,1,1
2016_2017,Liverpool,West Brom,5.0,7.0,1,1,0,0,-2.0,0,0
2016_2017,Swansea,Watford,7.0,6.0,1,1,0,0,1.0,0,0
2016_2017,West Ham,Sunderland,7.0,7.0,1,1,0,0,0.0,0,0
2016_2017,Chelsea,Man United,8.0,3.0,1,2,0,1,5.0,-1,-1
2016_2017,Man City,Southampton,4.0,3.0,2,2,1,1,1.0,0,0
2016_2017,Crystal Palace,Liverpool,7.0,4.0,2,3,0,0,3.0,-1,0
2016_2017,Man United,Burnley,3.0,7.0,4,2,0,0,-4.0,2,0
2016_2017,Middlesbrough,Bournemouth,7.0,7.0,2,2,0,0,0.0,0,0
2016_2017,Sunderland,Arsenal,3.0,4.0,3,4,0,0,-1.0,-1,0
2016_2017,Tottenham,Leicester,4.0,7.0,4,3,0,0,-3.0,1,0
2016_2017,Watford,Hull,7.0,4.0,2,3,0,0,3.0,-1,0
2016_2017,West Brom,Man City,7.0,3.0,2,4,0,0,4.0,-2,0
2016_2017,Everton,West Ham,8.0,4.0,1,2,0,0,4.0,-1,0
2016_2017,Southampton,Chelsea,4.0,4.0,4,2,0,0,0.0,2,0
2016_2017,Stoke,Swansea,9.0,9.0,1,1,0,0,0.0,0,0
2016_2017,Bournemouth,Sunderland,7.0,7.0,2,3,0,0,0.0,-1,0
2016_2017,Burnley,Crystal Palace,7.0,7.0,2,2,0,0,0.0,0,0
2016_2017,Chelsea,Everton,6.0,6.0,3,2,0,0,0.0,1,0
2016_2017,Man City,Middlesbrough,4.0,7.0,4,2,1,0,-3.0,2,1
2016_2017,West Ham,Stoke,6.0,5.0,3,2,0,0,1.0,1,0
2016_2017,Arsenal,Tottenham,5.0,4.0,3,3,1,1,1.0,0,0
2016_2017,Hull,Southampton,8.0,3.0,2,4,0,1,5.0,-2,-1
2016_2017,Leicester,West Brom,4.0,8.0,2,1,1,0,-4.0,1,1
2016_2017,Liverpool,Watford,8.0,8.0,2,1,0,0,0.0,1,0
2016_2017,Swansea,Man United,6.0,3.0,1,4,0,1,3.0,-3,-1
2016_2017,Crystal Palace,Man City,14.0,14.0,1,1,0,0,0.0,0,0
2016_2017,Everton,Swansea,14.0,13.0,1,1,0,0,1.0,0,0
2016_2017,Man United,Arsenal,13.0,13.0,1,1,0,0,0.0,0,0
2016_2017,Southampton,Liverpool,13.0,13.0,1,1,0,0,0.0,0,0
2016_2017,Stoke,Bournemouth,14.0,14.0,1,1,0,0,0.0,0,0
2016_2017,Sunderland,Hull,14.0,13.0,1,1,0,0,1.0,0,0
2016_2017,Tottenham,West Ham,13.0,14.0,1,1,0,0,-1.0,0,0
2016_2017,Watford,Leicester,13.0,13.0,1,1,0,0,0.0,0,0
2016_2017,Middlesbrough,Chelsea,15.0,15.0,0,0,0,0,0.0,0,0
2016_2017,West Brom,Burnley,15.0,16.0,0,0,0,0,-1.0,0,0
2016_2017,Burnley,Man City,5.0,3.0,1,2,0,1,2.0,-1,-1
2016_2017,Chelsea,Tottenham,6.0,4.0,1,2,0,1,2.0,-1,-1
2016_2017,Hull,West Brom,7.0,5.0,1,1,0,0,2.0,0,0
2016_2017,Leicester,Middlesbrough,4.0,6.0,2,1,1,0,-2.0,1,1
2016_2017,Liverpool,Sunderland,7.0,7.0,1,1,0,0,0.0,0,0
2016_2017,Swansea,Crystal Palace,7.0,7.0,1,1,0,0,0.0,0,0
2016_2017,Arsenal,Bournemouth,4.0,8.0,2,1,1,0,-4.0,1,1
2016_2017,Man United,West Ham,3.0,8.0,2,1,1,0,-5.0,1,1
2016_2017,Southampton,Everton,3.0,8.0,2,1,1,0,-5.0,1,1
2016_2017,Watford,Stoke,8.0,8.0,1,1,0,0,0.0,0,0
2016_2017,Crystal Palace,Southampton,7.0,3.0,2,4,0,0,4.0,-2,0
2016_2017,Man City,Chelsea,7.0,7.0,3,2,0,0,0.0,1,0
2016_2017,Stoke,Burnley,6.0,7.0,2,2,0,0,-1.0,0,0
2016_2017,Sunderland,Leicester,7.0,7.0,2,3,0,0,0.0,-1,0
2016_2017,Tottenham,Swansea,7.0,7.0,3,2,0,0,0.0,1,0
2016_2017,West Brom,Watford,7.0,6.0,2,2,0,0,1.0,0,0
2016_2017,West Ham,Arsenal,3.0,3.0,3,4,0,0,0.0,-1,0
2016_2017,Bournemouth,Liverpool,7.0,5.0,1,2,0,0,2.0,-1,0
2016_2017,Everton,Man United,7.0,4.0,1,3,0,0,3.0,-2,0
2016_2017,Middlesbrough,Hull,9.0,6.0,1,2,0,0,3.0,-1,0
2016_2017,Arsenal,Stoke,4.0,7.0,4,2,1,0,-3.0,2,1
2016_2017,Burnley,Bournemouth,7.0,6.0,2,2,0,0,1.0,0,0
2016_2017,Hull,Crystal Palace,5.0,7.0,3,2,0,0,-2.0,1,0
2016_2017,Leicester,Man City,3.0,4.0,3,3,1,1,-1.0,0,0
2016_2017,Swansea,Sunderland,7.0,7.0,2,2,0,0,0.0,0,0
2016_2017,Watford,Everton,7.0,6.0,2,2,0,0,1.0,0,0
2016_2017,Chelsea,West Brom,8.0,8.0,1,1,0,0,0.0,0,0
2016_2017,Liverpool,West Ham,7.0,8.0,2,3,0,0,-1.0,-1,0
2016_2017,Man United,Tottenham,3.0,4.0,4,2,1,1,-1.0,2,0
2016_2017,Southampton,Middlesbrough,3.0,6.0,4,1,1,0,-3.0,3,1
2016_2017,Bournemouth,Leicester,3.0,3.0,2,3,0,0,0.0,-1,0
2016_2017,Everton,Arsenal,3.0,3.0,2,4,0,0,0.0,-2,0
2016_2017,Crystal Palace,Man United,4.0,3.0,2,4,0,0,1.0,-2,0
2016_2017,Man City,Watford,4.0,4.0,3,2,0,0,0.0,1,0
2016_2017,Middlesbrough,Liverpool,3.0,3.0,2,2,0,0,0.0,0,0
2016_2017,Stoke,Southampton,4.0,3.0,2,4,0,0,1.0,-2,0
2016_2017,Sunderland,Chelsea,4.0,3.0,2,2,0,0,1.0,0,0
2016_2017,Tottenham,Hull,3.0,4.0,3,2,0,0,-1.0,1,0
2016_2017,West Brom,Swansea,3.0,4.0,2,2,0,0,-1.0,0,0
2016_2017,West Ham,Burnley,3.0,4.0,3,2,0,0,-1.0,1,0
2016_2017,Crystal Palace,Chelsea,3.0,3.0,3,3,0,0,0.0,0,0
2016_2017,Middlesbrough,Swansea,3.0,3.0,3,3,0,0,0.0,0,0
2016_2017,Stoke,Leicester,3.0,4.0,3,4,0,0,-1.0,-1,0
2016_2017,Sunderland,Watford,3.0,3.0,3,3,0,0,0.0,0,0
2016_2017,West Brom,Man United,3.0,3.0,3,4,0,0,0.0,-1,0
2016_2017,West Ham,Hull,3.0,3.0,3,3,0,0,0.0,0,0
2016_2017,Bournemouth,Southampton,5.0,4.0,3,3,0,0,1.0,0,0
2016_2017,Man City,Arsenal,4.0,5.0,3,3,0,0,-1.0,0,0
2016_2017,Tottenham,Burnley,4.0,4.0,3,2,0,0,0.0,1,0
2016_2017,Everton,Liverpool,6.0,5.0,2,2,0,0,1.0,0,0
2016_2017,Arsenal,West Brom,8.0,9.0,2,2,0,0,-1.0,0,0
2016_2017,Burnley,Middlesbrough,8.0,9.0,2,2,0,0,-1.0,0,0
2016_2017,Chelsea,Bournemouth,9.0,8.0,2,2,0,0,1.0,0,0
2016_2017,Hull,Man City,9.0,8.0,2,2,0,0,1.0,0,0
2016_2017,Leicester,Everton,9.0,7.0,2,2,0,0,2.0,0,0
2016_2017,Man United,Sunderland,9.0,9.0,2,2,0,0,0.0,0,0
2016_2017,Swansea,West Ham,9.0,9.0,2,2,0,0,0.0,0,0
2016_2017,Watford,Crystal Palace,9.0,9.0,2,2,0,0,0.0,0,0
2016_2017,Liverpool,Stoke,8.0,10.0,2,2,0,0,-2.0,0,0
2016_2017,Southampton,Tottenham,10.0,10.0,2,2,0,0,0.0,0,0
2016_2017,Hull,Everton,4.0,4.0,2,2,0,0,0.0,0,0
2016_2017,Burnley,Sunderland,5.0,5.0,2,2,0,0,0.0,0,0
2016_2017,Chelsea,Stoke,5.0,4.0,2,2,0,0,1.0,0,0
2016_2017,Leicester,West Ham,5.0,5.0,2,2,0,0,0.0,0,0
2016_2017,Liverpool,Man City,4.0,5.0,2,2,0,0,-1.0,0,0
2016_2017,Man United,Middlesbrough,5.0,5.0,2,2,0,0,0.0,0,0
2016_2017,Southampton,West Brom,3.0,5.0,2,2,0,0,-2.0,0,0
2016_2017,Swansea,Bournemouth,5.0,5.0,2,2,0,0,0.0,0,0
2016_2017,Arsenal,Crystal Palace,6.0,6.0,2,1,0,0,0.0,1,0
2016_2017,Watford,Tottenham,6.0,4.0,1,2,0,0,2.0,-1,0
2016_2017,Everton,Southampton,3.0,2.0,3,2,0,0,1.0,1,0
2016_2017,Man City,Burnley,2.0,2.0,2,2,0,0,0.0,0,0
2016_2017,Middlesbrough,Leicester,2.0,2.0,2,2,0,0,0.0,0,0
2016_2017,Sunderland,Liverpool,2.0,2.0,2,3,0,0,0.0,-1,0
2016_2017,West Brom,Hull,2.0,3.0,2,2,0,0,-1.0,0,0
2016_2017,West Ham,Man United,2.0,2.0,2,2,0,0,0.0,0,0
2016_2017,Bournemouth,Arsenal,3.0,2.0,2,2,0,0,1.0,0,0
2016_2017,Crystal Palace,Swansea,2.0,3.0,2,2,0,0,-1.0,0,0
2016_2017,Stoke,Watford,3.0,2.0,2,2,0,0,1.0,0,0
2016_2017,Tottenham,Chelsea,3.0,4.0,2,2,0,0,-1.0,0,0
2016_2017,Burnley,Southampton,7.0,3.0,3,4,0,0,4.0,-1,0
2016_2017,Hull,Bournemouth,4.0,7.0,3,3,0,0,-3.0,0,0
2016_2017,Leicester,Chelsea,7.0,6.0,3,3,0,0,1.0,0,0
2016_2017,Sunderland,Stoke,7.0,7.0,3,3,0,0,0.0,0,0
2016_2017,Swansea,Arsenal,7.0,7.0,3,3,0,0,0.0,0,0
2016_2017,Tottenham,West Brom,6.0,7.0,3,3,0,0,-1.0,0,0
2016_2017,Watford,Middlesbrough,7.0,6.0,3,3,0,0,1.0,0,0
2016_2017,West Ham,Crystal Palace,8.0,7.0,3,3,0,0,1.0,0,0
2016_2017,Everton,Man City,8.0,9.0,2,2,0,0,-1.0,0,0
2016_2017,Man United,Liverpool,5.0,4.0,3,3,0,0,1.0,0,0
2016_2017,Bournemouth,Watford,7.0,7.0,2,2,0,0,0.0,0,0
2016_2017,Crystal Palace,Everton,4.0,6.0,3,2,0,0,-2.0,1,0
2016_2017,Liverpool,Swansea,3.0,7.0,4,2,0,0,-4.0,2,0
2016_2017,Man City,Tottenham,6.0,7.0,1,2,0,0,-1.0,-1,0
2016_2017,Middlesbrough,West Ham,7.0,7.0,2,1,0,0,0.0,1,0
2016_2017,Stoke,Man United,7.0,6.0,2,3,0,0,1.0,-1,0
2016_2017,West Brom,Sunderland,7.0,4.0,2,3,0,0,3.0,-1,0
2016_2017,Arsenal,Burnley,8.0,5.0,1,2,0,0,3.0,-1,0
2016_2017,Chelsea,Hull,8.0,8.0,2,2,0,0,0.0,0,0
2016_2017,Southampton,Leicester,4.0,8.0,3,1,0,0,-4.0,2,0
2016_2017,Arsenal,Watford,3.0,2.0,2,2,0,0,1.0,0,0
2016_2017,Bournemouth,Crystal Palace,10.0,3.0,1,3,0,0,7.0,-2,0
2016_2017,Burnley,Leicester,3.0,4.0,3,2,0,0,-1.0,1,0
2016_2017,Liverpool,Chelsea,3.0,3.0,4,2,0,0,0.0,2,0
2016_2017,Middlesbrough,West Brom,3.0,10.0,2,1,0,0,-7.0,1,0
2016_2017,Sunderland,Tottenham,10.0,3.0,2,2,0,0,7.0,0,0
2016_2017,Swansea,Southampton,10.0,3.0,1,4,0,0,7.0,-3,0
2016_2017,Man United,Hull,3.0,3.0,3,3,0,0,0.0,0,0
2016_2017,Stoke,Everton,11.0,11.0,1,1,0,0,0.0,0,0
2016_2017,West Ham,Man City,11.0,4.0,1,2,0,0,7.0,-1,0
2016_2017,Chelsea,Arsenal,4.0,4.0,3,3,0,0,0.0,0,0
2016_2017,Crystal Palace,Sunderland,4.0,4.0,3,2,0,0,0.0,1,0
2016_2017,Everton,Bournemouth,3.0,4.0,2,2,0,0,-1.0,0,0
2016_2017,Hull,Liverpool,3.0,4.0,4,4,0,0,-1.0,0,0
2016_2017,Southampton,West Ham,4.0,3.0,4,2,0,0,1.0,2,0
2016_2017,Tottenham,Middlesbrough,4.0,4.0,3,3,0,0,0.0,0,0
2016_2017,Watford,Burnley,4.0,4.0,3,3,0,0,0.0,0,0
2016_2017,West Brom,Stoke,4.0,3.0,2,2,0,0,1.0,0,0
2016_2017,Leicester,Man United,5.0,4.0,3,3,0,0,1.0,0,0
2016_2017,Man City,Swansea,4.0,5.0,2,1,0,0,-1.0,1,0
2016_2017,Arsenal,Hull,7.0,7.0,3,3,0,0,0.0,0,0
2016_2017,Liverpool,Tottenham,7.0,7.0,3,3,0,0,0.0,0,0
2016_2017,Man United,Watford,6.0,7.0,3,3,0,0,-1.0,0,0
2016_2017,Middlesbrough,Everton,7.0,7.0,3,2,0,0,0.0,1,0
2016_2017,Stoke,Crystal Palace,7.0,7.0,2,3,0,0,0.0,-1,0
2016_2017,Sunderland,Southampton,7.0,7.0,2,3,0,0,0.0,-1,0
2016_2017,West Ham,West Brom,7.0,7.0,2,2,0,0,0.0,0,0
2016_2017,Burnley,Chelsea,8.0,8.0,2,2,0,0,0.0,0,0
2016_2017,Swansea,Leicester,7.0,4.0,2,3,0,0,3.0,-1,0
2016_2017,Bournemouth,Man City,9.0,8.0,2,2,0,0,1.0,0,0
2016_2017,Chelsea,Swansea,7.0,13.0,2,1,0,0,-6.0,1,0
2016_2017,Crystal Palace,Middlesbrough,14.0,7.0,1,2,0,0,7.0,-1,0
2016_2017,Everton,Sunderland,14.0,14.0,1,1,0,0,0.0,0,0
2016_2017,Hull,Burnley,14.0,7.0,1,2,0,0,7.0,-1,0
2016_2017,Watford,West Ham,14.0,14.0,1,1,0,0,0.0,0,0
2016_2017,West Brom,Bournemouth,14.0,12.0,1,1,0,0,2.0,0,0
2016_2017,Tottenham,Stoke,3.0,15.0,3,0,1,0,-12.0,3,1
2016_2017,Leicester,Liverpool,5.0,16.0,2,0,1,0,-11.0,2,1
2016_2017,Leicester,Hull,5.0,7.0,3,1,0,0,-2.0,2,0
2016_2017,Liverpool,Arsenal,5.0,12.0,1,1,0,0,-7.0,0,0
2016_2017,Man United,Bournemouth,6.0,7.0,3,1,0,0,-1.0,2,0
2016_2017,Stoke,Middlesbrough,6.0,7.0,1,2,0,0,-1.0,-1,0
2016_2017,Swansea,Burnley,7.0,7.0,1,2,0,0,0.0,-1,0
2016_2017,Watford,Southampton,7.0,6.0,1,1,0,0,1.0,0,0
2016_2017,West Brom,Crystal Palace,7.0,7.0,1,1,0,0,0.0,0,0
2016_2017,Sunderland,Man City,8.0,4.0,1,2,0,0,4.0,-1,0
2016_2017,Tottenham,Everton,7.0,8.0,3,1,0,0,-1.0,2,0
2016_2017,West Ham,Chelsea,9.0,9.0,1,1,0,0,0.0,0,0
2016_2017,Man City,Stoke,3.0,4.0,2,2,0,0,-1.0,0,0
2016_2017,Bournemouth,West Ham,7.0,5.0,2,2,0,0,2.0,0,0
2016_2017,Everton,West Brom,6.0,7.0,2,2,0,0,-1.0,0,0
2016_2017,Hull,Swansea,7.0,7.0,2,2,0,0,0.0,0,0
2016_2017,Liverpool,Burnley,8.0,8.0,2,1,0,0,0.0,1,0
2016_2017,Bournemouth,Swansea,7.0,7.0,2,2,0,0,0.0,0,0
2016_2017,Crystal Palace,Watford,14.0,14.0,1,1,0,0,0.0,0,0
2016_2017,Everton,Hull,7.0,7.0,2,2,0,0,0.0,0,0
2016_2017,Stoke,Chelsea,10.0,5.0,2,2,0,0,5.0,0,0
2016_2017,Sunderland,Burnley,13.0,6.0,1,2,0,0,7.0,-1,0
2016_2017,West Brom,Arsenal,7.0,7.0,2,3,0,0,0.0,-1,0
2016_2017,West Ham,Leicester,7.0,4.0,2,2,0,1,3.0,0,-1
2016_2017,Man City,Liverpool,4.0,7.0,4,1,1,0,-3.0,3,1
2016_2017,Middlesbrough,Man United,8.0,3.0,1,3,0,1,5.0,-2,-1
2016_2017,Tottenham,Southampton,7.0,15.0,2,0,0,0,-8.0,2,0
2016_2017,Burnley,Tottenham,14.0,13.0,1,1,0,0,1.0,0,0
2016_2017,Chelsea,Crystal Palace,14.0,14.0,1,1,0,0,0.0,0,0
2016_2017,Hull,West Ham,14.0,14.0,1,1,0,0,0.0,0,0
2016_2017,Leicester,Stoke,14.0,14.0,1,1,0,0,0.0,0,0
2016_2017,Liverpool,Everton,13.0,14.0,1,1,0,0,-1.0,0,0
2016_2017,Man United,West Brom,13.0,14.0,1,1,0,0,-1.0,0,0
2016_2017,Southampton,Bournemouth,13.0,14.0,1,1,0,0,-1.0,0,0
2016_2017,Watford,Sunderland,14.0,14.0,1,1,0,0,0.0,0,0
2016_2017,Arsenal,Man City,15.0,14.0,0,1,0,0,1.0,-1,0
2016_2017,Swansea,Middlesbrough,15.0,14.0,0,1,0,0,1.0,-1,0
2016_2017,Burnley,Stoke,3.0,3.0,1,1,0,0,0.0,0,0
2016_2017,Leicester,Sunderland,3.0,3.0,1,1,0,0,0.0,0,0
2016_2017,Man United,Everton,3.0,3.0,1,1,0,0,0.0,0,0
2016_2017,Watford,West Brom,3.0,3.0,1,1,0,0,0.0,0,0
2016_2017,Arsenal,West Ham,3.0,4.0,1,1,0,0,-1.0,0,0
2016_2017,Chelsea,Man City,4.0,3.0,1,1,0,0,1.0,0,0
2016_2017,Hull,Middlesbrough,4.0,3.0,1,1,0,0,1.0,0,0
2016_2017,Liverpool,Bournemouth,4.0,4.0,1,1,0,0,0.0,0,0
2016_2017,Southampton,Crystal Palace,4.0,4.0,1,1,0,0,0.0,0,0
2016_2017,Swansea,Tottenham,3.0,4.0,1,1,0,0,-1.0,0,0
2016_2017,Bournemouth,Chelsea,3.0,3.0,2,2,0,0,0.0,0,0
2016_2017,Man City,Hull,3.0,3.0,2,2,0,0,0.0,0,0
2016_2017,Middlesbrough,Burnley,3.0,4.0,2,2,0,0,-1.0,0,0
2016_2017,Stoke,Liverpool,4.0,3.0,2,2,0,0,1.0,0,0
2016_2017,Tottenham,Watford,3.0,4.0,2,2,0,0,-1.0,0,0
2016_2017,West Brom,Southampton,4.0,3.0,2,2,0,0,1.0,0,0
2016_2017,West Ham,Swansea,3.0,3.0,2,2,0,0,0.0,0,0
2016_2017,Everton,Leicester,5.0,5.0,2,2,0,0,0.0,0,0
2016_2017,Sunderland,Man United,5.0,5.0,2,2,0,0,0.0,0,0
2016_2017,Crystal Palace,Arsenal,5.0,5.0,2,2,0,0,0.0,0,0
2016_2017,Crystal Palace,Leicester,5.0,3.0,3,4,0,1,2.0,-1,-1
2016_2017,Everton,Burnley,6.0,7.0,3,3,0,0,-1.0,0,0
2016_2017,Southampton,Man City,7.0,7.0,3,3,0,0,0.0,0,0
2016_2017,Stoke,Hull,7.0,7.0,3,3,0,0,0.0,0,0
2016_2017,Sunderland,West Ham,6.0,7.0,3,3,0,0,-1.0,0,0
2016_2017,Tottenham,Bournemouth,7.0,7.0,3,3,0,0,0.0,0,0
2016_2017,Watford,Swansea,7.0,7.0,3,3,0,0,0.0,0,0
2016_2017,Man United,Chelsea,3.0,8.0,3,2,1,0,-5.0,1,1
2016_2017,West Brom,Liverpool,8.0,8.0,2,2,0,0,0.0,0,0
2016_2017,Middlesbrough,Arsenal,9.0,7.0,2,2,0,0,2.0,0,0
2016_2017,Bournemouth,Middlesbrough,7.0,5.0,2,2,0,0,2.0,0,0
2016_2017,Hull,Watford,7.0,7.0,2,2,0,0,0.0,0,0
2016_2017,Swansea,Stoke,7.0,7.0,2,2,0,0,0.0,0,0
2016_2017,West Ham,Everton,7.0,7.0,2,2,0,0,0.0,0,0
2016_2017,Burnley,Man United,8.0,3.0,1,4,0,1,5.0,-3,-1
2016_2017,Liverpool,Crystal Palace,7.0,8.0,1,2,0,0,-1.0,-1,0
2016_2017,Chelsea,Southampton,3.0,10.0,2,1,0,0,-7.0,1,0
2016_2017,Arsenal,Leicester,3.0,8.0,2,3,0,0,-5.0,-1,0
2016_2017,Crystal Palace,Tottenham,3.0,4.0,2,2,0,0,-1.0,0,0
2016_2017,Middlesbrough,Sunderland,4.0,11.0,2,1,0,0,-7.0,1,0
2016_2017,Man City,Man United,4.0,4.0,2,4,0,0,0.0,-2,0
2016_2017,Crystal Palace,Burnley,3.0,6.0,3,2,0,0,-3.0,1,0
2016_2017,Southampton,Hull,4.0,7.0,2,2,0,0,-3.0,0,0
2016_2017,Stoke,West Ham,7.0,7.0,2,2,0,0,0.0,0,0
2016_2017,Sunderland,Bournemouth,3.0,7.0,2,2,0,0,-4.0,0,0
2016_2017,West Brom,Leicester,13.0,3.0,1,3,0,0,10.0,-2,0
2016_2017,Everton,Chelsea,8.0,5.0,1,3,0,0,3.0,-2,0
2016_2017,Man United,Swansea,3.0,8.0,4,1,0,0,-5.0,3,0
2016_2017,Middlesbrough,Man City,4.0,3.0,3,2,0,0,1.0,1,0
2016_2017,Tottenham,Arsenal,4.0,4.0,2,3,0,0,0.0,-1,0
2016_2017,Watford,Liverpool,9.0,8.0,1,1,0,0,1.0,0,0
2016_2017,West Ham,Tottenham,6.0,5.0,2,3,0,0,1.0,-1,0
2016_2017,Bournemouth,Stoke,7.0,7.0,2,2,0,0,0.0,0,0
2016_2017,Burnley,West Brom,7.0,7.0,2,1,0,0,0.0,1,0
2016_2017,Hull,Sunderland,7.0,7.0,2,2,0,0,0.0,0,0
2016_2017,Leicester,Watford,7.0,5.0,2,2,0,0,2.0,0,0
2016_2017,Man City,Crystal Palace,6.0,7.0,3,3,0,0,-1.0,0,0
2016_2017,Swansea,Everton,6.0,6.0,2,2,0,0,0.0,0,0
2016_2017,Arsenal,Man United,7.0,3.0,3,4,0,1,4.0,-1,-1
2016_2017,Liverpool,Southampton,6.0,8.0,2,2,0,0,-2.0,0,0
2016_2017,Chelsea,Middlesbrough,8.0,8.0,2,2,0,0,0.0,0,0
2016_2017,Southampton,Arsenal,3.0,3.0,2,3,0,0,0.0,-1,0
2016_2017,Everton,Watford,6.0,6.0,2,2,0,0,0.0,0,0
2016_2017,West Brom,Chelsea,6.0,4.0,2,2,0,0,2.0,0,0
2016_2017,Bournemouth,Burnley,7.0,7.0,2,2,0,0,0.0,0,0
2016_2017,Man City,Leicester,7.0,7.0,2,2,0,0,0.0,0,0
2016_2017,Middlesbrough,Southampton,5.0,3.0,2,3,0,0,2.0,-1,0
2016_2017,Stoke,Arsenal,7.0,3.0,2,3,0,0,4.0,-1,0
2016_2017,Sunderland,Swansea,7.0,7.0,2,2,0,0,0.0,0,0
2016_2017,Crystal Palace,Hull,8.0,8.0,1,1,0,0,0.0,0,0
2016_2017,Tottenham,Man United,9.0,3.0,2,4,0,1,6.0,-2,-1
2016_2017,West Ham,Liverpool,9.0,7.0,1,2,0,0,2.0,-1,0
2016_2017,Chelsea,Watford,3.0,3.0,2,3,0,0,0.0,-1,0
2016_2017,Arsenal,Sunderland,3.0,3.0,3,2,0,0,0.0,1,0
2016_2017,Man City,West Brom,3.0,4.0,2,2,0,0,-1.0,0,0
2016_2017,Southampton,Man United,4.0,3.0,3,4,0,0,1.0,-1,0
2016_2017,Leicester,Tottenham,5.0,4.0,2,2,0,0,1.0,0,0
2016_2017,Arsenal,Everton,5.0,9.0,4,1,0,0,-4.0,3,0
2016_2017,Burnley,West Ham,8.0,7.0,1,1,0,0,1.0,0,0
2016_2017,Chelsea,Sunderland,6.0,5.0,3,2,0,0,1.0,1,0
2016_2017,Hull,Tottenham,7.0,3.0,1,2,0,0,4.0,-1,0
2016_2017,Leicester,Bournemouth,3.0,8.0,2,1,0,0,-5.0,1,0
2016_2017,Liverpool,Middlesbrough,7.0,8.0,2,2,0,0,-1.0,0,0
2016_2017,Man United,Crystal Palace,4.0,7.0,4,1,0,0,-3.0,3,0
2016_2017,Southampton,Stoke,4.0,8.0,4,1,0,0,-4.0,3,0
2016_2017,Swansea,West Brom,8.0,5.0,1,2,0,0,3.0,-1,0
2016_2017,Watford,Man City,6.0,5.0,2,2,0,0,1.0,0,0
2017_2018,Arsenal,Leicester,60.0,60.0,0,0,0,0,0.0,0,0
2017_2018,Brighton,Man City,60.0,60.0,0,0,0,0,0.0,0,0
2017_2018,Chelsea,Burnley,60.0,60.0,0,0,0,0,0.0,0,0
2017_2018,Crystal Palace,Huddersfield,60.0,60.0,0,0,0,0,0.0,0,0
2017_2018,Everton,Stoke,60.0,60.0,0,0,0,0,0.0,0,0
2017_2018,Southampton,Swansea,60.0,60.0,0,0,0,0,0.0,0,0
2017_2018,Watford,Liverpool,60.0,60.0,0,0,0,0,0.0,0,0
2017_2018,West Brom,Bournemouth,60.0,60.0,0,0,0,0,0.0,0,0
2017_2018,Man United,West Ham,60.0,60.0,0,0,0,0,0.0,0,0
2017_2018,Newcastle,Tottenham,60.0,60.0,0,0,0,0,0.0,0,0
2017_2018,Bournemouth,Watford,7.0,7.0,1,1,0,0,0.0,0,0
2017_2018,Burnley,West Brom,7.0,7.0,1,1,0,0,0.0,0,0
2017_2018,Leicester,Brighton,8.0,7.0,1,1,0,0,1.0,0,0
2017_2018,Liverpool,Crystal Palace,7.0,7.0,1,1,0,0,0.0,0,0
2017_2018,Southampton,West Ham,7.0,6.0,1,1,0,0,1.0,0,0
2017_2018,Stoke,Arsenal,7.0,8.0,1,1,0,0,-1.0,0,0
2017_2018,Swansea,Man United,7.0,6.0,1,1,0,0,1.0,0,0
2017_2018,Huddersfield,Newcastle,8.0,7.0,1,1,0,0,1.0,0,0
2017_2018,Tottenham,Chelsea,7.0,8.0,1,1,0,0,-1.0,0,0
2017_2018,Man City,Everton,9.0,9.0,1,1,0,0,0.0,0,0
2017_2018,Bournemouth,Man City,4.0,5.0,3,2,0,0,-1.0,1,0
2017_2018,Crystal Palace,Swansea,4.0,4.0,3,3,0,0,0.0,0,0
2017_2018,Huddersfield,Southampton,3.0,3.0,3,3,0,0,0.0,0,0
2017_2018,Man United,Leicester,7.0,4.0,2,2,0,0,3.0,0,0
2017_2018,Newcastle,West Ham,3.0,3.0,3,3,0,0,0.0,0,0
2017_2018,Watford,Brighton,4.0,4.0,3,3,0,0,0.0,0,0
2017_2018,Chelsea,Everton,7.0,6.0,1,1,0,0,1.0,0,0
2017_2018,Liverpool,Arsenal,8.0,8.0,1,1,0,0,0.0,0,0
2017_2018,Tottenham,Burnley,7.0,4.0,2,2,0,0,3.0,0,0
2017_2018,West Brom,Stoke,5.0,4.0,2,2,0,0,1.0,0,0
2017_2018,Arsenal,Bournemouth,13.0,14.0,1,1,0,0,-1.0,0,0
2017_2018,Brighton,West Brom,14.0,13.0,1,1,0,0,1.0,0,0
2017_2018,Everton,Tottenham,13.0,13.0,1,1,0,0,0.0,0,0
2017_2018,Leicester,Chelsea,14.0,13.0,1,1,0,0,1.0,0,0
2017_2018,Man City,Liverpool,14.0,13.0,1,1,0,0,1.0,0,0
2017_2018,Southampton,Watford,14.0,14.0,1,1,0,0,0.0,0,0
2017_2018,Stoke,Man United,13.0,14.0,1,1,0,0,-1.0,0,0
2017_2018,Burnley,Crystal Palace,14.0,15.0,1,0,0,0,-1.0,1,0
2017_2018,Swansea,Newcastle,15.0,15.0,0,0,0,0,0.0,0,0
2017_2018,West Ham,Huddersfield,16.0,16.0,0,0,0,0,0.0,0,0
2017_2018,Bournemouth,Brighton,6.0,6.0,1,1,0,0,0.0,0,0
2017_2018,Crystal Palace,Southampton,6.0,7.0,1,1,0,0,-1.0,0,0
2017_2018,Huddersfield,Leicester,5.0,7.0,1,1,0,0,-2.0,0,0
2017_2018,Liverpool,Burnley,3.0,6.0,2,1,1,0,-3.0,1,1
2017_2018,Newcastle,Stoke,6.0,7.0,1,1,0,0,-1.0,0,0
2017_2018,Tottenham,Swansea,3.0,6.0,2,1,1,0,-3.0,1,1
2017_2018,Watford,Man City,7.0,3.0,1,2,0,1,4.0,-1,-1
2017_2018,West Brom,West Ham,7.0,5.0,1,1,0,0,2.0,0,0
2017_2018,Chelsea,Arsenal,5.0,3.0,2,2,1,1,2.0,0,0
2017_2018,Man United,Everton,5.0,3.0,2,2,1,1,2.0,0,0
2017_2018,Burnley,Huddersfield,4.0,4.0,3,3,0,0,0.0,0,0
2017_2018,Everton,Bournemouth,3.0,4.0,4,3,0,0,-1.0,1,0
2017_2018,Leicester,Liverpool,4.0,4.0,3,4,0,0,0.0,-1,0
2017_2018,Man City,Crystal Palace,3.0,4.0,4,3,0,0,-1.0,1,0
2017_2018,Southampton,Man United,7.0,3.0,2,4,0,0,4.0,-2,0
2017_2018,Stoke,Chelsea,4.0,3.0,3,4,0,0,1.0,-1,0
2017_2018,Swansea,Watford,4.0,7.0,3,2,0,0,-3.0,1,0
2017_2018,West Ham,Tottenham,4.0,4.0,3,4,0,0,0.0,-1,0
2017_2018,Brighton,Newcastle,5.0,8.0,2,2,0,0,-3.0,0,0
2017_2018,Arsenal,West Brom,5.0,5.0,3,2,0,0,0.0,1,0
2017_2018,Bournemouth,Leicester,7.0,7.0,2,3,0,0,0.0,-1,0
2017_2018,Chelsea,Man City,3.0,4.0,4,4,1,1,-1.0,0,0
2017_2018,Huddersfield,Tottenham,7.0,4.0,3,4,0,1,3.0,-1,-1
2017_2018,Man United,Crystal Palace,2.0,7.0,4,3,1,0,-5.0,1,1
2017_2018,Stoke,Southampton,7.0,7.0,3,2,0,0,0.0,1,0
2017_2018,West Brom,Watford,5.0,7.0,3,2,0,0,-2.0,1,0
2017_2018,West Ham,Swansea,7.0,7.0,3,3,0,0,0.0,0,0
2017_2018,Arsenal,Brighton,3.0,7.0,4,2,1,0,-4.0,2,1
2017_2018,Everton,Burnley,3.0,8.0,4,2,1,0,-5.0,2,1
2017_2018,Newcastle,Liverpool,7.0,5.0,1,3,0,1,2.0,-2,-1
2017_2018,Burnley,West Ham,13.0,14.0,1,1,0,0,-1.0,0,0
2017_2018,Crystal Palace,Chelsea,14.0,14.0,1,1,0,0,0.0,0,0
2017_2018,Liverpool,Man United,13.0,14.0,1,1,0,0,-1.0,0,0
2017_2018,Man City,Stoke,14.0,14.0,1,1,0,0,0.0,0,0
2017_2018,Swansea,Huddersfield,14.0,14.0,1,1,0,0,0.0,0,0
2017_2018,Tottenham,Bournemouth,14.0,14.0,1,1,0,0,0.0,0,0
2017_2018,Watford,Arsenal,14.0,13.0,1,1,0,0,1.0,0,0
2017_2018,Brighton,Everton,14.0,14.0,1,1,0,0,0.0,0,0
2017_2018,Southampton,Newcastle,15.0,14.0,0,1,0,0,1.0,-1,0
2017_2018,Leicester,West Brom,16.0,16.0,0,0,0,0,0.0,0,0
2017_2018,West Ham,Brighton,6.0,5.0,1,1,0,0,1.0,0,0
2017_2018,Chelsea,Watford,3.0,7.0,2,1,1,0,-4.0,1,1
2017_2018,Huddersfield,Man United,7.0,3.0,1,2,0,1,4.0,-1,-1
2017_2018,Man City,Burnley,4.0,7.0,2,1,1,0,-3.0,1,1
2017_2018,Newcastle,Crystal Palace,6.0,7.0,1,1,0,0,-1.0,0,0
2017_2018,Southampton,West Brom,6.0,5.0,1,1,0,0,1.0,0,0
2017_2018,Stoke,Bournemouth,7.0,7.0,1,1,0,0,0.0,0,0
2017_2018,Swansea,Leicester,7.0,5.0,1,1,0,0,2.0,0,0
2017_2018,Everton,Arsenal,3.0,3.0,2,2,1,1,0.0,0,0
2017_2018,Tottenham,Liverpool,5.0,5.0,2,2,1,1,0.0,0,0
2017_2018,Arsenal,Swansea,4.0,4.0,4,3,0,0,0.0,1,0
2017_2018,Bournemouth,Chelsea,4.0,3.0,3,4,0,0,1.0,-1,0
2017_2018,Crystal Palace,West Ham,4.0,3.0,3,3,0,0,1.0,0,0
2017_2018,Liverpool,Huddersfield,6.0,7.0,3,2,0,0,-1.0,1,0
2017_2018,Man United,Tottenham,4.0,3.0,4,4,0,0,1.0,0,0
2017_2018,Watford,Stoke,7.0,7.0,2,2,0,0,0.0,0,0
2017_2018,West Brom,Man City,7.0,4.0,2,4,0,0,3.0,-2,0
2017_2018,Brighton,Southampton,9.0,8.0,2,2,0,0,1.0,0,0
2017_2018,Leicester,Everton,5.0,4.0,3,4,0,0,1.0,-1,0
2017_2018,Burnley,Newcastle,9.0,9.0,1,1,0,0,0.0,0,0
2017_2018,Huddersfield,West Brom,7.0,7.0,2,2,0,0,0.0,0,0
2017_2018,Newcastle,Bournemouth,5.0,7.0,2,3,0,0,-2.0,-1,0
2017_2018,Southampton,Burnley,6.0,5.0,2,2,0,0,1.0,0,0
2017_2018,Stoke,Leicester,7.0,6.0,2,3,0,0,1.0,-1,0
2017_2018,Swansea,Brighton,7.0,6.0,3,1,0,0,1.0,2,0
2017_2018,West Ham,Liverpool,7.0,3.0,2,3,0,1,4.0,-1,-1
2017_2018,Chelsea,Man United,5.0,5.0,3,3,1,1,0.0,0,0
2017_2018,Everton,Watford,3.0,8.0,4,1,1,0,-5.0,3,1
2017_2018,Man City,Arsenal,4.0,3.0,3,4,1,1,1.0,-1,0
2017_2018,Tottenham,Crystal Palace,4.0,8.0,4,2,1,0,-4.0,2,1
2017_2018,Arsenal,Tottenham,13.0,13.0,1,1,0,0,0.0,0,0
2017_2018,Bournemouth,Huddersfield,14.0,14.0,1,1,0,0,0.0,0,0
2017_2018,Burnley,Swansea,14.0,14.0,1,1,0,0,0.0,0,0
2017_2018,Crystal Palace,Everton,13.0,13.0,1,1,0,0,0.0,0,0
2017_2018,Leicester,Man City,14.0,13.0,1,1,0,0,1.0,0,0
2017_2018,Liverpool,Southampton,14.0,14.0,1,1,0,0,0.0,0,0
2017_2018,Man United,Newcastle,13.0,14.0,1,1,0,0,-1.0,0,0
2017_2018,West Brom,Chelsea,14.0,13.0,1,1,0,0,1.0,0,0
2017_2018,Watford,West Ham,14.0,15.0,1,0,0,0,-1.0,1,0
2017_2018,Brighton,Stoke,16.0,16.0,0,0,0,0,0.0,0,0
2017_2018,West Ham,Leicester,5.0,6.0,1,1,0,0,-1.0,0,0
2017_2018,Crystal Palace,Stoke,7.0,5.0,1,1,0,0,2.0,0,0
2017_2018,Liverpool,Chelsea,4.0,3.0,2,2,1,1,1.0,0,0
2017_2018,Man United,Brighton,3.0,5.0,2,1,1,0,-2.0,1,1
2017_2018,Newcastle,Watford,7.0,6.0,1,1,0,0,1.0,0,0
2017_2018,Swansea,Bournemouth,7.0,7.0,1,1,0,0,0.0,0,0
2017_2018,Tottenham,West Brom,4.0,7.0,2,1,1,0,-3.0,1,1
2017_2018,Burnley,Arsenal,8.0,3.0,1,2,0,1,5.0,-1,-1
2017_2018,Huddersfield,Man City,8.0,5.0,1,2,0,1,3.0,-1,-1
2017_2018,Southampton,Everton,8.0,3.0,1,2,0,1,5.0,-1,-1
2017_2018,Brighton,Crystal Palace,3.0,3.0,2,2,0,0,0.0,0,0
2017_2018,Leicester,Tottenham,4.0,3.0,2,3,0,0,1.0,-1,0
2017_2018,Watford,Man United,3.0,3.0,2,3,0,0,0.0,-1,0
2017_2018,West Brom,Newcastle,3.0,3.0,2,2,0,0,0.0,0,0
2017_2018,Arsenal,Huddersfield,3.0,3.0,3,2,0,0,0.0,1,0
2017_2018,Bournemouth,Burnley,4.0,3.0,2,2,0,0,1.0,0,0
2017_2018,Chelsea,Swansea,4.0,4.0,3,2,0,0,0.0,1,0
2017_2018,Everton,West Ham,3.0,5.0,3,2,0,0,-2.0,1,0
2017_2018,Man City,Southampton,3.0,3.0,3,2,0,0,0.0,1,0
2017_2018,Stoke,Liverpool,4.0,4.0,2,3,0,0,0.0,-1,0
2017_2018,Arsenal,Man United,3.0,4.0,4,4,0,0,-1.0,0,0
2017_2018,Brighton,Liverpool,4.0,3.0,3,4,0,0,1.0,-1,0
2017_2018,Chelsea,Newcastle,3.0,4.0,4,3,0,0,-1.0,1,0
2017_2018,Everton,Huddersfield,3.0,3.0,4,3,0,0,0.0,1,0
2017_2018,Leicester,Burnley,4.0,3.0,3,3,0,0,1.0,0,0
2017_2018,Stoke,Swansea,3.0,3.0,3,3,0,0,0.0,0,0
2017_2018,Watford,Tottenham,4.0,4.0,3,4,0,0,0.0,-1,0
2017_2018,West Brom,Crystal Palace,4.0,4.0,3,3,0,0,0.0,0,0
2017_2018,Bournemouth,Southampton,4.0,4.0,2,2,0,0,0.0,0,0
2017_2018,Man City,West Ham,4.0,4.0,3,3,0,0,0.0,0,0
2017_2018,Burnley,Watford,7.0,7.0,3,3,0,0,0.0,0,0
2017_2018,Crystal Palace,Bournemouth,7.0,6.0,3,3,0,0,1.0,0,0
2017_2018,Huddersfield,Brighton,7.0,7.0,3,3,0,0,0.0,0,0
2017_2018,Newcastle,Leicester,7.0,7.0,3,2,0,0,0.0,1,0
2017_2018,Swansea,West Brom,7.0,7.0,3,3,0,0,0.0,0,0
2017_2018,Tottenham,Stoke,3.0,7.0,4,3,1,0,-4.0,1,1
2017_2018,West Ham,Chelsea,6.0,4.0,2,4,0,1,2.0,-2,-1
2017_2018,Liverpool,Everton,4.0,3.0,3,4,1,1,1.0,-1,0
2017_2018,Man United,Man City,5.0,4.0,3,4,1,1,1.0,-1,0
2017_2018,Southampton,Arsenal,7.0,3.0,3,4,0,1,4.0,-1,-1
2017_2018,Burnley,Stoke,3.0,3.0,3,3,0,0,0.0,0,0
2017_2018,Crystal Palace,Watford,3.0,3.0,3,3,0,0,0.0,0,0
2017_2018,Huddersfield,Chelsea,3.0,3.0,3,4,0,0,0.0,-1,0
2017_2018,Liverpool,West Brom,3.0,4.0,4,2,0,0,-1.0,2,0
2017_2018,Man United,Bournemouth,3.0,4.0,3,3,0,0,-1.0,0,0
2017_2018,Newcastle,Everton,4.0,3.0,2,4,0,0,1.0,-2,0
2017_2018,Southampton,Leicester,3.0,4.0,3,2,0,0,-1.0,1,0
2017_2018,Swansea,Man City,4.0,3.0,3,4,0,0,1.0,-1,0
2017_2018,Tottenham,Brighton,4.0,4.0,3,2,0,0,0.0,1,0
2017_2018,West Ham,Arsenal,4.0,3.0,3,4,0,0,1.0,-1,0
2017_2018,Arsenal,Newcastle,3.0,3.0,4,3,0,0,0.0,1,0
2017_2018,Brighton,Burnley,3.0,4.0,3,3,0,0,-1.0,0,0
2017_2018,Chelsea,Southampton,4.0,3.0,4,3,0,0,1.0,1,0
2017_2018,Leicester,Crystal Palace,3.0,4.0,3,3,0,0,-1.0,0,0
2017_2018,Man City,Tottenham,3.0,3.0,4,4,0,0,0.0,0,0
2017_2018,Stoke,West Ham,4.0,3.0,3,3,0,0,1.0,0,0
2017_2018,Watford,Huddersfield,4.0,4.0,3,3,0,0,0.0,0,0
2017_2018,Bournemouth,Liverpool,4.0,4.0,3,3,0,0,0.0,0,0
2017_2018,West Brom,Man United,4.0,4.0,2,3,0,0,0.0,-1,0
2017_2018,Everton,Swansea,5.0,5.0,3,2,0,0,0.0,1,0
2017_2018,Arsenal,Liverpool,3.0,5.0,4,3,0,0,-2.0,1,0
2017_2018,Brighton,Watford,7.0,7.0,3,3,0,0,0.0,0,0
2017_2018,Burnley,Tottenham,7.0,7.0,3,3,0,0,0.0,0,0
2017_2018,Everton,Chelsea,5.0,3.0,3,4,0,0,2.0,-1,0
2017_2018,Leicester,Man United,4.0,3.0,4,4,0,0,1.0,0,0
2017_2018,Man City,Bournemouth,4.0,3.0,4,4,0,0,1.0,0,0
2017_2018,Southampton,Huddersfield,7.0,7.0,3,3,0,0,0.0,0,0
2017_2018,Stoke,West Brom,7.0,6.0,3,3,0,0,1.0,0,0
2017_2018,Swansea,Crystal Palace,5.0,7.0,3,3,0,0,-2.0,0,0
2017_2018,West Ham,Newcastle,4.0,7.0,4,3,0,0,-3.0,1,0
2017_2018,Bournemouth,West Ham,3.0,3.0,4,4,0,0,0.0,0,0
2017_2018,Chelsea,Brighton,3.0,3.0,4,3,0,0,0.0,1,0
2017_2018,Huddersfield,Stoke,3.0,3.0,3,3,0,0,0.0,0,0
2017_2018,Liverpool,Swansea,4.0,3.0,3,3,0,0,1.0,0,0
2017_2018,Man United,Burnley,3.0,3.0,4,3,0,0,0.0,1,0
2017_2018,Tottenham,Southampton,3.0,3.0,3,3,0,0,0.0,0,0
2017_2018,Watford,Leicester,3.0,3.0,3,4,0,0,0.0,-1,0
2017_2018,West Brom,Everton,3.0,3.0,3,3,0,0,0.0,0,0
2017_2018,Newcastle,Man City,4.0,4.0,3,4,0,0,0.0,-1,0
2017_2018,Crystal Palace,Arsenal,5.0,6.0,2,3,0,0,-1.0,-1,0
2017_2018,Bournemouth,Everton,4.0,4.0,4,3,0,0,0.0,1,0
2017_2018,Chelsea,Stoke,4.0,4.0,4,3,0,0,0.0,1,0
2017_2018,Huddersfield,Burnley,4.0,4.0,3,3,0,0,0.0,0,0
2017_2018,Liverpool,Leicester,4.0,4.0,3,4,0,0,0.0,-1,0
2017_2018,Man United,Southampton,4.0,4.0,4,3,0,0,0.0,1,0
2017_2018,Newcastle,Brighton,3.0,4.0,3,3,0,0,-1.0,0,0
2017_2018,Watford,Swansea,4.0,4.0,3,3,0,0,0.0,0,0
2017_2018,Crystal Palace,Man City,3.0,4.0,2,3,0,0,-1.0,-1,0
2017_2018,West Brom,Arsenal,5.0,3.0,3,3,0,0,2.0,0,0
2017_2018,Brighton,Bournemouth,2.0,2.0,3,4,0,0,0.0,-1,0
2017_2018,Burnley,Liverpool,2.0,2.0,3,3,0,0,0.0,0,0
2017_2018,Everton,Man United,2.0,2.0,4,4,0,0,0.0,0,0
2017_2018,Leicester,Huddersfield,2.0,2.0,4,3,0,0,0.0,1,0
2017_2018,Stoke,Newcastle,2.0,2.0,3,3,0,0,0.0,0,0
2017_2018,Man City,Watford,2.0,3.0,4,3,0,0,-1.0,1,0
2017_2018,Southampton,Crystal Palace,3.0,2.0,3,3,0,0,1.0,0,0
2017_2018,Swansea,Tottenham,3.0,7.0,3,2,0,0,-4.0,1,0
2017_2018,West Ham,West Brom,7.0,2.0,3,3,0,0,5.0,0,0
2017_2018,Arsenal,Chelsea,3.0,4.0,3,4,0,0,-1.0,-1,0
2017_2018,Tottenham,West Ham,2.0,2.0,3,3,0,0,0.0,0,0
2017_2018,Chelsea,Leicester,3.0,7.0,4,3,0,0,-4.0,1,0
2017_2018,Crystal Palace,Burnley,5.0,7.0,3,3,0,0,-2.0,0,0
2017_2018,Huddersfield,West Ham,7.0,6.0,3,3,0,0,1.0,0,0
2017_2018,Newcastle,Swansea,7.0,7.0,3,3,0,0,0.0,0,0
2017_2018,Tottenham,Everton,6.0,8.0,3,3,0,0,-2.0,0,0
2017_2018,Watford,Southampton,7.0,7.0,3,3,0,0,0.0,0,0
2017_2018,West Brom,Brighton,7.0,5.0,3,3,0,0,2.0,0,0
2017_2018,Bournemouth,Arsenal,8.0,4.0,2,4,0,0,4.0,-2,0
2017_2018,Liverpool,Man City,9.0,5.0,2,4,0,0,4.0,-2,0
2017_2018,Man United,Stoke,10.0,9.0,2,2,0,0,1.0,0,0
2017_2018,Arsenal,Crystal Palace,6.0,7.0,3,2,0,0,-1.0,1,0
2017_2018,Brighton,Chelsea,7.0,3.0,2,4,0,0,4.0,-2,0
2017_2018,Burnley,Man United,7.0,5.0,2,1,0,0,2.0,1,0
2017_2018,Everton,West Brom,7.0,7.0,1,2,0,0,0.0,-1,0
2017_2018,Leicester,Watford,4.0,7.0,3,2,0,0,-3.0,1,0
2017_2018,Man City,Newcastle,6.0,7.0,3,2,0,0,-1.0,1,0
2017_2018,Stoke,Huddersfield,5.0,7.0,2,2,0,0,-2.0,0,0
2017_2018,West Ham,Bournemouth,4.0,3.0,3,3,0,0,1.0,0,0
2017_2018,Southampton,Tottenham,8.0,8.0,1,2,0,0,0.0,-1,0
2017_2018,Swansea,Liverpool,5.0,8.0,2,1,0,0,-3.0,1,0
2017_2018,Huddersfield,Liverpool,3.0,3.0,2,2,0,0,0.0,0,0
2017_2018,Swansea,Arsenal,3.0,6.0,3,2,0,0,-3.0,1,0
2017_2018,West Ham,Crystal Palace,3.0,10.0,3,1,0,0,-7.0,2,0
2017_2018,Chelsea,Bournemouth,3.0,11.0,4,2,0,0,-8.0,2,0
2017_2018,Everton,Leicester,11.0,4.0,1,2,0,0,7.0,-1,0
2017_2018,Man City,West Brom,3.0,4.0,3,2,0,0,-1.0,1,0
2017_2018,Newcastle,Burnley,3.0,11.0,2,1,0,0,-8.0,1,0
2017_2018,Southampton,Brighton,4.0,4.0,2,2,0,0,0.0,0,0
2017_2018,Stoke,Watford,11.0,4.0,1,2,0,0,7.0,-1,0
2017_2018,Tottenham,Man United,4.0,5.0,2,2,0,0,-1.0,0,0
2017_2018,Arsenal,Everton,4.0,3.0,3,2,0,0,1.0,1,0
2017_2018,Bournemouth,Stoke,3.0,3.0,2,2,0,0,0.0,0,0
2017_2018,Brighton,West Ham,3.0,4.0,3,3,0,0,-1.0,0,0
2017_2018,Burnley,Man City,3.0,3.0,2,4,0,0,0.0,-2,0
2017_2018,Leicester,Swansea,3.0,4.0,3,3,0,0,-1.0,0,0
2017_2018,Man United,Huddersfield,3.0,4.0,3,3,0,0,-1.0,0,0
2017_2018,West Brom,Southampton,3.0,3.0,3,3,0,0,0.0,0,0
2017_2018,Crystal Palace,Newcastle,5.0,4.0,1,2,0,0,1.0,-1,0
2017_2018,Liverpool,Tottenham,5.0,4.0,3,3,0,0,1.0,0,0
2017_2018,Watford,Chelsea,5.0,5.0,2,3,0,0,0.0,-1,0
2017_2018,Everton,Crystal Palace,7.0,6.0,2,2,0,0,1.0,0,0
2017_2018,Man City,Leicester,7.0,7.0,3,3,0,0,0.0,0,0
2017_2018,Stoke,Brighton,7.0,7.0,2,3,0,0,0.0,-1,0
2017_2018,Swansea,Burnley,4.0,7.0,4,2,0,0,-3.0,2,0
2017_2018,Tottenham,Arsenal,3.0,7.0,4,2,0,0,-4.0,2,0
2017_2018,West Ham,Watford,7.0,5.0,3,3,0,0,2.0,0,0
2017_2018,Huddersfield,Bournemouth,5.0,8.0,3,2,0,0,-3.0,1,0
2017_2018,Newcastle,Man United,7.0,8.0,3,2,0,0,-1.0,1,0
2017_2018,Southampton,Liverpool,8.0,7.0,2,2,0,0,1.0,0,0
2017_2018,Chelsea,West Brom,7.0,9.0,2,2,0,0,-2.0,0,0
2017_2018,Bournemouth,Newcastle,13.0,13.0,1,1,0,0,0.0,0,0
2017_2018,Brighton,Swansea,7.0,7.0,2,2,0,0,0.0,0,0
2017_2018,Burnley,Southampton,14.0,7.0,1,2,0,0,7.0,-1,0
2017_2018,Leicester,Stoke,8.0,14.0,2,1,0,0,-6.0,1,0
2017_2018,Liverpool,West Ham,10.0,14.0,2,1,0,0,-4.0,1,0
2017_2018,Watford,Everton,14.0,14.0,1,1,0,0,0.0,0,0
2017_2018,West Brom,Huddersfield,7.0,7.0,2,2,0,0,0.0,0,0
2017_2018,Crystal Palace,Tottenham,15.0,7.0,0,2,0,0,8.0,-2,0
2017_2018,Man United,Chelsea,4.0,5.0,3,3,1,1,-1.0,0,0
2017_2018,Arsenal,Man City,4.0,4.0,3,2,0,0,0.0,1,0
2017_2018,Burnley,Everton,7.0,7.0,1,1,0,0,0.0,0,0
2017_2018,Leicester,Bournemouth,7.0,7.0,1,1,0,0,0.0,0,0
2017_2018,Liverpool,Newcastle,7.0,7.0,1,1,0,0,0.0,0,0
2017_2018,Southampton,Stoke,7.0,7.0,2,1,0,0,0.0,1,0
2017_2018,Swansea,West Ham,4.0,7.0,3,1,0,0,-3.0,2,0
2017_2018,Tottenham,Huddersfield,3.0,7.0,3,2,0,0,-4.0,1,0
2017_2018,Watford,West Brom,7.0,7.0,1,2,0,0,0.0,-1,0
2017_2018,Brighton,Arsenal,8.0,3.0,1,3,0,0,5.0,-2,0
2017_2018,Man City,Chelsea,3.0,7.0,3,2,0,0,-4.0,1,0
2017_2018,Crystal Palace,Man United,8.0,8.0,1,2,0,0,0.0,-1,0
2017_2018,Chelsea,Crystal Palace,6.0,5.0,2,2,0,0,1.0,0,0
2017_2018,Everton,Brighton,7.0,6.0,2,2,0,0,1.0,0,0
2017_2018,Huddersfield,Swansea,7.0,7.0,2,3,0,0,0.0,-1,0
2017_2018,Man United,Liverpool,5.0,4.0,2,3,0,1,1.0,-1,-1
2017_2018,Newcastle,Southampton,7.0,7.0,2,2,0,0,0.0,0,0
2017_2018,West Brom,Leicester,7.0,7.0,2,2,0,0,0.0,0,0
2017_2018,West Ham,Burnley,7.0,7.0,2,2,0,0,0.0,0,0
2017_2018,Arsenal,Watford,3.0,8.0,4,1,1,0,-5.0,3,1
2017_2018,Bournemouth,Tottenham,8.0,4.0,1,4,0,1,4.0,-3,-1
2017_2018,Stoke,Man City,9.0,5.0,1,3,0,1,4.0,-2,-1
2017_2018,Bournemouth,West Brom,6.0,7.0,2,2,0,0,-1.0,0,0
2017_2018,Huddersfield,Crystal Palace,7.0,7.0,2,2,0,0,0.0,0,0
2017_2018,Liverpool,Watford,7.0,6.0,3,2,0,0,1.0,1,0
2017_2018,Stoke,Everton,5.0,7.0,2,2,0,0,-2.0,0,0
2017_2018,Brighton,Leicester,14.0,13.0,1,1,0,0,1.0,0,0
2017_2018,Crystal Palace,Liverpool,14.0,14.0,1,1,0,0,0.0,0,0
2017_2018,Everton,Man City,14.0,19.0,1,0,0,0,-5.0,1,0
2017_2018,Man United,Swansea,14.0,14.0,1,1,0,0,0.0,0,0
2017_2018,Newcastle,Huddersfield,21.0,14.0,0,1,0,0,7.0,-1,0
2017_2018,Watford,Bournemouth,14.0,14.0,1,1,0,0,0.0,0,0
2017_2018,West Brom,Burnley,14.0,21.0,1,0,0,0,-7.0,1,0
2017_2018,West Ham,Southampton,21.0,13.0,0,1,0,0,8.0,-1,0
2017_2018,Arsenal,Stoke,17.0,15.0,0,0,0,0,2.0,0,0
2017_2018,Chelsea,Tottenham,14.0,15.0,1,0,0,0,-1.0,1,0
2017_2018,Bournemouth,Crystal Palace,7.0,7.0,1,1,0,0,0.0,0,0
2017_2018,Brighton,Huddersfield,7.0,7.0,1,1,0,0,0.0,0,0
2017_2018,Everton,Liverpool,7.0,3.0,1,2,0,1,4.0,-1,-1
2017_2018,Leicester,Newcastle,7.0,7.0,1,1,0,0,0.0,0,0
2017_2018,Man City,Man United,3.0,7.0,2,1,1,0,-4.0,1,1
2017_2018,Stoke,Tottenham,6.0,6.0,1,1,0,0,0.0,0,0
2017_2018,Watford,Burnley,7.0,7.0,1,1,0,0,0.0,0,0
2017_2018,West Brom,Swansea,7.0,7.0,1,1,0,0,0.0,0,0
2017_2018,Arsenal,Southampton,3.0,8.0,2,1,1,0,-5.0,1,1
2017_2018,Chelsea,West Ham,7.0,8.0,1,1,0,0,-1.0,0,0
2017_2018,Burnley,Leicester,7.0,7.0,2,2,0,0,0.0,0,0
2017_2018,Crystal Palace,Brighton,7.0,7.0,2,2,0,0,0.0,0,0
2017_2018,Huddersfield,Watford,7.0,7.0,2,2,0,0,0.0,0,0
2017_2018,Liverpool,Bournemouth,4.0,7.0,4,2,1,0,-3.0,2,1
2017_2018,Southampton,Chelsea,6.0,6.0,2,2,0,0,0.0,0,0
2017_2018,Swansea,Everton,7.0,7.0,2,2,0,0,0.0,0,0
2017_2018,Tottenham,Man City,7.0,4.0,2,4,0,1,3.0,-2,-1
2017_2018,Man United,West Brom,8.0,8.0,1,1,0,0,0.0,0,0
2017_2018,Newcastle,Arsenal,8.0,3.0,1,4,0,1,5.0,-3,-1
2017_2018,West Ham,Stoke,8.0,9.0,1,1,0,0,-1.0,0,0
2017_2018,Brighton,Tottenham,3.0,3.0,2,2,0,0,0.0,0,0
2017_2018,Bournemouth,Man United,4.0,3.0,2,2,0,0,1.0,0,0
2017_2018,Burnley,Chelsea,5.0,5.0,2,2,0,0,0.0,0,0
2017_2018,Leicester,Southampton,5.0,5.0,2,2,0,0,0.0,0,0
2017_2018,Watford,Crystal Palace,7.0,7.0,2,2,0,0,0.0,0,0
2017_2018,West Brom,Liverpool,6.0,7.0,2,3,0,0,-1.0,-1,0
2017_2018,Arsenal,West Ham,7.0,6.0,3,2,0,0,1.0,1,0
2017_2018,Man City,Swansea,8.0,8.0,2,1,0,0,0.0,1,0
2017_2018,Stoke,Burnley,6.0,3.0,1,2,0,0,3.0,-1,0
2017_2018,Everton,Newcastle,9.0,8.0,1,1,0,0,1.0,0,0
2017_2018,Burnley,Brighton,6.0,11.0,3,2,0,0,-5.0,1,0
2017_2018,Crystal Palace,Leicester,7.0,9.0,2,2,0,0,-2.0,0,0
2017_2018,Huddersfield,Everton,14.0,5.0,1,2,0,0,9.0,-1,0
2017_2018,Liverpool,Stoke,4.0,6.0,3,2,1,0,-2.0,1,1
2017_2018,Newcastle,West Brom,5.0,7.0,2,2,0,0,-2.0,0,0
2017_2018,Southampton,Bournemouth,6.0,10.0,3,2,0,0,-4.0,1,0
2017_2018,Swansea,Chelsea,6.0,6.0,2,3,0,0,0.0,-1,0
2017_2018,Man United,Arsenal,8.0,3.0,3,3,0,1,5.0,0,-1
2017_2018,West Ham,Man City,7.0,7.0,2,1,0,0,0.0,1,0
2017_2018,Tottenham,Watford,9.0,9.0,2,1,0,0,0.0,1,0
2017_2018,Brighton,Man United,6.0,5.0,1,2,0,0,1.0,-1,0
2017_2018,Bournemouth,Swansea,7.0,7.0,1,2,0,0,0.0,-1,0
2017_2018,Everton,Southampton,7.0,7.0,2,2,0,0,0.0,0,0
2017_2018,Leicester,West Ham,7.0,6.0,1,2,0,0,1.0,-1,0
2017_2018,Stoke,Crystal Palace,7.0,7.0,2,2,0,0,0.0,0,0
2017_2018,Watford,Newcastle,5.0,7.0,2,2,0,0,-2.0,0,0
2017_2018,West Brom,Tottenham,7.0,5.0,2,2,0,0,2.0,0,0
2017_2018,Arsenal,Burnley,3.0,8.0,4,2,1,0,-5.0,2,1
2017_2018,Chelsea,Liverpool,8.0,4.0,2,3,0,1,4.0,-1,-1
2017_2018,Man City,Huddersfield,7.0,8.0,2,1,0,0,-1.0,1,0
2017_2018,Swansea,Southampton,3.0,3.0,2,2,0,0,0.0,0,0
2017_2018,Chelsea,Huddersfield,3.0,3.0,2,2,0,0,0.0,0,0
2017_2018,Leicester,Arsenal,4.0,3.0,2,4,0,0,1.0,-2,0
2017_2018,Man City,Brighton,3.0,5.0,2,2,0,0,-2.0,0,0
2017_2018,Tottenham,Newcastle,4.0,4.0,2,2,0,0,0.0,0,0
2017_2018,West Ham,Man United,5.0,6.0,2,2,0,0,-1.0,0,0
2017_2018,Burnley,Bournemouth,7.0,8.0,1,1,0,0,-1.0,0,0
2017_2018,Crystal Palace,West Brom,8.0,8.0,1,1,0,0,0.0,0,0
2017_2018,Huddersfield,Arsenal,4.0,4.0,2,4,0,0,0.0,-2,0
2017_2018,Liverpool,Brighton,7.0,4.0,2,2,0,0,3.0,0,0
2017_2018,Man United,Watford,3.0,8.0,3,2,0,0,-5.0,1,0
2017_2018,Newcastle,Chelsea,4.0,4.0,2,2,0,0,0.0,0,0
2017_2018,Southampton,Man City,5.0,4.0,2,3,0,0,1.0,-1,0
2017_2018,Swansea,Stoke,5.0,8.0,2,1,0,0,-3.0,1,0
2017_2018,Tottenham,Leicester,4.0,4.0,3,2,0,0,0.0,1,0
2017_2018,West Ham,Everton,3.0,8.0,3,1,0,0,-5.0,2,0
2018_2019,Man United,Leicester,60.0,60.0,0,0,0,0,0.0,0,0
2018_2019,Bournemouth,Cardiff,60.0,60.0,0,0,0,0,0.0,0,0
2018_2019,Fulham,Crystal Palace,60.0,60.0,0,0,0,0,0.0,0,0
2018_2019,Huddersfield,Chelsea,60.0,60.0,0,0,0,0,0.0,0,0
2018_2019,Newcastle,Tottenham,60.0,60.0,0,0,0,0,0.0,0,0
2018_2019,Watford,Brighton,60.0,60.0,0,0,0,0,0.0,0,0
2018_2019,Wolves,Everton,60.0,60.0,0,0,0,0,0.0,0,0
2018_2019,Arsenal,Man City,60.0,60.0,0,0,0,0,0.0,0,0
2018_2019,Liverpool,West Ham,60.0,60.0,0,0,0,0,0.0,0,0
2018_2019,Southampton,Burnley,60.0,60.0,0,0,0,0,0.0,0,0
2018_2019,Cardiff,Newcastle,7.0,7.0,1,1,0,0,0.0,0,0
2018_2019,Chelsea,Arsenal,7.0,6.0,1,1,0,0,1.0,0,0
2018_2019,Everton,Southampton,7.0,6.0,1,1,0,0,1.0,0,0
2018_2019,Leicester,Wolves,8.0,7.0,1,1,0,0,1.0,0,0
2018_2019,Tottenham,Fulham,7.0,7.0,1,1,0,0,0.0,0,0
2018_2019,West Ham,Bournemouth,6.0,7.0,1,1,0,0,-1.0,0,0
2018_2019,Brighton,Man United,8.0,9.0,1,1,0,0,-1.0,0,0
2018_2019,Burnley,Watford,7.0,8.0,1,1,0,0,-1.0,0,0
2018_2019,Man City,Huddersfield,7.0,8.0,1,1,0,0,-1.0,0,0
2018_2019,Crystal Palace,Liverpool,9.0,8.0,1,1,0,0,1.0,0,0
2018_2019,Arsenal,West Ham,7.0,7.0,2,2,0,0,0.0,0,0
2018_2019,Bournemouth,Everton,7.0,7.0,2,2,0,0,0.0,0,0
2018_2019,Huddersfield,Cardiff,6.0,7.0,2,2,0,0,-1.0,0,0
2018_2019,Liverpool,Brighton,5.0,6.0,2,2,0,0,-1.0,0,0
2018_2019,Southampton,Leicester,7.0,7.0,2,1,0,0,0.0,1,0
2018_2019,Wolves,Man City,7.0,6.0,2,2,0,0,1.0,0,0
2018_2019,Fulham,Burnley,8.0,7.0,1,2,0,0,1.0,-1,0
2018_2019,Newcastle,Chelsea,8.0,8.0,1,1,0,0,0.0,0,0
2018_2019,Watford,Crystal Palace,7.0,6.0,1,1,0,0,1.0,0,0
2018_2019,Man United,Tottenham,8.0,9.0,1,1,0,0,-1.0,0,0
2018_2019,Brighton,Fulham,4.0,4.0,3,3,0,0,0.0,0,0
2018_2019,Chelsea,Bournemouth,6.0,4.0,2,3,0,0,2.0,-1,0
2018_2019,Crystal Palace,Southampton,4.0,4.0,3,3,0,0,0.0,0,0
2018_2019,Everton,Huddersfield,3.0,4.0,3,3,0,0,-1.0,0,0
2018_2019,Leicester,Liverpool,4.0,7.0,3,2,0,0,-3.0,1,0
2018_2019,Man City,Newcastle,7.0,3.0,2,3,0,0,4.0,-1,0
2018_2019,West Ham,Wolves,4.0,4.0,3,3,0,0,0.0,0,0
2018_2019,Burnley,Man United,7.0,6.0,2,2,0,0,1.0,0,0
2018_2019,Cardiff,Arsenal,5.0,8.0,2,1,0,0,-3.0,1,0
2018_2019,Watford,Tottenham,4.0,6.0,3,1,0,0,-2.0,2,0
2018_2019,Bournemouth,Leicester,14.0,14.0,1,1,0,0,0.0,0,0
2018_2019,Chelsea,Cardiff,14.0,13.0,1,1,0,0,1.0,0,0
2018_2019,Huddersfield,Crystal Palace,14.0,14.0,1,1,0,0,0.0,0,0
2018_2019,Man City,Fulham,14.0,14.0,1,1,0,0,0.0,0,0
2018_2019,Newcastle,Arsenal,14.0,13.0,1,1,0,0,1.0,0,0
2018_2019,Tottenham,Liverpool,13.0,14.0,1,1,0,0,-1.0,0,0
2018_2019,Watford,Man United,13.0,13.0,1,1,0,0,0.0,0,0
2018_2019,Everton,West Ham,15.0,15.0,0,0,0,0,0.0,0,0
2018_2019,Wolves,Burnley,15.0,14.0,0,1,0,0,1.0,-1,0
2018_2019,Southampton,Brighton,16.0,16.0,0,0,0,0,0.0,0,0
2018_2019,Brighton,Tottenham,5.0,4.0,1,2,0,1,1.0,-1,-1
2018_2019,Burnley,Bournemouth,6.0,7.0,1,1,0,0,-1.0,0,0
2018_2019,Cardiff,Man City,7.0,3.0,1,2,0,1,4.0,-1,-1
2018_2019,Crystal Palace,Newcastle,7.0,7.0,1,1,0,0,0.0,0,0
2018_2019,Fulham,Watford,7.0,7.0,1,1,0,0,0.0,0,0
2018_2019,Leicester,Huddersfield,7.0,7.0,1,1,0,0,0.0,0,0
2018_2019,Liverpool,Southampton,4.0,5.0,2,1,1,0,-1.0,1,1
2018_2019,Man United,Wolves,3.0,6.0,2,1,1,0,-3.0,1,1
2018_2019,Arsenal,Everton,3.0,7.0,2,1,1,0,-4.0,1,1
2018_2019,West Ham,Chelsea,7.0,3.0,1,2,0,1,4.0,-1,-1
2018_2019,Arsenal,Watford,3.0,3.0,4,3,0,0,0.0,1,0
2018_2019,Chelsea,Liverpool,3.0,3.0,4,4,0,0,0.0,0,0
2018_2019,Everton,Fulham,6.0,4.0,2,3,0,0,2.0,-1,0
2018_2019,Huddersfield,Tottenham,7.0,3.0,2,4,0,0,4.0,-2,0
2018_2019,Man City,Brighton,4.0,7.0,4,2,0,0,-3.0,2,0
2018_2019,Newcastle,Leicester,7.0,4.0,2,3,0,0,3.0,-1,0
2018_2019,West Ham,Man United,3.0,4.0,3,4,0,0,-1.0,-1,0
2018_2019,Wolves,Southampton,4.0,7.0,3,2,0,0,-3.0,1,0
2018_2019,Cardiff,Burnley,8.0,5.0,1,3,0,0,3.0,-2,0
2018_2019,Bournemouth,Crystal Palace,6.0,6.0,2,2,0,0,0.0,0,0
2018_2019,Brighton,West Ham,6.0,6.0,2,3,0,0,0.0,-1,0
2018_2019,Burnley,Huddersfield,6.0,7.0,3,2,0,0,-1.0,1,0
2018_2019,Crystal Palace,Wolves,5.0,7.0,3,3,0,0,-2.0,0,0
2018_2019,Leicester,Everton,7.0,4.0,3,3,0,0,3.0,0,0
2018_2019,Man United,Newcastle,4.0,7.0,4,2,1,0,-3.0,2,1
2018_2019,Tottenham,Cardiff,3.0,6.0,4,2,1,0,-3.0,2,1
2018_2019,Watford,Bournemouth,7.0,5.0,3,3,0,0,2.0,0,0
2018_2019,Fulham,Arsenal,8.0,3.0,2,4,0,1,5.0,-2,-1
2018_2019,Liverpool,Man City,4.0,5.0,3,3,1,1,-1.0,0,0
2018_2019,Southampton,Chelsea,5.0,3.0,2,4,0,1,2.0,-2,-1
2018_2019,Bournemouth,Southampton,14.0,13.0,1,1,0,0,1.0,0,0
2018_2019,Cardiff,Fulham,14.0,13.0,1,1,0,0,1.0,0,0
2018_2019,Chelsea,Man United,13.0,14.0,1,1,0,0,-1.0,0,0
2018_2019,Huddersfield,Liverpool,14.0,13.0,1,1,0,0,1.0,0,0
2018_2019,Man City,Burnley,13.0,14.0,1,1,0,0,-1.0,0,0
2018_2019,Newcastle,Brighton,14.0,15.0,1,0,0,0,-1.0,1,0
2018_2019,West Ham,Tottenham,15.0,14.0,0,1,0,0,1.0,-1,0
2018_2019,Wolves,Watford,14.0,14.0,1,1,0,0,0.0,0,0
2018_2019,Everton,Crystal Palace,15.0,15.0,0,0,0,0,0.0,0,0
2018_2019,Arsenal,Leicester,15.0,16.0,0,0,0,0,-1.0,0,0
2018_2019,Brighton,Wolves,7.0,7.0,1,1,0,0,0.0,0,0
2018_2019,Fulham,Bournemouth,7.0,7.0,1,1,0,0,0.0,0,0
2018_2019,Leicester,West Ham,5.0,7.0,1,1,0,0,-2.0,0,0
2018_2019,Liverpool,Cardiff,3.0,7.0,2,1,1,0,-4.0,1,1
2018_2019,Southampton,Newcastle,7.0,7.0,1,1,0,0,0.0,0,0
2018_2019,Watford,Huddersfield,7.0,7.0,1,1,0,0,0.0,0,0
2018_2019,Burnley,Chelsea,8.0,3.0,1,2,0,1,5.0,-1,-1
2018_2019,Crystal Palace,Arsenal,7.0,3.0,1,2,0,1,4.0,-1,-1
2018_2019,Man United,Everton,5.0,7.0,2,1,1,0,-2.0,1,1
2018_2019,Tottenham,Man City,5.0,6.0,2,2,1,0,-1.0,0,1
2018_2019,Arsenal,Liverpool,3.0,7.0,4,3,0,0,-4.0,1,0
2018_2019,Bournemouth,Man United,4.0,6.0,3,3,0,0,-2.0,0,0
2018_2019,Cardiff,Leicester,7.0,7.0,2,2,0,0,0.0,0,0
2018_2019,Everton,Brighton,6.0,7.0,2,2,0,0,-1.0,0,0
2018_2019,Newcastle,Watford,7.0,7.0,2,2,0,0,0.0,0,0
2018_2019,West Ham,Burnley,3.0,6.0,3,2,0,0,-3.0,1,0
2018_2019,Wolves,Tottenham,7.0,3.0,2,4,0,0,4.0,-2,0
2018_2019,Chelsea,Crystal Palace,4.0,4.0,3,3,0,0,0.0,0,0
2018_2019,Man City,Southampton,3.0,8.0,3,1,0,0,-5.0,2,0
2018_2019,Huddersfield,Fulham,9.0,4.0,1,2,0,0,5.0,-1,0
2018_2019,Cardiff,Brighton,7.0,7.0,2,2,0,0,0.0,0,0
2018_2019,Crystal Palace,Tottenham,6.0,4.0,3,4,0,1,2.0,-1,-1
2018_2019,Huddersfield,West Ham,5.0,7.0,2,3,0,0,-2.0,-1,0
2018_2019,Leicester,Burnley,7.0,7.0,2,2,0,0,0.0,0,0
2018_2019,Newcastle,Bournemouth,7.0,7.0,2,3,0,0,0.0,-1,0
2018_2019,Southampton,Watford,6.0,7.0,2,2,0,0,-1.0,0,0
2018_2019,Arsenal,Wolves,3.0,8.0,4,1,1,0,-5.0,3,1
2018_2019,Chelsea,Everton,3.0,8.0,4,2,1,0,-5.0,2,1
2018_2019,Liverpool,Fulham,5.0,6.0,2,2,1,0,-1.0,0,1
2018_2019,Man City,Man United,4.0,4.0,4,3,1,1,0.0,1,0
2018_2019,Brighton,Leicester,14.0,14.0,1,1,0,0,0.0,0,0
2018_2019,Everton,Cardiff,13.0,14.0,1,1,0,0,-1.0,0,0
2018_2019,Fulham,Southampton,13.0,14.0,1,1,0,0,-1.0,0,0
2018_2019,Man United,Crystal Palace,13.0,14.0,1,1,0,0,-1.0,0,0
2018_2019,Tottenham,Chelsea,14.0,13.0,1,1,0,0,1.0,0,0
2018_2019,Watford,Liverpool,14.0,13.0,1,1,0,0,1.0,0,0
2018_2019,West Ham,Man City,14.0,13.0,1,1,0,0,1.0,0,0
2018_2019,Bournemouth,Arsenal,15.0,14.0,0,1,0,0,1.0,-1,0
2018_2019,Wolves,Huddersfield,14.0,15.0,1,0,0,0,-1.0,1,0
2018_2019,Burnley,Newcastle,16.0,16.0,0,0,0,0,0.0,0,0
2018_2019,Cardiff,Wolves,6.0,5.0,1,1,0,0,1.0,0,0
2018_2019,Crystal Palace,Burnley,7.0,5.0,1,1,0,0,2.0,0,0
2018_2019,Huddersfield,Brighton,6.0,7.0,1,1,0,0,-1.0,0,0
2018_2019,Leicester,Watford,4.0,7.0,2,1,0,0,-3.0,1,0
2018_2019,Man City,Bournemouth,4.0,6.0,2,1,1,0,-2.0,1,1
2018_2019,Newcastle,West Ham,5.0,7.0,1,1,0,0,-2.0,0,0
2018_2019,Southampton,Man United,4.0,4.0,2,2,0,1,0.0,0,-1
2018_2019,Arsenal,Tottenham,3.0,4.0,2,2,1,1,-1.0,0,0
2018_2019,Chelsea,Fulham,3.0,8.0,2,1,1,0,-5.0,1,1
2018_2019,Liverpool,Everton,4.0,8.0,2,1,1,0,-4.0,1,1
2018_2019,Bournemouth,Huddersfield,3.0,3.0,2,2,0,0,0.0,0,0
2018_2019,Brighton,Crystal Palace,3.0,3.0,2,2,0,0,0.0,0,0
2018_2019,Watford,Man City,3.0,3.0,2,3,0,0,0.0,-1,0
2018_2019,West Ham,Cardiff,3.0,4.0,2,2,0,0,-1.0,0,0
2018_2019,Burnley,Liverpool,4.0,3.0,2,3,0,0,1.0,-1,0
2018_2019,Everton,Newcastle,3.0,4.0,2,2,0,0,-1.0,0,0
2018_2019,Fulham,Leicester,3.0,4.0,2,3,0,0,-1.0,-1,0
2018_2019,Man United,Arsenal,4.0,3.0,3,3,0,0,1.0,0,0
2018_2019,Tottenham,Southampton,3.0,4.0,3,3,0,0,-1.0,0,0
2018_2019,Wolves,Chelsea,5.0,3.0,2,3,0,0,2.0,-1,0
2018_2019,Arsenal,Huddersfield,3.0,4.0,4,3,0,0,-1.0,1,0
2018_2019,Bournemouth,Liverpool,4.0,3.0,3,4,0,0,1.0,-1,0
2018_2019,Burnley,Brighton,3.0,4.0,3,3,0,0,-1.0,0,0
2018_2019,Cardiff,Southampton,4.0,3.0,3,4,0,0,1.0,-1,0
2018_2019,Chelsea,Man City,3.0,4.0,4,4,0,0,-1.0,0,0
2018_2019,Leicester,Tottenham,3.0,3.0,4,4,0,0,0.0,0,0
2018_2019,Man United,Fulham,3.0,3.0,4,3,0,0,0.0,1,0
2018_2019,West Ham,Crystal Palace,4.0,4.0,3,3,0,0,0.0,0,0
2018_2019,Newcastle,Wolves,4.0,4.0,3,3,0,0,0.0,0,0
2018_2019,Everton,Watford,5.0,6.0,2,2,0,0,-1.0,0,0
2018_2019,Crystal Palace,Leicester,7.0,7.0,3,3,0,0,0.0,0,0
2018_2019,Fulham,West Ham,7.0,7.0,3,3,0,0,0.0,0,0
2018_2019,Huddersfield,Newcastle,7.0,6.0,3,3,0,0,1.0,0,0
2018_2019,Man City,Everton,3.0,5.0,4,3,1,0,-2.0,1,1
2018_2019,Tottenham,Burnley,4.0,7.0,4,3,1,0,-3.0,1,1
2018_2019,Watford,Cardiff,5.0,7.0,3,2,0,0,-2.0,1,0
2018_2019,Wolves,Bournemouth,6.0,7.0,2,3,0,0,-1.0,-1,0
2018_2019,Brighton,Chelsea,8.0,3.0,2,4,0,1,5.0,-2,-1
2018_2019,Liverpool,Man United,5.0,4.0,4,3,1,1,1.0,1,0
2018_2019,Southampton,Arsenal,8.0,3.0,2,4,0,1,5.0,-2,-1
2018_2019,Wolves,Liverpool,6.0,5.0,2,3,0,0,1.0,-1,0
2018_2019,Arsenal,Burnley,3.0,7.0,4,2,0,0,-4.0,2,0
2018_2019,Bournemouth,Brighton,3.0,6.0,3,2,0,0,-3.0,1,0
2018_2019,Cardiff,Man United,7.0,6.0,2,3,0,0,1.0,-1,0
2018_2019,Chelsea,Leicester,3.0,4.0,4,3,0,0,-1.0,1,0
2018_2019,Huddersfield,Southampton,7.0,6.0,2,2,0,0,1.0,0,0
2018_2019,Man City,Crystal Palace,4.0,7.0,4,2,0,0,-3.0,2,0
2018_2019,Newcastle,Fulham,7.0,7.0,2,2,0,0,0.0,0,0
2018_2019,West Ham,Watford,7.0,7.0,2,2,0,0,0.0,0,0
2018_2019,Everton,Tottenham,8.0,4.0,2,3,0,0,4.0,-1,0
2018_2019,Brighton,Arsenal,4.0,4.0,2,4,0,0,0.0,-2,0
2018_2019,Burnley,Everton,4.0,3.0,2,2,0,0,1.0,0,0
2018_2019,Crystal Palace,Cardiff,4.0,4.0,2,2,0,0,0.0,0,0
2018_2019,Fulham,Wolves,4.0,5.0,2,2,0,0,-1.0,0,0
2018_2019,Leicester,Man City,4.0,4.0,3,4,0,0,0.0,-1,0
2018_2019,Liverpool,Newcastle,5.0,4.0,2,2,0,0,1.0,0,0
2018_2019,Man United,Huddersfield,4.0,4.0,3,2,0,0,0.0,1,0
2018_2019,Tottenham,Bournemouth,3.0,4.0,3,3,0,0,-1.0,0,0
2018_2019,Watford,Chelsea,4.0,4.0,2,4,0,0,0.0,-2,0
2018_2019,Southampton,West Ham,5.0,5.0,2,2,0,0,0.0,0,0
2018_2019,Brighton,Everton,3.0,3.0,3,3,0,0,0.0,0,0
2018_2019,Fulham,Huddersfield,3.0,3.0,3,3,0,0,0.0,0,0
2018_2019,Leicester,Cardiff,3.0,3.0,4,3,0,0,0.0,1,0
2018_2019,Liverpool,Arsenal,3.0,3.0,3,4,0,0,0.0,-1,0
2018_2019,Tottenham,Wolves,3.0,3.0,4,3,0,0,0.0,1,0
2018_2019,Watford,Newcastle,3.0,3.0,3,3,0,0,0.0,0,0
2018_2019,Burnley,West Ham,4.0,3.0,2,2,0,0,1.0,0,0
2018_2019,Crystal Palace,Chelsea,4.0,4.0,2,4,0,0,0.0,-2,0
2018_2019,Man United,Bournemouth,4.0,4.0,3,3,0,0,0.0,0,0
2018_2019,Southampton,Man City,3.0,4.0,3,3,0,0,-1.0,0,0
2018_2019,Arsenal,Fulham,3.0,3.0,4,3,0,0,0.0,1,0
2018_2019,Cardiff,Tottenham,3.0,3.0,3,4,0,0,0.0,-1,0
2018_2019,Everton,Leicester,3.0,3.0,3,4,0,0,0.0,-1,0
2018_2019,Bournemouth,Watford,3.0,4.0,4,3,0,0,-1.0,1,0
2018_2019,Chelsea,Southampton,3.0,3.0,4,3,0,0,0.0,1,0
2018_2019,Huddersfield,Burnley,4.0,3.0,3,3,0,0,1.0,0,0
2018_2019,Newcastle,Man United,4.0,3.0,3,3,0,0,1.0,0,0
2018_2019,West Ham,Brighton,3.0,4.0,3,3,0,0,-1.0,0,0
2018_2019,Wolves,Crystal Palace,4.0,3.0,3,3,0,0,1.0,0,0
2018_2019,Man City,Liverpool,4.0,5.0,3,3,0,0,-1.0,0,0
2018_2019,Brighton,Liverpool,7.0,5.0,3,3,0,0,2.0,0,0
2018_2019,Burnley,Fulham,7.0,6.0,3,3,0,0,1.0,0,0
2018_2019,Cardiff,Huddersfield,7.0,7.0,3,3,0,0,0.0,0,0
2018_2019,Chelsea,Newcastle,4.0,7.0,4,3,0,0,-3.0,1,0
2018_2019,Crystal Palace,Watford,7.0,6.0,3,3,0,0,1.0,0,0
2018_2019,Leicester,Southampton,6.0,7.0,3,3,0,0,-1.0,0,0
2018_2019,West Ham,Arsenal,7.0,7.0,3,3,0,0,0.0,0,0
2018_2019,Everton,Bournemouth,8.0,8.0,2,3,0,0,0.0,-1,0
2018_2019,Tottenham,Man United,5.0,8.0,3,3,0,0,-3.0,0,0
2018_2019,Man City,Wolves,5.0,7.0,3,2,0,0,-2.0,1,0
2018_2019,Arsenal,Chelsea,7.0,7.0,2,3,0,0,0.0,-1,0
2018_2019,Bournemouth,West Ham,6.0,7.0,2,2,0,0,-1.0,0,0
2018_2019,Liverpool,Crystal Palace,7.0,7.0,2,2,0,0,0.0,0,0
2018_2019,Man United,Brighton,6.0,7.0,2,2,0,0,-1.0,0,0
2018_2019,Newcastle,Cardiff,4.0,7.0,3,2,0,0,-3.0,1,0
2018_2019,Southampton,Everton,3.0,6.0,3,2,0,0,-3.0,1,0
2018_2019,Watford,Burnley,7.0,7.0,2,2,0,0,0.0,0,0
2018_2019,Wolves,Leicester,5.0,7.0,2,2,0,0,-2.0,0,0
2018_2019,Fulham,Tottenham,8.0,7.0,2,2,0,0,1.0,0,0
2018_2019,Huddersfield,Man City,8.0,6.0,1,3,0,0,2.0,-2,0
2018_2019,Arsenal,Cardiff,4.0,10.0,2,1,0,0,-6.0,1,0
2018_2019,Fulham,Brighton,9.0,3.0,1,2,0,0,6.0,-1,0
2018_2019,Huddersfield,Everton,9.0,3.0,1,2,0,0,6.0,-1,0
2018_2019,Man United,Burnley,4.0,3.0,2,2,0,0,1.0,0,0
2018_2019,Newcastle,Man City,3.0,3.0,3,3,0,0,0.0,0,0
2018_2019,Wolves,West Ham,3.0,3.0,2,2,0,0,0.0,0,0
2018_2019,Bournemouth,Chelsea,11.0,3.0,1,3,0,0,8.0,-2,0
2018_2019,Liverpool,Leicester,11.0,11.0,1,1,0,0,0.0,0,0
2018_2019,Southampton,Crystal Palace,11.0,3.0,2,2,0,0,8.0,0,0
2018_2019,Tottenham,Watford,3.0,4.0,3,2,0,0,-1.0,1,0
2018_2019,Brighton,Watford,4.0,3.0,3,3,0,0,1.0,0,0
2018_2019,Burnley,Southampton,4.0,3.0,3,2,0,0,1.0,1,0
2018_2019,Cardiff,Bournemouth,4.0,3.0,2,2,0,0,1.0,0,0
2018_2019,Chelsea,Huddersfield,3.0,4.0,4,2,0,0,-1.0,2,0
2018_2019,Crystal Palace,Fulham,3.0,4.0,3,2,0,0,-1.0,1,0
2018_2019,Everton,Wolves,4.0,4.0,3,3,0,0,0.0,0,0
2018_2019,Tottenham,Newcastle,3.0,4.0,4,3,0,0,-1.0,1,0
2018_2019,Leicester,Man United,4.0,5.0,1,2,0,0,-1.0,-1,0
2018_2019,Man City,Arsenal,5.0,5.0,4,2,0,0,0.0,2,0
2018_2019,West Ham,Liverpool,6.0,5.0,2,1,0,0,1.0,1,0
2018_2019,Everton,Man City,4.0,3.0,3,4,0,0,1.0,-1,0
2018_2019,Brighton,Burnley,3.0,7.0,4,3,0,0,-4.0,1,0
2018_2019,Crystal Palace,West Ham,7.0,5.0,3,3,0,0,2.0,0,0
2018_2019,Fulham,Man United,7.0,6.0,2,2,0,0,1.0,0,0
2018_2019,Huddersfield,Arsenal,7.0,6.0,2,2,0,0,1.0,0,0
2018_2019,Liverpool,Bournemouth,5.0,7.0,2,2,0,0,-2.0,0,0
2018_2019,Southampton,Cardiff,7.0,7.0,2,2,0,0,0.0,0,0
2018_2019,Watford,Everton,7.0,3.0,3,4,0,0,4.0,-1,0
2018_2019,Man City,Chelsea,4.0,8.0,3,3,0,0,-4.0,0,0
2018_2019,Tottenham,Leicester,8.0,7.0,3,2,0,0,1.0,1,0
2018_2019,Wolves,Newcastle,6.0,9.0,3,2,0,0,-3.0,1,0
2018_2019,Cardiff,Watford,13.0,7.0,1,2,0,0,6.0,-1,0
2018_2019,West Ham,Fulham,13.0,13.0,1,1,0,0,0.0,0,0
2018_2019,Bournemouth,Wolves,14.0,6.0,1,2,0,0,8.0,-1,0
2018_2019,Burnley,Tottenham,14.0,10.0,1,2,0,0,4.0,-1,0
2018_2019,Leicester,Crystal Palace,13.0,6.0,1,2,0,0,7.0,-1,0
2018_2019,Newcastle,Huddersfield,12.0,14.0,1,1,0,0,-2.0,0,0
2018_2019,Arsenal,Southampton,3.0,15.0,2,0,1,0,-12.0,2,1
2018_2019,Man United,Liverpool,6.0,5.0,2,1,0,1,1.0,1,-1
2018_2019,Cardiff,Everton,4.0,17.0,1,0,0,0,-13.0,1,0
2018_2019,Huddersfield,Wolves,3.0,3.0,1,2,0,0,0.0,-1,0
2018_2019,Leicester,Brighton,3.0,10.0,1,1,0,0,-7.0,0,0
2018_2019,Newcastle,Burnley,3.0,3.0,1,1,0,0,0.0,0,0
2018_2019,Arsenal,Bournemouth,3.0,4.0,3,1,0,0,-1.0,2,0
2018_2019,Chelsea,Tottenham,3.0,4.0,4,2,0,0,-1.0,2,0
2018_2019,Crystal Palace,Man United,4.0,3.0,2,2,0,0,1.0,0,0
2018_2019,Liverpool,Watford,3.0,5.0,2,2,0,0,-2.0,0,0
2018_2019,Man City,West Ham,3.0,5.0,3,1,0,0,-2.0,2,0
2018_2019,Southampton,Fulham,3.0,5.0,1,1,0,0,-2.0,0,0
2018_2019,Bournemouth,Man City,3.0,3.0,2,4,0,0,0.0,-2,0
2018_2019,Brighton,Huddersfield,4.0,4.0,2,2,0,0,0.0,0,0
2018_2019,Burnley,Crystal Palace,4.0,3.0,2,3,0,0,1.0,-1,0
2018_2019,Man United,Southampton,3.0,3.0,3,2,0,0,0.0,1,0
2018_2019,Tottenham,Arsenal,3.0,3.0,2,3,0,0,0.0,-1,0
2018_2019,West Ham,Newcastle,3.0,4.0,2,2,0,0,-1.0,0,0
2018_2019,Wolves,Cardiff,4.0,4.0,3,2,0,0,0.0,1,0
2018_2019,Everton,Liverpool,5.0,4.0,1,3,0,0,1.0,-2,0
2018_2019,Fulham,Chelsea,4.0,4.0,2,4,0,0,0.0,-2,0
2018_2019,Watford,Leicester,4.0,5.0,2,2,0,0,-1.0,0,0
2018_2019,Cardiff,West Ham,7.0,7.0,2,2,0,0,0.0,0,0
2018_2019,Crystal Palace,Brighton,7.0,7.0,3,2,0,0,0.0,1,0
2018_2019,Huddersfield,Bournemouth,7.0,7.0,3,3,0,0,0.0,0,0
2018_2019,Leicester,Fulham,6.0,6.0,3,2,0,0,0.0,1,0
2018_2019,Man City,Watford,7.0,6.0,3,2,0,0,1.0,1,0
2018_2019,Newcastle,Everton,7.0,6.0,3,2,0,0,1.0,1,0
2018_2019,Southampton,Tottenham,7.0,4.0,3,4,0,1,3.0,-1,-1
2018_2019,Arsenal,Man United,3.0,4.0,4,4,1,1,-1.0,0,0
2018_2019,Chelsea,Wolves,3.0,8.0,4,2,1,0,-5.0,2,1
2018_2019,Liverpool,Burnley,7.0,8.0,3,2,0,0,-1.0,1,0
2018_2019,Bournemouth,Newcastle,7.0,7.0,2,2,0,0,0.0,0,0
2018_2019,Burnley,Leicester,6.0,7.0,2,2,0,0,-1.0,0,0
2018_2019,West Ham,Huddersfield,7.0,7.0,2,2,0,0,0.0,0,0
2018_2019,Everton,Chelsea,8.0,3.0,2,4,0,1,5.0,-2,-1
2018_2019,Fulham,Liverpool,8.0,4.0,2,3,0,1,4.0,-1,-1
2018_2019,Brighton,Southampton,13.0,21.0,1,0,0,0,-8.0,1,0
2018_2019,Burnley,Wolves,14.0,14.0,1,1,0,0,0.0,0,0
2018_2019,Crystal Palace,Huddersfield,14.0,14.0,1,1,0,0,0.0,0,0
2018_2019,Fulham,Man City,13.0,14.0,1,1,0,0,-1.0,0,0
2018_2019,Leicester,Bournemouth,14.0,14.0,1,1,0,0,0.0,0,0
2018_2019,Man United,Watford,14.0,14.0,1,1,0,0,0.0,0,0
2018_2019,West Ham,Everton,14.0,13.0,1,1,0,0,1.0,0,0
2018_2019,Cardiff,Chelsea,22.0,14.0,0,1,0,0,8.0,-1,0
2018_2019,Liverpool,Tottenham,14.0,22.0,1,0,0,0,-8.0,1,0
2018_2019,Arsenal,Newcastle,18.0,16.0,0,0,0,0,2.0,0,0
2018_2019,Watford,Fulham,3.0,3.0,1,1,0,0,0.0,0,0
2018_2019,Wolves,Man United,3.0,3.0,1,1,0,0,0.0,0,0
2018_2019,Chelsea,Brighton,3.0,4.0,1,1,0,0,-1.0,0,0
2018_2019,Man City,Cardiff,4.0,3.0,1,1,0,0,1.0,0,0
2018_2019,Tottenham,Crystal Palace,3.0,4.0,1,1,0,0,-1.0,0,0
2018_2019,Southampton,Liverpool,6.0,5.0,1,1,0,0,1.0,0,0
2018_2019,Bournemouth,Burnley,7.0,7.0,1,1,0,0,0.0,0,0
2018_2019,Huddersfield,Leicester,7.0,7.0,1,1,0,0,0.0,0,0
2018_2019,Newcastle,Crystal Palace,5.0,3.0,1,2,0,0,2.0,-1,0
2018_2019,Everton,Arsenal,8.0,6.0,1,1,0,0,2.0,0,0
2018_2019,Chelsea,West Ham,5.0,9.0,2,1,0,0,-4.0,1,0
2018_2019,Leicester,Newcastle,6.0,6.0,2,2,0,0,0.0,0,0
2018_2019,Brighton,Bournemouth,7.0,7.0,3,2,0,0,0.0,1,0
2018_2019,Burnley,Cardiff,7.0,10.0,2,2,0,0,-3.0,0,0
2018_2019,Fulham,Everton,11.0,6.0,2,2,0,0,5.0,0,0
2018_2019,Man United,West Ham,3.0,5.0,3,2,1,0,-2.0,1,1
2018_2019,Southampton,Wolves,8.0,6.0,2,3,0,0,2.0,-1,0
2018_2019,Tottenham,Huddersfield,4.0,7.0,3,2,1,0,-3.0,1,1
2018_2019,Crystal Palace,Man City,8.0,5.0,2,3,0,1,3.0,-1,-1
2018_2019,Liverpool,Chelsea,5.0,3.0,3,4,1,1,2.0,-1,0
2018_2019,Watford,Arsenal,8.0,4.0,2,3,0,1,4.0,-1,-1
2018_2019,Brighton,Cardiff,3.0,3.0,3,2,0,0,0.0,1,0
2018_2019,Bournemouth,Fulham,7.0,7.0,2,1,0,0,0.0,1,0
2018_2019,Huddersfield,Watford,7.0,5.0,2,2,0,0,2.0,0,0
2018_2019,Man City,Tottenham,3.0,3.0,4,3,1,1,0.0,1,0
2018_2019,Newcastle,Southampton,8.0,7.0,2,1,0,0,1.0,1,0
2018_2019,West Ham,Leicester,7.0,8.0,2,2,0,0,-1.0,0,0
2018_2019,Wolves,Brighton,7.0,4.0,2,3,0,0,3.0,-1,0
2018_2019,Arsenal,Crystal Palace,3.0,7.0,4,1,1,0,-4.0,3,1
2018_2019,Cardiff,Liverpool,5.0,4.0,2,3,0,1,1.0,-1,-1
2018_2019,Everton,Man United,8.0,5.0,2,3,0,1,3.0,-1,-1
2018_2019,Chelsea,Burnley,4.0,9.0,4,1,1,0,-5.0,3,1
2018_2019,Tottenham,Brighton,3.0,3.0,4,3,0,0,0.0,1,0
2018_2019,Watford,Southampton,3.0,3.0,2,2,0,0,0.0,0,0
2018_2019,Man United,Man City,3.0,4.0,4,3,0,0,-1.0,1,0
2018_2019,Wolves,Arsenal,4.0,3.0,2,4,0,0,1.0,-2,0
2018_2019,Liverpool,Huddersfield,5.0,6.0,3,2,0,0,-1.0,1,0
2018_2019,Brighton,Newcastle,4.0,7.0,4,1,0,0,-3.0,3,0
2018_2019,Crystal Palace,Everton,6.0,6.0,2,2,0,0,0.0,0,0
2018_2019,Fulham,Cardiff,7.0,6.0,2,3,0,0,1.0,-1,0
2018_2019,Southampton,Bournemouth,4.0,7.0,3,2,0,0,-3.0,1,0
2018_2019,Tottenham,West Ham,4.0,7.0,4,2,0,0,-3.0,2,0
2018_2019,Watford,Wolves,4.0,3.0,3,3,0,0,1.0,0,0
2018_2019,Burnley,Man City,6.0,4.0,1,4,0,0,2.0,-3,0
2018_2019,Leicester,Arsenal,8.0,4.0,1,4,0,0,4.0,-3,0
2018_2019,Man United,Chelsea,4.0,6.0,3,3,0,0,-2.0,0,0
2018_2019,Everton,Burnley,6.0,5.0,2,2,0,0,1.0,0,0
2018_2019,Bournemouth,Tottenham,7.0,4.0,2,4,0,1,3.0,-2,-1
2018_2019,Cardiff,Crystal Palace,7.0,7.0,2,2,0,0,0.0,0,0
2018_2019,Newcastle,Liverpool,7.0,3.0,2,3,0,1,4.0,-1,-1
2018_2019,West Ham,Southampton,7.0,7.0,2,3,0,0,0.0,-1,0
2018_2019,Wolves,Fulham,7.0,7.0,3,2,0,0,0.0,1,0
2018_2019,Arsenal,Brighton,3.0,8.0,4,2,1,0,-5.0,2,1
2018_2019,Chelsea,Watford,3.0,8.0,3,2,1,0,-5.0,1,1
2018_2019,Huddersfield,Man United,9.0,7.0,1,3,0,0,2.0,-2,0
2018_2019,Man City,Leicester,8.0,8.0,2,1,0,0,0.0,1,0
2018_2019,Brighton,Man City,7.0,6.0,1,2,0,0,1.0,-1,0
2018_2019,Burnley,Arsenal,9.0,3.0,2,4,0,1,6.0,-2,-1
2018_2019,Crystal Palace,Bournemouth,8.0,8.0,1,1,0,0,0.0,0,0
2018_2019,Fulham,Newcastle,8.0,8.0,1,1,0,0,0.0,0,0
2018_2019,Leicester,Chelsea,6.0,3.0,2,4,0,1,3.0,-2,-1
2018_2019,Liverpool,Wolves,5.0,8.0,3,1,1,0,-3.0,2,1
2018_2019,Man United,Cardiff,7.0,8.0,2,1,0,0,-1.0,1,0
2018_2019,Southampton,Huddersfield,8.0,7.0,1,1,0,0,1.0,0,0
2018_2019,Tottenham,Everton,4.0,9.0,3,1,1,0,-5.0,2,1
2018_2019,Watford,West Ham,7.0,8.0,1,1,0,0,-1.0,0,0
2019_2020,Liverpool,Norwich,60.0,60.0,0,0,0,0,0.0,0,0
2019_2020,West Ham,Man City,60.0,60.0,0,0,0,0,0.0,0,0
2019_2020,Bournemouth,Sheffield United,60.0,60.0,0,0,0,0,0.0,0,0
2019_2020,Burnley,Southampton,60.0,60.0,0,0,0,0,0.0,0,0
2019_2020,Crystal Palace,Everton,60.0,60.0,0,0,0,0,0.0,0,0
2019_2020,Watford,Brighton,60.0,60.0,0,0,0,0,0.0,0,0
2019_2020,Tottenham,Aston Villa,60.0,60.0,0,0,0,0,0.0,0,0
2019_2020,Leicester,Wolves,60.0,60.0,0,0,0,0,0.0,0,0
2019_2020,Newcastle,Arsenal,60.0,60.0,0,0,0,0,0.0,0,0
2019_2020,Man United,Chelsea,60.0,60.0,0,0,0,0,0.0,0,0
2019_2020,Arsenal,Burnley,6.0,7.0,1,1,0,0,-1.0,0,0
2019_2020,Aston Villa,Bournemouth,7.0,7.0,1,1,0,0,0.0,0,0
2019_2020,Brighton,West Ham,7.0,7.0,1,1,0,0,0.0,0,0
2019_2020,Everton,Watford,7.0,7.0,1,1,0,0,0.0,0,0
2019_2020,Norwich,Newcastle,8.0,6.0,1,1,0,0,2.0,0,0
2019_2020,Southampton,Liverpool,7.0,8.0,1,1,0,0,-1.0,0,0
2019_2020,Man City,Tottenham,7.0,7.0,1,1,0,0,0.0,0,0
2019_2020,Sheffield United,Crystal Palace,8.0,8.0,1,1,0,0,0.0,0,0
2019_2020,Chelsea,Leicester,7.0,7.0,1,1,0,0,0.0,0,0
2019_2020,Wolves,Man United,8.0,8.0,1,1,0,0,0.0,0,0
2019_2020,Aston Villa,Everton,6.0,6.0,2,2,0,0,0.0,0,0
2019_2020,Norwich,Chelsea,7.0,6.0,1,2,0,0,1.0,-1,0
2019_2020,Brighton,Southampton,7.0,7.0,2,2,0,0,0.0,0,0
2019_2020,Man United,Crystal Palace,5.0,6.0,2,2,0,0,-1.0,0,0
2019_2020,Sheffield United,Leicester,6.0,6.0,2,2,0,0,0.0,0,0
2019_2020,Watford,West Ham,7.0,7.0,2,2,0,0,0.0,0,0
2019_2020,Liverpool,Arsenal,7.0,7.0,1,2,0,0,0.0,-1,0
2019_2020,Bournemouth,Man City,8.0,8.0,1,1,0,0,0.0,0,0
2019_2020,Tottenham,Newcastle,8.0,8.0,1,2,0,0,0.0,-1,0
2019_2020,Wolves,Burnley,6.0,8.0,2,1,0,0,-2.0,1,0
2019_2020,Southampton,Man United,4.0,7.0,3,2,0,0,-3.0,1,0
2019_2020,Chelsea,Sheffield United,7.0,4.0,2,3,0,0,3.0,-1,0
2019_2020,Crystal Palace,Aston Villa,4.0,4.0,3,3,0,0,0.0,0,0
2019_2020,Leicester,Bournemouth,3.0,3.0,3,3,0,0,0.0,0,0
2019_2020,Man City,Brighton,6.0,4.0,2,3,0,0,2.0,-1,0
2019_2020,Newcastle,Watford,3.0,4.0,3,3,0,0,-1.0,0,0
2019_2020,West Ham,Norwich,4.0,4.0,3,3,0,0,0.0,0,0
2019_2020,Burnley,Liverpool,3.0,7.0,3,2,0,0,-4.0,1,0
2019_2020,Everton,Wolves,4.0,7.0,2,2,0,0,-3.0,0,0
2019_2020,Arsenal,Tottenham,8.0,7.0,1,1,0,0,1.0,0,0
2019_2020,Liverpool,Newcastle,14.0,14.0,1,1,0,0,0.0,0,0
2019_2020,Brighton,Burnley,14.0,14.0,1,1,0,0,0.0,0,0
2019_2020,Man United,Leicester,14.0,14.0,1,1,0,0,0.0,0,0
2019_2020,Sheffield United,Southampton,14.0,14.0,1,1,0,0,0.0,0,0
2019_2020,Tottenham,Crystal Palace,13.0,14.0,1,1,0,0,-1.0,0,0
2019_2020,Wolves,Chelsea,13.0,14.0,1,1,0,0,-1.0,0,0
2019_2020,Norwich,Man City,14.0,14.0,1,1,0,0,0.0,0,0
2019_2020,Bournemouth,Everton,15.0,14.0,0,1,0,0,1.0,-1,0
2019_2020,Watford,Arsenal,15.0,14.0,0,1,0,0,1.0,-1,0
2019_2020,Aston Villa,West Ham,16.0,16.0,0,0,0,0,0.0,0,0
2019_2020,Southampton,Bournemouth,6.0,5.0,1,1,0,0,1.0,0,0
2019_2020,Leicester,Tottenham,7.0,3.0,1,2,0,1,4.0,-1,-1
2019_2020,Burnley,Norwich,7.0,7.0,1,1,0,0,0.0,0,0
2019_2020,Everton,Sheffield United,6.0,7.0,1,1,0,0,-1.0,0,0
2019_2020,Man City,Watford,3.0,6.0,2,1,1,0,-3.0,1,1
2019_2020,Newcastle,Brighton,7.0,7.0,1,1,0,0,0.0,0,0
2019_2020,Crystal Palace,Wolves,8.0,3.0,1,2,0,1,5.0,-1,-1
2019_2020,West Ham,Man United,6.0,3.0,1,2,0,1,3.0,-1,-1
2019_2020,Arsenal,Aston Villa,3.0,6.0,2,1,1,0,-3.0,1,1
2019_2020,Chelsea,Liverpool,5.0,5.0,2,2,1,1,0.0,0,0
2019_2020,Sheffield United,Liverpool,3.0,3.0,3,4,0,0,0.0,-1,0
2019_2020,Aston Villa,Burnley,3.0,7.0,3,2,0,0,-4.0,1,0
2019_2020,Bournemouth,West Ham,3.0,3.0,3,3,0,0,0.0,0,0
2019_2020,Chelsea,Brighton,3.0,3.0,4,3,0,0,0.0,1,0
2019_2020,Crystal Palace,Norwich,6.0,7.0,2,2,0,0,-1.0,0,0
2019_2020,Tottenham,Southampton,4.0,4.0,4,3,0,0,0.0,1,0
2019_2020,Wolves,Watford,3.0,4.0,4,3,0,0,-1.0,1,0
2019_2020,Everton,Man City,4.0,4.0,3,4,0,0,0.0,-1,0
2019_2020,Leicester,Newcastle,5.0,8.0,2,1,0,0,-3.0,1,0
2019_2020,Man United,Arsenal,5.0,6.0,3,3,0,0,-1.0,0,0
2019_2020,Brighton,Tottenham,7.0,4.0,3,4,0,1,3.0,-1,-1
2019_2020,Burnley,Everton,7.0,7.0,2,3,0,0,0.0,-1,0
2019_2020,Liverpool,Leicester,3.0,6.0,4,3,1,0,-3.0,1,1
2019_2020,Norwich,Aston Villa,7.0,7.0,2,3,0,0,0.0,-1,0
2019_2020,Watford,Sheffield United,7.0,7.0,3,3,0,0,0.0,0,0
2019_2020,West Ham,Crystal Palace,7.0,7.0,3,2,0,0,0.0,1,0
2019_2020,Arsenal,Bournemouth,3.0,8.0,4,2,1,0,-5.0,2,1
2019_2020,Man City,Wolves,5.0,3.0,3,4,1,1,2.0,-1,0
2019_2020,Southampton,Chelsea,8.0,4.0,2,4,0,1,4.0,-2,-1
2019_2020,Newcastle,Man United,7.0,3.0,1,4,0,1,4.0,-3,-1
2019_2020,Everton,West Ham,14.0,14.0,1,1,0,0,0.0,0,0
2019_2020,Aston Villa,Brighton,14.0,14.0,1,1,0,0,0.0,0,0
2019_2020,Bournemouth,Norwich,13.0,14.0,1,1,0,0,-1.0,0,0
2019_2020,Chelsea,Newcastle,13.0,13.0,1,1,0,0,0.0,0,0
2019_2020,Leicester,Burnley,14.0,14.0,1,1,0,0,0.0,0,0
2019_2020,Tottenham,Watford,14.0,14.0,1,1,0,0,0.0,0,0
2019_2020,Wolves,Southampton,13.0,13.0,1,1,0,0,0.0,0,0
2019_2020,Crystal Palace,Man City,14.0,13.0,1,1,0,0,1.0,0,0
2019_2020,Man United,Liverpool,14.0,15.0,1,0,0,0,-1.0,1,0
2019_2020,Sheffield United,Arsenal,16.0,15.0,0,0,0,0,1.0,0,0
2019_2020,Southampton,Leicester,6.0,6.0,1,1,0,0,0.0,0,0
2019_2020,Man City,Aston Villa,4.0,7.0,2,1,1,0,-3.0,1,1
2019_2020,Brighton,Everton,7.0,7.0,1,1,0,0,0.0,0,0
2019_2020,Watford,Bournemouth,7.0,7.0,1,1,0,0,0.0,0,0
2019_2020,West Ham,Sheffield United,7.0,5.0,1,1,0,0,2.0,0,0
2019_2020,Burnley,Chelsea,7.0,3.0,1,2,0,1,4.0,-1,-1
2019_2020,Newcastle,Wolves,8.0,3.0,1,2,0,1,5.0,-1,-1
2019_2020,Arsenal,Crystal Palace,3.0,8.0,2,1,1,0,-5.0,1,1
2019_2020,Liverpool,Tottenham,4.0,5.0,2,2,1,1,-1.0,0,0
2019_2020,Norwich,Man United,8.0,3.0,1,2,0,1,5.0,-1,-1
2019_2020,Bournemouth,Man United,7.0,3.0,2,4,0,0,4.0,-2,0
2019_2020,Arsenal,Wolves,3.0,3.0,4,4,0,0,0.0,0,0
2019_2020,Aston Villa,Liverpool,3.0,3.0,3,4,0,0,0.0,-1,0
2019_2020,Brighton,Norwich,7.0,6.0,2,2,0,0,1.0,0,0
2019_2020,Man City,Southampton,4.0,4.0,4,3,0,0,0.0,1,0
2019_2020,Sheffield United,Burnley,7.0,7.0,2,2,0,0,0.0,0,0
2019_2020,West Ham,Newcastle,7.0,6.0,2,2,0,0,1.0,0,0
2019_2020,Watford,Chelsea,4.0,3.0,3,4,0,0,1.0,-1,0
2019_2020,Crystal Palace,Leicester,7.0,5.0,1,2,0,0,2.0,-1,0
2019_2020,Everton,Tottenham,5.0,7.0,2,2,0,0,-2.0,0,0
2019_2020,Norwich,Watford,6.0,6.0,2,3,0,0,0.0,-1,0
2019_2020,Chelsea,Crystal Palace,4.0,6.0,4,2,1,0,-2.0,2,1
2019_2020,Burnley,West Ham,7.0,7.0,2,2,0,0,0.0,0,0
2019_2020,Newcastle,Bournemouth,7.0,7.0,2,2,0,0,0.0,0,0
2019_2020,Southampton,Everton,7.0,6.0,2,3,0,0,1.0,-1,0
2019_2020,Tottenham,Sheffield United,3.0,7.0,3,2,1,0,-4.0,1,1
2019_2020,Leicester,Arsenal,6.0,3.0,2,4,0,1,3.0,-2,-1
2019_2020,Man United,Brighton,3.0,8.0,4,1,1,0,-5.0,3,1
2019_2020,Wolves,Aston Villa,3.0,8.0,4,2,1,0,-5.0,2,1
2019_2020,Liverpool,Man City,5.0,4.0,4,3,1,1,1.0,1,0
2019_2020,West Ham,Tottenham,14.0,14.0,1,1,0,0,0.0,0,0
2019_2020,Arsenal,Southampton,14.0,14.0,1,1,0,0,0.0,0,0
2019_2020,Bournemouth,Wolves,14.0,13.0,1,1,0,0,1.0,0,0
2019_2020,Brighton,Leicester,13.0,14.0,1,1,0,0,-1.0,0,0
2019_2020,Crystal Palace,Liverpool,14.0,13.0,1,1,0,0,1.0,0,0
2019_2020,Everton,Norwich,14.0,15.0,1,0,0,0,-1.0,1,0
2019_2020,Watford,Burnley,15.0,14.0,0,1,0,0,1.0,-1,0
2019_2020,Man City,Chelsea,13.0,14.0,1,1,0,0,-1.0,0,0
2019_2020,Sheffield United,Man United,15.0,14.0,0,1,0,0,1.0,-1,0
2019_2020,Aston Villa,Newcastle,15.0,16.0,0,0,0,0,-1.0,0,0
2019_2020,Newcastle,Man City,5.0,4.0,1,2,0,1,1.0,-1,-1
2019_2020,Burnley,Crystal Palace,7.0,7.0,1,1,0,0,0.0,0,0
2019_2020,Chelsea,West Ham,3.0,7.0,2,1,1,0,-4.0,1,1
2019_2020,Liverpool,Brighton,3.0,7.0,2,1,1,0,-4.0,1,1
2019_2020,Tottenham,Bournemouth,4.0,7.0,2,1,1,0,-3.0,1,1
2019_2020,Southampton,Watford,7.0,7.0,1,1,0,0,0.0,0,0
2019_2020,Norwich,Arsenal,8.0,3.0,1,2,0,1,5.0,-1,-1
2019_2020,Wolves,Sheffield United,3.0,7.0,2,1,1,0,-4.0,1,1
2019_2020,Leicester,Everton,8.0,8.0,1,1,0,0,0.0,0,0
2019_2020,Man United,Aston Villa,3.0,6.0,2,1,1,0,-3.0,1,1
2019_2020,Crystal Palace,Bournemouth,3.0,3.0,2,2,0,0,0.0,0,0
2019_2020,Burnley,Man City,3.0,3.0,2,3,0,0,0.0,-1,0
2019_2020,Chelsea,Aston Villa,4.0,3.0,3,2,0,0,1.0,1,0
2019_2020,Leicester,Watford,3.0,4.0,2,2,0,0,-1.0,0,0
2019_2020,Man United,Tottenham,3.0,4.0,3,3,0,0,-1.0,0,0
2019_2020,Southampton,Norwich,4.0,3.0,2,2,0,0,1.0,0,0
2019_2020,Wolves,West Ham,3.0,4.0,3,2,0,0,-1.0,1,0
2019_2020,Liverpool,Everton,4.0,3.0,3,2,0,0,1.0,1,0
2019_2020,Sheffield United,Newcastle,4.0,5.0,2,2,0,0,-1.0,0,0
2019_2020,Arsenal,Brighton,4.0,5.0,3,2,0,0,-1.0,1,0
2019_2020,Everton,Chelsea,3.0,3.0,3,4,0,0,0.0,-1,0
2019_2020,Bournemouth,Liverpool,4.0,3.0,3,4,0,0,1.0,-1,0
2019_2020,Tottenham,Burnley,3.0,4.0,4,3,0,0,-1.0,1,0
2019_2020,Watford,Crystal Palace,3.0,4.0,3,3,0,0,-1.0,0,0
2019_2020,Man City,Man United,4.0,3.0,4,4,0,0,1.0,0,0
2019_2020,Aston Villa,Leicester,4.0,4.0,3,2,0,0,0.0,1,0
2019_2020,Newcastle,Southampton,3.0,4.0,3,2,0,0,-1.0,1,0
2019_2020,Norwich,Sheffield United,4.0,3.0,2,3,0,0,1.0,-1,0
2019_2020,Brighton,Wolves,3.0,4.0,2,3,0,0,-1.0,-1,0
2019_2020,West Ham,Arsenal,5.0,4.0,2,3,0,0,1.0,-1,0
2019_2020,Liverpool,Watford,4.0,7.0,4,3,1,0,-3.0,1,1
2019_2020,Burnley,Newcastle,7.0,6.0,3,3,0,0,1.0,0,0
2019_2020,Chelsea,Bournemouth,4.0,7.0,4,3,1,0,-3.0,1,1
2019_2020,Leicester,Norwich,6.0,6.0,3,3,0,0,0.0,0,0
2019_2020,Sheffield United,Aston Villa,6.0,6.0,3,3,0,0,0.0,0,0
2019_2020,Southampton,West Ham,6.0,5.0,3,3,0,0,1.0,0,0
2019_2020,Man United,Everton,3.0,8.0,4,3,1,0,-5.0,1,1
2019_2020,Wolves,Tottenham,3.0,4.0,4,3,1,1,-1.0,1,0
2019_2020,Arsenal,Man City,3.0,4.0,4,3,1,1,-1.0,1,0
2019_2020,Crystal Palace,Brighton,9.0,8.0,2,2,0,0,1.0,0,0
2019_2020,Everton,Arsenal,3.0,6.0,3,3,0,0,-3.0,0,0
2019_2020,Aston Villa,Southampton,4.0,7.0,3,2,0,0,-3.0,1,0
2019_2020,Bournemouth,Burnley,7.0,7.0,2,2,0,0,0.0,0,0
2019_2020,Brighton,Sheffield United,5.0,7.0,2,2,0,0,-2.0,0,0
2019_2020,Newcastle,Crystal Palace,7.0,5.0,2,2,0,0,2.0,0,0
2019_2020,Norwich,Wolves,7.0,6.0,2,3,0,0,1.0,-1,0
2019_2020,Man City,Leicester,3.0,3.0,4,3,0,0,0.0,1,0
2019_2020,Watford,Man United,8.0,4.0,1,3,0,0,4.0,-2,0
2019_2020,Tottenham,Chelsea,7.0,8.0,2,2,0,0,-1.0,0,0
2019_2020,Tottenham,Brighton,4.0,5.0,2,2,0,0,-1.0,0,0
2019_2020,Aston Villa,Norwich,5.0,5.0,3,2,0,0,0.0,1,0
2019_2020,Bournemouth,Arsenal,5.0,5.0,2,3,0,0,0.0,-1,0
2019_2020,Chelsea,Southampton,4.0,5.0,2,2,0,0,-1.0,0,0
2019_2020,Crystal Palace,West Ham,5.0,12.0,2,1,0,0,-7.0,1,0
2019_2020,Everton,Burnley,5.0,5.0,3,2,0,0,0.0,1,0
2019_2020,Sheffield United,Watford,5.0,4.0,2,2,0,0,1.0,0,0
2019_2020,Man United,Newcastle,4.0,5.0,4,2,0,0,-1.0,2,0
2019_2020,Leicester,Liverpool,5.0,9.0,3,2,0,0,-4.0,1,0
2019_2020,Wolves,Man City,6.0,6.0,2,3,0,0,0.0,-1,0
2019_2020,Brighton,Bournemouth,2.0,2.0,3,3,0,0,0.0,0,0
2019_2020,Newcastle,Everton,2.0,2.0,3,4,0,0,0.0,-1,0
2019_2020,Southampton,Crystal Palace,2.0,2.0,3,3,0,0,0.0,0,0
2019_2020,Watford,Aston Villa,2.0,2.0,3,4,0,0,0.0,-1,0
2019_2020,Norwich,Tottenham,2.0,2.0,3,3,0,0,0.0,0,0
2019_2020,West Ham,Leicester,2.0,2.0,2,4,0,0,0.0,-2,0
2019_2020,Burnley,Man United,2.0,2.0,3,4,0,0,0.0,-1,0
2019_2020,Arsenal,Chelsea,3.0,3.0,3,2,0,0,0.0,1,0
2019_2020,Liverpool,Wolves,3.0,2.0,2,3,0,0,1.0,-1,0
2019_2020,Man City,Sheffield United,2.0,3.0,4,2,0,0,-1.0,2,0
2019_2020,Brighton,Chelsea,4.0,3.0,3,3,0,0,1.0,0,0
2019_2020,Burnley,Aston Villa,4.0,4.0,3,3,0,0,0.0,0,0
2019_2020,Newcastle,Leicester,4.0,4.0,3,4,0,0,0.0,-1,0
2019_2020,Southampton,Tottenham,4.0,4.0,3,3,0,0,0.0,0,0
2019_2020,Watford,Wolves,4.0,3.0,3,3,0,0,1.0,0,0
2019_2020,Man City,Everton,3.0,4.0,4,4,0,0,-1.0,0,0
2019_2020,Norwich,Crystal Palace,4.0,4.0,3,3,0,0,0.0,0,0
2019_2020,West Ham,Bournemouth,4.0,4.0,2,3,0,0,0.0,-1,0
2019_2020,Arsenal,Man United,3.0,4.0,3,4,0,0,-1.0,-1,0
2019_2020,Liverpool,Sheffield United,4.0,4.0,2,3,0,0,0.0,-1,0
2019_2020,Sheffield United,West Ham,5.0,5.0,3,3,0,0,0.0,0,0
2019_2020,Crystal Palace,Arsenal,6.0,5.0,3,3,0,0,1.0,0,0
2019_2020,Chelsea,Burnley,6.0,7.0,3,3,0,0,-1.0,0,0
2019_2020,Everton,Brighton,6.0,7.0,3,3,0,0,-1.0,0,0
2019_2020,Leicester,Southampton,3.0,7.0,4,3,0,0,-4.0,1,0
2019_2020,Man United,Norwich,4.0,7.0,4,3,0,0,-3.0,1,0
2019_2020,Wolves,Newcastle,7.0,7.0,3,3,0,0,0.0,0,0
2019_2020,Tottenham,Liverpool,6.0,6.0,3,3,0,0,0.0,0,0
2019_2020,Bournemouth,Watford,8.0,8.0,2,2,0,0,0.0,0,0
2019_2020,Aston Villa,Man City,4.0,5.0,3,4,0,0,-1.0,-1,0
2019_2020,Watford,Tottenham,6.0,4.0,2,3,0,0,2.0,-1,0
2019_2020,Arsenal,Sheffield United,7.0,8.0,2,2,0,0,-1.0,0,0
2019_2020,Brighton,Aston Villa,7.0,6.0,2,3,0,0,1.0,-1,0
2019_2020,Man City,Crystal Palace,6.0,7.0,3,2,0,0,-1.0,1,0
2019_2020,Norwich,Bournemouth,7.0,6.0,2,2,0,0,1.0,0,0
2019_2020,Southampton,Wolves,7.0,3.0,2,3,0,0,4.0,-1,0
2019_2020,West Ham,Everton,8.0,7.0,2,2,0,0,1.0,0,0
2019_2020,Newcastle,Chelsea,4.0,7.0,3,2,0,0,-3.0,1,0
2019_2020,Burnley,Leicester,8.0,8.0,1,2,0,0,0.0,-1,0
2019_2020,Liverpool,Man United,8.0,4.0,2,3,0,0,4.0,-1,0
2019_2020,Aston Villa,Watford,3.0,3.0,3,2,0,0,0.0,1,0
2019_2020,Bournemouth,Brighton,3.0,3.0,2,2,0,0,0.0,0,0
2019_2020,Crystal Palace,Southampton,3.0,3.0,2,2,0,0,0.0,0,0
2019_2020,Everton,Newcastle,3.0,3.0,2,3,0,0,0.0,-1,0
2019_2020,Sheffield United,Man City,3.0,3.0,2,3,0,0,0.0,-1,0
2019_2020,Chelsea,Arsenal,3.0,3.0,2,2,0,0,0.0,0,0
2019_2020,Leicester,West Ham,3.0,4.0,3,2,0,0,-1.0,1,0
2019_2020,Tottenham,Norwich,4.0,4.0,3,2,0,0,0.0,1,0
2019_2020,Man United,Burnley,3.0,3.0,3,2,0,0,0.0,1,0
2019_2020,Wolves,Liverpool,5.0,4.0,3,2,0,0,1.0,1,0
2019_2020,West Ham,Liverpool,4.0,3.0,3,3,0,0,1.0,0,0
2019_2020,Leicester,Chelsea,4.0,7.0,4,3,0,0,-3.0,1,0
2019_2020,Bournemouth,Aston Villa,5.0,4.0,3,3,0,0,1.0,0,0
2019_2020,Crystal Palace,Sheffield United,11.0,7.0,2,3,0,0,4.0,-1,0
2019_2020,Liverpool,Southampton,3.0,7.0,4,3,0,0,-4.0,1,0
2019_2020,Newcastle,Norwich,7.0,7.0,3,3,0,0,0.0,0,0
2019_2020,Watford,Everton,9.0,11.0,3,2,0,0,-2.0,1,0
2019_2020,West Ham,Brighton,3.0,11.0,4,2,0,0,-8.0,2,0
2019_2020,Man United,Wolves,3.0,9.0,4,2,0,0,-6.0,2,0
2019_2020,Burnley,Arsenal,8.0,6.0,3,2,0,0,2.0,1,0
2019_2020,Tottenham,Man City,8.0,4.0,2,3,0,0,4.0,-1,0
2019_2020,Everton,Crystal Palace,7.0,7.0,1,1,0,0,0.0,0,0
2019_2020,Brighton,Watford,7.0,7.0,1,1,0,0,0.0,0,0
2019_2020,Sheffield United,Bournemouth,8.0,8.0,1,2,0,0,0.0,-1,0
2019_2020,Wolves,Leicester,13.0,13.0,1,1,0,0,0.0,0,0
2019_2020,Southampton,Burnley,10.0,13.0,2,1,0,0,-3.0,1,0
2019_2020,Norwich,Liverpool,14.0,11.0,1,2,0,0,3.0,-1,0
2019_2020,Aston Villa,Tottenham,15.0,11.0,0,2,0,0,4.0,-2,0
2019_2020,Arsenal,Newcastle,14.0,12.0,1,1,0,0,2.0,0,0
2019_2020,Chelsea,Man United,16.0,16.0,0,0,0,0,0.0,0,0
2019_2020,Man City,West Ham,17.0,18.0,0,0,0,0,-1.0,0,0
2019_2020,Chelsea,Tottenham,5.0,3.0,1,2,0,1,2.0,-1,-1
2019_2020,Burnley,Bournemouth,7.0,13.0,1,1,0,0,-6.0,0,0
2019_2020,Crystal Palace,Newcastle,14.0,6.0,1,1,0,0,8.0,0,0
2019_2020,Sheffield United,Brighton,13.0,14.0,1,1,0,0,-1.0,0,0
2019_2020,Southampton,Aston Villa,7.0,6.0,1,1,0,0,1.0,0,0
2019_2020,Leicester,Man City,8.0,3.0,1,1,0,0,5.0,0,0
2019_2020,Man United,Watford,3.0,15.0,2,0,1,0,-12.0,2,1
2019_2020,Wolves,Norwich,3.0,8.0,2,1,1,0,-5.0,1,1
2019_2020,Arsenal,Everton,3.0,15.0,2,0,1,0,-12.0,2,1
2019_2020,Liverpool,West Ham,6.0,5.0,2,1,0,0,1.0,1,0
2019_2020,Norwich,Leicester,5.0,6.0,2,2,0,0,-1.0,0,0
2019_2020,Brighton,Crystal Palace,7.0,7.0,1,1,0,0,0.0,0,0
2019_2020,Bournemouth,Chelsea,7.0,4.0,1,3,0,1,3.0,-2,-1
2019_2020,Newcastle,Burnley,7.0,7.0,2,2,0,0,0.0,0,0
2019_2020,West Ham,Southampton,5.0,7.0,2,2,0,0,-2.0,0,0
2019_2020,Watford,Liverpool,6.0,5.0,1,3,0,0,1.0,-2,0
2019_2020,Everton,Man United,7.0,3.0,1,4,0,1,4.0,-3,-1
2019_2020,Tottenham,Wolves,8.0,3.0,3,3,0,1,5.0,0,-1
2019_2020,Liverpool,Bournemouth,4.0,7.0,3,2,0,0,-3.0,1,0
2019_2020,Arsenal,West Ham,5.0,7.0,3,2,0,0,-2.0,1,0
2019_2020,Crystal Palace,Watford,7.0,7.0,2,2,0,0,0.0,0,0
2019_2020,Sheffield United,Norwich,4.0,3.0,2,3,0,0,1.0,-1,0
2019_2020,Southampton,Newcastle,7.0,4.0,2,3,0,0,3.0,-1,0
2019_2020,Wolves,Brighton,6.0,7.0,3,2,0,0,-1.0,1,0
2019_2020,Burnley,Tottenham,7.0,3.0,2,3,0,0,4.0,-1,0
2019_2020,Chelsea,Everton,5.0,7.0,3,2,0,0,-2.0,1,0
2019_2020,Man United,Man City,3.0,4.0,4,3,0,0,-1.0,1,0
2019_2020,Leicester,Aston Villa,5.0,8.0,2,1,0,0,-3.0,1,0
2019_2020,Aston Villa,Sheffield United,60.0,60.0,0,0,0,0,0.0,0,0
2019_2020,Man City,Arsenal,60.0,60.0,0,0,0,0,0.0,0,0
2019_2020,Norwich,Southampton,60.0,60.0,0,0,0,0,0.0,0,0
2019_2020,Tottenham,Man United,60.0,60.0,0,0,0,0,0.0,0,0
2019_2020,Watford,Leicester,60.0,60.0,0,0,0,0,0.0,0,0
2019_2020,Brighton,Arsenal,60.0,3.0,0,1,0,0,57.0,-1,0
2019_2020,West Ham,Wolves,60.0,60.0,0,0,0,0,0.0,0,0
2019_2020,Bournemouth,Crystal Palace,60.0,60.0,0,0,0,0,0.0,0,0
2019_2020,Newcastle,Sheffield United,60.0,4.0,0,1,0,0,56.0,-1,0
2019_2020,Aston Villa,Chelsea,4.0,60.0,1,0,0,0,-56.0,1,0
2019_2020,Everton,Liverpool,60.0,60.0,0,0,0,0,0.0,0,0
2019_2020,Man City,Burnley,5.0,60.0,1,0,0,0,-55.0,1,0
2019_2020,Leicester,Brighton,3.0,3.0,1,1,0,0,0.0,0,0
2019_2020,Tottenham,West Ham,4.0,3.0,1,1,0,0,1.0,0,0
2019_2020,Man United,Sheffield United,5.0,3.0,1,2,0,0,2.0,-1,0
2019_2020,Newcastle,Aston Villa,3.0,3.0,1,2,0,0,0.0,-1,0
2019_2020,Norwich,Everton,5.0,3.0,1,1,0,0,2.0,0,0
2019_2020,Wolves,Bournemouth,4.0,4.0,1,1,0,0,0.0,0,0
2019_2020,Liverpool,Crystal Palace,3.0,4.0,1,1,0,0,-1.0,0,0
2019_2020,Burnley,Watford,3.0,5.0,1,1,0,0,-2.0,0,0
2019_2020,Southampton,Arsenal,6.0,5.0,1,2,0,0,1.0,-1,0
2019_2020,Chelsea,Man City,4.0,3.0,1,2,0,0,1.0,-1,0
2019_2020,Aston Villa,Wolves,3.0,3.0,3,2,0,0,0.0,1,0
2019_2020,Watford,Southampton,3.0,3.0,2,2,0,0,0.0,0,0
2019_2020,Crystal Palace,Burnley,5.0,4.0,2,2,0,0,1.0,0,0
2019_2020,Brighton,Man United,7.0,3.0,2,3,0,0,4.0,-1,0
2019_2020,Arsenal,Norwich,3.0,4.0,4,3,0,0,-1.0,1,0
2019_2020,Bournemouth,Newcastle,7.0,3.0,2,3,0,0,4.0,-1,0
2019_2020,Everton,Leicester,7.0,3.0,2,3,0,0,4.0,-1,0
2019_2020,West Ham,Chelsea,8.0,3.0,2,3,0,0,5.0,-1,0
2019_2020,Sheffield United,Tottenham,4.0,9.0,3,2,0,0,-5.0,1,0
2019_2020,Man City,Liverpool,4.0,8.0,3,2,0,0,-4.0,1,0
2019_2020,Norwich,Brighton,3.0,4.0,3,3,0,0,-1.0,0,0
2019_2020,Leicester,Crystal Palace,3.0,5.0,4,3,0,0,-2.0,1,0
2019_2020,Man United,Bournemouth,4.0,3.0,3,3,0,0,1.0,0,0
2019_2020,Wolves,Arsenal,7.0,3.0,3,4,0,0,4.0,-1,0
2019_2020,Chelsea,Watford,3.0,6.0,4,3,0,0,-3.0,1,0
2019_2020,Burnley,Sheffield United,6.0,3.0,3,4,0,0,3.0,-1,0
2019_2020,Newcastle,West Ham,4.0,4.0,4,2,0,0,0.0,2,0
2019_2020,Liverpool,Aston Villa,3.0,8.0,3,3,0,0,-5.0,0,0
2019_2020,Southampton,Man City,7.0,3.0,2,4,0,0,4.0,-2,0
2019_2020,Tottenham,Everton,4.0,5.0,2,2,0,0,-1.0,0,0
2019_2020,Crystal Palace,Chelsea,3.0,3.0,3,4,0,0,0.0,-1,0
2019_2020,Watford,Norwich,3.0,3.0,3,4,0,0,0.0,-1,0
2019_2020,Arsenal,Leicester,3.0,3.0,4,4,0,0,0.0,0,0
2019_2020,Man City,Newcastle,3.0,3.0,4,4,0,0,0.0,0,0
2019_2020,Sheffield United,Wolves,3.0,4.0,4,3,0,0,-1.0,1,0
2019_2020,West Ham,Burnley,3.0,3.0,2,3,0,0,0.0,-1,0
2019_2020,Brighton,Liverpool,4.0,3.0,2,3,0,0,1.0,-1,0
2019_2020,Bournemouth,Tottenham,5.0,3.0,2,2,0,0,2.0,0,0
2019_2020,Everton,Southampton,3.0,4.0,2,3,0,0,-1.0,-1,0
2019_2020,Aston Villa,Man United,4.0,5.0,2,3,0,0,-1.0,-1,0
2019_2020,Norwich,West Ham,4.0,3.0,4,3,0,0,1.0,1,0
2019_2020,Watford,Newcastle,4.0,3.0,3,4,0,0,1.0,-1,0
2019_2020,Liverpool,Burnley,3.0,3.0,3,3,0,0,0.0,0,0
2019_2020,Sheffield United,Chelsea,3.0,4.0,4,4,0,0,-1.0,0,0
2019_2020,Brighton,Man City,3.0,3.0,3,4,0,0,0.0,-1,0
2019_2020,Wolves,Everton,4.0,3.0,2,3,0,0,1.0,-1,0
2019_2020,Aston Villa,Crystal Palace,3.0,5.0,2,3,0,0,-2.0,-1,0
2019_2020,Tottenham,Arsenal,3.0,5.0,3,4,0,0,-2.0,-1,0
2019_2020,Bournemouth,Leicester,3.0,5.0,3,4,0,0,-2.0,-1,0
2019_2020,Man United,Southampton,4.0,4.0,3,2,0,0,0.0,1,0
2019_2020,Chelsea,Norwich,3.0,3.0,4,4,0,0,0.0,0,0
2019_2020,Burnley,Wolves,4.0,3.0,3,3,0,0,1.0,0,0
2019_2020,Man City,Bournemouth,4.0,3.0,4,4,0,0,1.0,0,0
2019_2020,Newcastle,Tottenham,4.0,3.0,4,4,0,0,1.0,0,0
2019_2020,Arsenal,Liverpool,3.0,4.0,4,4,0,0,-1.0,0,0
2019_2020,Everton,Aston Villa,4.0,4.0,3,3,0,0,0.0,0,0
2019_2020,Leicester,Sheffield United,4.0,5.0,3,4,0,0,-1.0,-1,0
2019_2020,Crystal Palace,Man United,4.0,3.0,3,3,0,0,1.0,0,0
2019_2020,Southampton,Brighton,3.0,5.0,3,3,0,0,-2.0,0,0
2019_2020,West Ham,Watford,6.0,6.0,3,3,0,0,0.0,0,0
2019_2020,Norwich,Burnley,4.0,3.0,4,4,0,0,1.0,0,0
2019_2020,Bournemouth,Southampton,4.0,3.0,3,4,0,0,1.0,-1,0
2019_2020,Tottenham,Leicester,4.0,3.0,4,3,0,0,1.0,1,0
2019_2020,Brighton,Newcastle,4.0,5.0,3,3,0,0,-1.0,0,0
2019_2020,Sheffield United,Everton,4.0,4.0,3,4,0,0,0.0,-1,0
2019_2020,Wolves,Crystal Palace,5.0,4.0,3,3,0,0,1.0,0,0
2019_2020,Watford,Man City,4.0,3.0,3,4,0,0,1.0,-1,0
2019_2020,Aston Villa,Arsenal,5.0,3.0,3,4,0,0,2.0,-1,0
2019_2020,Man United,West Ham,3.0,5.0,4,3,0,0,-2.0,1,0
2019_2020,Liverpool,Chelsea,7.0,3.0,3,3,0,0,4.0,0,0
2019_2020,Arsenal,Watford,5.0,5.0,4,2,0,0,0.0,2,0
2019_2020,Burnley,Brighton,8.0,6.0,2,2,0,0,2.0,0,0
2019_2020,Chelsea,Wolves,4.0,6.0,3,3,0,0,-2.0,0,0
2019_2020,Crystal Palace,Tottenham,6.0,7.0,3,3,0,0,-1.0,0,0
2019_2020,Everton,Bournemouth,6.0,7.0,3,3,0,0,-1.0,0,0
2019_2020,Leicester,Man United,7.0,4.0,3,4,0,0,3.0,-1,0
2019_2020,Man City,Norwich,5.0,8.0,3,2,0,0,-3.0,1,0
2019_2020,Newcastle,Liverpool,6.0,4.0,2,2,0,0,2.0,0,0
2019_2020,Southampton,Sheffield United,7.0,6.0,3,2,0,0,1.0,1,0
2019_2020,West Ham,Aston Villa,4.0,5.0,2,3,0,0,-1.0,-1,0
2020_2021,Fulham,Arsenal,60.0,42.0,0,0,0,0,18.0,0,0
2020_2021,Crystal Palace,Southampton,48.0,48.0,0,0,0,0,0.0,0,0
2020_2021,Liverpool,Leeds,48.0,60.0,0,0,0,0,-12.0,0,0
2020_2021,West Ham,Newcastle,48.0,48.0,0,0,0,0,0.0,0,0
2020_2021,West Brom,Leicester,60.0,49.0,0,0,0,0,11.0,0,0
2020_2021,Tottenham,Everton,49.0,49.0,0,0,0,0,0.0,0,0
2020_2021,Sheffield United,Wolves,50.0,34.0,0,0,0,0,16.0,0,0
2020_2021,Brighton,Chelsea,50.0,37.0,0,0,0,0,13.0,0,0
2020_2021,Everton,West Brom,3.0,3.0,2,2,0,0,0.0,0,0
2020_2021,Leeds,Fulham,3.0,3.0,2,2,0,0,0.0,0,0
2020_2021,Man United,Crystal Palace,34.0,4.0,0,2,0,0,30.0,-2,0
2020_2021,Arsenal,West Ham,7.0,4.0,1,2,0,0,3.0,-1,0
2020_2021,Southampton,Tottenham,4.0,7.0,2,1,0,0,-3.0,1,0
2020_2021,Newcastle,Brighton,5.0,3.0,2,2,0,0,2.0,0,0
2020_2021,Chelsea,Liverpool,6.0,8.0,1,1,0,0,-2.0,0,0
2020_2021,Leicester,Burnley,7.0,3.0,1,1,0,0,4.0,0,0
2020_2021,Aston Villa,Sheffield United,6.0,4.0,1,2,0,0,2.0,-1,0
2020_2021,Wolves,Man City,4.0,37.0,2,0,0,0,-33.0,2,0
2020_2021,Brighton,Man United,3.0,4.0,4,2,0,0,-1.0,2,0
2020_2021,Crystal Palace,Everton,7.0,3.0,3,4,0,0,4.0,-1,0
2020_2021,West Brom,Chelsea,4.0,3.0,4,3,0,0,1.0,1,0
2020_2021,Burnley,Southampton,3.0,6.0,3,3,0,0,-3.0,0,0
2020_2021,Sheffield United,Leeds,6.0,8.0,3,2,0,0,-2.0,1,0
2020_2021,Tottenham,Newcastle,5.0,4.0,3,3,0,0,1.0,0,0
2020_2021,Man City,Leicester,3.0,4.0,2,3,0,0,-1.0,-1,0
2020_2021,West Ham,Wolves,5.0,6.0,3,3,0,0,-1.0,0,0
2020_2021,Fulham,Aston Villa,5.0,4.0,3,3,0,0,1.0,0,0
2020_2021,Liverpool,Arsenal,4.0,5.0,2,2,0,0,-1.0,0,0
2020_2021,Chelsea,Crystal Palace,4.0,7.0,4,2,0,0,-3.0,2,0
2020_2021,Everton,Brighton,3.0,3.0,4,4,0,0,0.0,0,0
2020_2021,Leeds,Man City,6.0,3.0,2,4,0,0,3.0,-2,0
2020_2021,Newcastle,Burnley,3.0,3.0,4,4,0,0,0.0,0,0
2020_2021,Leicester,West Ham,7.0,4.0,3,3,0,0,3.0,0,0
2020_2021,Southampton,West Brom,8.0,8.0,2,2,0,0,0.0,0,0
2020_2021,Arsenal,Sheffield United,3.0,7.0,3,2,0,0,-4.0,1,0
2020_2021,Wolves,Fulham,7.0,3.0,2,3,0,0,4.0,-1,0
2020_2021,Man United,Tottenham,4.0,5.0,3,4,0,0,-1.0,-1,0
2020_2021,Aston Villa,Liverpool,3.0,3.0,4,4,0,0,0.0,0,0
2020_2021,Everton,Liverpool,14.0,13.0,1,1,0,0,1.0,0,0
2020_2021,Chelsea,Southampton,14.0,13.0,1,1,0,0,1.0,0,0
2020_2021,Man City,Arsenal,14.0,13.0,1,1,0,0,1.0,0,0
2020_2021,Newcastle,Man United,14.0,13.0,1,1,0,0,1.0,0,0
2020_2021,Sheffield United,Fulham,14.0,14.0,1,1,0,0,0.0,0,0
2020_2021,Crystal Palace,Brighton,15.0,15.0,0,0,0,0,0.0,0,0
2020_2021,Tottenham,West Ham,14.0,14.0,1,1,0,0,0.0,0,0
2020_2021,Leicester,Aston Villa,14.0,14.0,1,1,0,0,0.0,0,0
2020_2021,West Brom,Burnley,15.0,16.0,0,0,0,0,-1.0,0,0
2020_2021,Leeds,Wolves,16.0,15.0,0,0,0,0,1.0,0,0
2020_2021,Aston Villa,Leeds,5.0,4.0,1,1,0,0,1.0,0,0
2020_2021,West Ham,Man City,6.0,3.0,1,2,0,1,3.0,-1,-1
2020_2021,Fulham,Crystal Palace,6.0,6.0,1,1,0,0,0.0,0,0
2020_2021,Man United,Chelsea,4.0,4.0,2,2,1,1,0.0,0,0
2020_2021,Liverpool,Sheffield United,3.0,6.0,2,1,1,0,-3.0,1,1
2020_2021,Southampton,Everton,8.0,8.0,1,1,0,0,0.0,0,0
2020_2021,Wolves,Newcastle,6.0,8.0,1,1,0,0,-2.0,0,0
2020_2021,Arsenal,Leicester,3.0,3.0,2,2,1,1,0.0,0,0
2020_2021,Brighton,West Brom,8.0,7.0,1,1,0,0,1.0,0,0
2020_2021,Burnley,Tottenham,7.0,4.0,1,2,0,1,3.0,-1,-1
2020_2021,Wolves,Crystal Palace,5.0,6.0,2,2,0,0,-1.0,0,0
2020_2021,Sheffield United,Man City,7.0,4.0,2,4,0,1,3.0,-2,-1
2020_2021,Burnley,Chelsea,5.0,3.0,2,4,0,1,2.0,-2,-1
2020_2021,Liverpool,West Ham,4.0,7.0,4,2,1,0,-3.0,2,1
2020_2021,Aston Villa,Southampton,9.0,7.0,2,1,0,0,2.0,1,0
2020_2021,Newcastle,Everton,7.0,7.0,1,1,0,0,0.0,0,0
2020_2021,Man United,Arsenal,4.0,3.0,3,3,1,1,1.0,0,0
2020_2021,Tottenham,Brighton,3.0,6.0,4,2,1,0,-3.0,2,1
2020_2021,Fulham,West Brom,9.0,7.0,1,2,0,0,2.0,-1,0
2020_2021,Leeds,Leicester,10.0,4.0,2,3,0,1,6.0,-1,-1
2020_2021,Brighton,Burnley,5.0,6.0,2,2,0,0,-1.0,0,0
2020_2021,Southampton,Newcastle,5.0,5.0,2,2,0,0,0.0,0,0
2020_2021,Everton,Man United,6.0,3.0,2,4,0,1,3.0,-2,-1
2020_2021,Crystal Palace,Leeds,8.0,5.0,2,1,0,0,3.0,1,0
2020_2021,Chelsea,Sheffield United,3.0,7.0,4,2,1,0,-4.0,2,1
2020_2021,West Ham,Fulham,7.0,5.0,2,2,0,0,2.0,0,0
2020_2021,West Brom,Tottenham,6.0,3.0,2,4,0,1,3.0,-2,-1
2020_2021,Leicester,Wolves,3.0,9.0,4,2,1,0,-6.0,2,1
2020_2021,Man City,Liverpool,5.0,5.0,3,3,1,1,0.0,0,0
2020_2021,Arsenal,Aston Villa,3.0,7.0,4,1,1,0,-4.0,3,1
2020_2021,Newcastle,Chelsea,15.0,14.0,0,1,0,0,1.0,-1,0
2020_2021,Aston Villa,Brighton,13.0,15.0,1,0,0,0,-2.0,1,0
2020_2021,Tottenham,Man City,13.0,13.0,1,1,0,0,0.0,0,0
2020_2021,Man United,West Brom,14.0,13.0,1,1,0,0,1.0,0,0
2020_2021,Fulham,Everton,15.0,15.0,0,0,0,0,0.0,0,0
2020_2021,Sheffield United,West Ham,15.0,15.0,0,0,0,0,0.0,0,0
2020_2021,Leeds,Arsenal,15.0,14.0,0,1,0,0,1.0,-1,0
2020_2021,Liverpool,Leicester,14.0,14.0,1,1,0,0,0.0,0,0
2020_2021,Burnley,Crystal Palace,17.0,16.0,0,0,0,0,1.0,0,0
2020_2021,Wolves,Southampton,15.0,17.0,0,0,0,0,-2.0,0,0
2020_2021,Crystal Palace,Newcastle,4.0,6.0,1,1,0,0,-2.0,0,0
2020_2021,Brighton,Liverpool,7.0,3.0,1,2,0,1,4.0,-1,-1
2020_2021,Man City,Burnley,3.0,5.0,2,1,1,0,-2.0,1,1
2020_2021,Everton,Leeds,6.0,6.0,1,1,0,0,0.0,0,0
2020_2021,West Brom,Sheffield United,7.0,6.0,1,1,0,0,1.0,0,0
2020_2021,Southampton,Man United,6.0,5.0,1,2,0,1,1.0,-1,-1
2020_2021,Chelsea,Tottenham,5.0,3.0,2,2,1,1,2.0,0,0
2020_2021,Arsenal,Wolves,3.0,6.0,2,1,1,0,-3.0,1,1
2020_2021,Leicester,Fulham,4.0,8.0,2,1,1,0,-4.0,1,1
2020_2021,West Ham,Aston Villa,8.0,9.0,1,1,0,0,-1.0,0,0
2020_2021,Burnley,Everton,7.0,7.0,2,2,0,0,0.0,0,0
2020_2021,Man City,Fulham,4.0,5.0,4,2,1,0,-1.0,2,1
2020_2021,West Ham,Man United,5.0,3.0,2,4,0,1,2.0,-2,-1
2020_2021,Chelsea,Leeds,3.0,7.0,4,2,1,0,-4.0,2,1
2020_2021,West Brom,Crystal Palace,8.0,9.0,1,2,0,0,-1.0,-1,0
2020_2021,Sheffield United,Leicester,8.0,3.0,2,4,0,1,5.0,-2,-1
2020_2021,Tottenham,Arsenal,3.0,3.0,3,4,1,1,0.0,-1,0
2020_2021,Liverpool,Wolves,5.0,7.0,4,2,1,0,-2.0,2,1
2020_2021,Brighton,Southampton,9.0,8.0,1,2,0,0,1.0,-1,0
2020_2021,Leeds,West Ham,6.0,6.0,2,2,0,0,0.0,0,0
2020_2021,Wolves,Aston Villa,6.0,12.0,2,1,0,0,-6.0,1,0
2020_2021,Newcastle,West Brom,15.0,6.0,0,2,0,0,9.0,-2,0
2020_2021,Man United,Man City,4.0,3.0,4,4,1,1,1.0,0,0
2020_2021,Everton,Chelsea,7.0,4.0,2,4,0,1,3.0,-2,-1
2020_2021,Southampton,Sheffield United,6.0,7.0,2,1,0,0,-1.0,1,0
2020_2021,Crystal Palace,Tottenham,7.0,3.0,1,4,0,1,4.0,-3,-1
2020_2021,Fulham,Liverpool,8.0,4.0,2,3,0,1,4.0,-1,-1
2020_2021,Arsenal,Burnley,3.0,8.0,4,1,1,0,-5.0,3,1
2020_2021,Leicester,Brighton,3.0,6.0,4,1,1,0,-3.0,3,1
2020_2021,Wolves,Chelsea,3.0,3.0,2,4,0,0,0.0,-2,0
2020_2021,Man City,West Brom,3.0,3.0,4,2,0,0,0.0,2,0
2020_2021,Arsenal,Southampton,3.0,3.0,4,2,0,0,0.0,2,0
2020_2021,Leeds,Newcastle,5.0,4.0,2,1,0,0,1.0,1,0
2020_2021,Leicester,Everton,3.0,4.0,4,2,0,0,-1.0,2,0
2020_2021,Fulham,Brighton,3.0,3.0,2,2,0,0,0.0,0,0
2020_2021,Liverpool,Tottenham,3.0,3.0,3,4,0,0,0.0,-1,0
2020_2021,West Ham,Crystal Palace,5.0,3.0,2,2,0,0,2.0,0,0
2020_2021,Aston Villa,Burnley,5.0,4.0,1,2,0,0,1.0,-1,0
2020_2021,Sheffield United,Man United,4.0,5.0,2,3,0,0,-1.0,-1,0
2020_2021,Crystal Palace,Liverpool,3.0,3.0,3,4,0,0,0.0,-1,0
2020_2021,Southampton,Man City,3.0,4.0,3,4,0,0,-1.0,-1,0
2020_2021,Everton,Arsenal,3.0,3.0,3,4,0,0,0.0,-1,0
2020_2021,Newcastle,Fulham,3.0,3.0,2,3,0,0,0.0,-1,0
2020_2021,Brighton,Sheffield United,4.0,3.0,3,3,0,0,1.0,0,0
2020_2021,Tottenham,Leicester,4.0,4.0,4,4,0,0,0.0,0,0
2020_2021,Man United,Leeds,3.0,4.0,3,2,0,0,-1.0,1,0
2020_2021,West Brom,Aston Villa,5.0,3.0,3,2,0,0,2.0,1,0
2020_2021,Burnley,Wolves,4.0,6.0,2,2,0,0,-2.0,0,0
2020_2021,Chelsea,West Ham,6.0,5.0,3,2,0,0,1.0,1,0
2020_2021,Leicester,Man United,6.0,3.0,3,4,0,0,3.0,-1,0
2020_2021,Aston Villa,Crystal Palace,6.0,7.0,3,3,0,0,-1.0,0,0
2020_2021,Fulham,Southampton,7.0,7.0,3,3,0,0,0.0,0,0
2020_2021,Arsenal,Chelsea,4.0,5.0,4,3,0,0,-1.0,1,0
2020_2021,Man City,Newcastle,4.0,4.0,4,4,0,0,0.0,0,0
2020_2021,Sheffield United,Everton,6.0,3.0,3,4,0,0,3.0,-1,0
2020_2021,Leeds,Burnley,7.0,6.0,2,3,0,0,1.0,-1,0
2020_2021,West Ham,Brighton,6.0,7.0,2,3,0,0,-1.0,-1,0
2020_2021,Liverpool,West Brom,8.0,7.0,3,2,0,0,1.0,1,0
2020_2021,Wolves,Tottenham,6.0,4.0,2,4,0,0,2.0,-2,0
2020_2021,Crystal Palace,Leicester,2.0,2.0,3,3,0,0,0.0,0,0
2020_2021,Chelsea,Aston Villa,2.0,2.0,3,3,0,0,0.0,0,0
2020_2021,Brighton,Arsenal,2.0,3.0,3,4,0,0,-1.0,-1,0
2020_2021,Burnley,Sheffield United,2.0,3.0,3,3,0,0,-1.0,0,0
2020_2021,Southampton,West Ham,3.0,2.0,3,3,0,0,1.0,0,0
2020_2021,West Brom,Leeds,2.0,2.0,3,3,0,0,0.0,0,0
2020_2021,Man United,Wolves,3.0,2.0,4,3,0,0,1.0,1,0
2020_2021,Newcastle,Liverpool,4.0,3.0,4,3,0,0,1.0,1,0
2020_2021,Everton,West Ham,6.0,3.0,3,3,0,0,3.0,0,0
2020_2021,Man United,Aston Villa,3.0,4.0,4,3,0,0,-1.0,1,0
2020_2021,Tottenham,Leeds,6.0,4.0,3,3,0,0,2.0,0,0
2020_2021,Crystal Palace,Sheffield United,5.0,4.0,3,3,0,0,1.0,0,0
2020_2021,Brighton,Wolves,4.0,4.0,3,3,0,0,0.0,0,0
2020_2021,West Brom,Arsenal,4.0,4.0,3,4,0,0,0.0,-1,0
2020_2021,Newcastle,Leicester,4.0,6.0,3,3,0,0,-2.0,0,0
2020_2021,Chelsea,Man City,6.0,8.0,3,2,0,0,-2.0,1,0
2020_2021,Southampton,Liverpool,6.0,5.0,2,2,0,0,1.0,0,0
2020_2021,Sheffield United,Newcastle,3.0,3.0,3,3,0,0,0.0,0,0
2020_2021,Burnley,Man United,3.0,3.0,2,4,0,0,0.0,-2,0
2020_2021,Wolves,Everton,4.0,3.0,3,2,0,0,1.0,1,0
2020_2021,Man City,Brighton,3.0,3.0,3,2,0,0,0.0,1,0
2020_2021,Tottenham,Fulham,3.0,4.0,3,1,0,0,-1.0,2,0
2020_2021,Arsenal,Crystal Palace,5.0,6.0,2,2,0,0,-1.0,0,0
2020_2021,Wolves,West Brom,4.0,7.0,3,2,0,0,-3.0,1,0
2020_2021,Leeds,Brighton,6.0,3.0,2,3,0,0,3.0,-1,0
2020_2021,West Ham,Burnley,5.0,4.0,1,2,0,0,1.0,-1,0
2020_2021,Fulham,Chelsea,3.0,6.0,2,2,0,0,-3.0,0,0
2020_2021,Leicester,Southampton,7.0,12.0,2,1,0,0,-5.0,1,0
2020_2021,Sheffield United,Tottenham,5.0,4.0,2,3,0,0,1.0,-1,0
2020_2021,Liverpool,Man United,9.0,5.0,2,3,0,0,4.0,-1,0
2020_2021,Man City,Crystal Palace,4.0,3.0,4,2,0,0,1.0,2,0
2020_2021,Arsenal,Newcastle,4.0,6.0,2,2,0,0,-2.0,0,0
2020_2021,West Ham,West Brom,3.0,3.0,2,2,0,0,0.0,0,0
2020_2021,Leicester,Chelsea,3.0,3.0,2,2,0,0,0.0,0,0
2020_2021,Man City,Aston Villa,3.0,12.0,4,1,0,0,-9.0,3,0
2020_2021,Fulham,Man United,4.0,3.0,3,4,0,0,1.0,-1,0
2020_2021,Liverpool,Burnley,4.0,5.0,2,3,0,0,-1.0,-1,0
2020_2021,Aston Villa,Newcastle,3.0,5.0,1,3,0,0,-2.0,-2,0
2020_2021,Crystal Palace,West Ham,9.0,3.0,2,3,0,0,6.0,-1,0
2020_2021,Newcastle,Leeds,3.0,10.0,3,1,0,0,-7.0,2,0
2020_2021,Southampton,Arsenal,3.0,3.0,3,3,0,0,0.0,0,0
2020_2021,West Brom,Man City,7.0,3.0,2,4,0,0,4.0,-2,0
2020_2021,Burnley,Aston Villa,3.0,4.0,3,2,0,0,-1.0,1,0
2020_2021,Chelsea,Wolves,3.0,5.0,3,2,0,0,-2.0,1,0
2020_2021,Brighton,Fulham,4.0,3.0,3,4,0,0,1.0,-1,0
2020_2021,Everton,Leicester,3.0,3.0,1,3,0,0,0.0,-2,0
2020_2021,Man United,Sheffield United,3.0,4.0,3,2,0,0,-1.0,1,0
2020_2021,Tottenham,Liverpool,3.0,4.0,2,3,0,0,-1.0,-1,0
2020_2021,Everton,Newcastle,3.0,4.0,2,3,0,0,-1.0,-1,0
2020_2021,Crystal Palace,Wolves,4.0,3.0,2,3,0,0,1.0,-1,0
2020_2021,Man City,Sheffield United,4.0,3.0,4,3,0,0,1.0,1,0
2020_2021,West Brom,Fulham,4.0,3.0,3,4,0,0,1.0,-1,0
2020_2021,Arsenal,Man United,4.0,3.0,3,4,0,0,1.0,-1,0
2020_2021,Southampton,Aston Villa,4.0,3.0,4,3,0,0,1.0,1,0
2020_2021,Chelsea,Burnley,4.0,4.0,3,3,0,0,0.0,0,0
2020_2021,Leicester,Leeds,4.0,5.0,3,1,0,0,-1.0,2,0
2020_2021,West Ham,Liverpool,5.0,3.0,3,4,0,0,2.0,-1,0
2020_2021,Brighton,Tottenham,4.0,3.0,2,3,0,0,1.0,-1,0
2020_2021,Sheffield United,West Brom,3.0,3.0,3,3,0,0,0.0,0,0
2020_2021,Wolves,Arsenal,3.0,3.0,3,3,0,0,0.0,0,0
2020_2021,Man United,Southampton,3.0,3.0,4,4,0,0,0.0,0,0
2020_2021,Newcastle,Crystal Palace,3.0,3.0,3,2,0,0,0.0,1,0
2020_2021,Burnley,Man City,3.0,4.0,4,4,0,0,-1.0,0,0
2020_2021,Fulham,Leicester,4.0,3.0,4,3,0,0,1.0,1,0
2020_2021,Leeds,Everton,3.0,4.0,2,3,0,0,-1.0,-1,0
2020_2021,Aston Villa,West Ham,4.0,3.0,4,3,0,0,1.0,1,0
2020_2021,Liverpool,Brighton,3.0,3.0,4,3,0,0,0.0,1,0
2020_2021,Tottenham,Chelsea,4.0,4.0,3,3,0,0,0.0,0,0
2020_2021,Aston Villa,Arsenal,3.0,4.0,4,4,0,0,-1.0,0,0
2020_2021,Burnley,Brighton,3.0,3.0,4,4,0,0,0.0,0,0
2020_2021,Newcastle,Southampton,4.0,4.0,4,4,0,0,0.0,0,0
2020_2021,Fulham,West Ham,3.0,3.0,4,4,0,0,0.0,0,0
2020_2021,Man United,Everton,4.0,3.0,4,4,0,0,1.0,0,0
2020_2021,Tottenham,West Brom,3.0,5.0,4,3,0,0,-2.0,1,0
2020_2021,Wolves,Leicester,5.0,4.0,3,4,0,0,1.0,-1,0
2020_2021,Liverpool,Man City,4.0,4.0,4,3,0,0,0.0,1,0
2020_2021,Sheffield United,Chelsea,5.0,3.0,3,4,0,0,2.0,-1,0
2020_2021,Leeds,Crystal Palace,5.0,6.0,3,3,0,0,-1.0,0,0
2020_2021,Leicester,Liverpool,3.0,6.0,4,3,0,0,-3.0,1,0
2020_2021,Crystal Palace,Burnley,5.0,4.0,3,4,0,0,1.0,-1,0
2020_2021,Man City,Tottenham,3.0,3.0,4,4,0,0,0.0,0,0
2020_2021,Brighton,Aston Villa,3.0,7.0,4,3,0,0,-4.0,1,0
2020_2021,Southampton,Wolves,3.0,3.0,3,3,0,0,0.0,0,0
2020_2021,West Brom,Man United,7.0,5.0,2,3,0,0,2.0,-1,0
2020_2021,Arsenal,Leeds,8.0,6.0,2,3,0,0,2.0,-1,0
2020_2021,Everton,Fulham,4.0,8.0,3,2,0,0,-4.0,1,0
2020_2021,West Ham,Sheffield United,6.0,5.0,3,3,0,0,1.0,0,0
2020_2021,Chelsea,Newcastle,4.0,9.0,3,2,0,0,-5.0,1,0
2020_2021,Burnley,Fulham,4.0,3.0,4,3,0,0,1.0,1,0
2020_2021,Everton,Man City,3.0,4.0,4,4,0,0,-1.0,0,0
2020_2021,Wolves,Leeds,5.0,5.0,3,2,0,0,0.0,1,0
2020_2021,Southampton,Chelsea,6.0,5.0,3,3,0,0,1.0,0,0
2020_2021,Burnley,West Brom,3.0,6.0,4,2,0,0,-3.0,2,0
2020_2021,Liverpool,Everton,4.0,3.0,3,4,1,0,1.0,-1,1
2020_2021,Fulham,Sheffield United,3.0,5.0,3,3,0,0,-2.0,0,0
2020_2021,West Ham,Tottenham,6.0,3.0,2,4,0,1,3.0,-2,-1
2020_2021,Aston Villa,Leicester,8.0,3.0,1,4,0,1,5.0,-3,-1
2020_2021,Arsenal,Man City,3.0,4.0,2,4,1,0,-1.0,-2,1
2020_2021,Man United,Newcastle,3.0,6.0,3,1,1,0,-3.0,2,1
2020_2021,Brighton,Crystal Palace,9.0,9.0,2,2,0,0,0.0,0,0
2020_2021,Leeds,Southampton,4.0,3.0,2,3,0,0,1.0,-1,0
2020_2021,Man City,West Ham,3.0,6.0,4,2,1,0,-3.0,2,1
2020_2021,West Brom,Brighton,7.0,5.0,2,2,0,0,2.0,0,0
2020_2021,Leeds,Aston Villa,4.0,6.0,3,2,0,0,-2.0,1,0
2020_2021,Newcastle,Wolves,6.0,8.0,2,2,0,0,-2.0,0,0
2020_2021,Crystal Palace,Fulham,6.0,8.0,1,3,0,0,-2.0,-2,0
2020_2021,Leicester,Arsenal,3.0,3.0,3,4,1,1,0.0,-1,0
2020_2021,Tottenham,Burnley,4.0,8.0,3,2,1,0,-4.0,1,1
2020_2021,Chelsea,Man United,5.0,3.0,3,4,1,1,2.0,-1,0
2020_2021,Sheffield United,Liverpool,8.0,8.0,2,2,0,0,0.0,0,0
2020_2021,Everton,Southampton,9.0,6.0,2,2,0,0,3.0,0,0
2020_2021,Man City,Wolves,3.0,3.0,4,2,0,0,0.0,2,0
2020_2021,Burnley,Leicester,3.0,3.0,3,4,0,0,0.0,-1,0
2020_2021,Sheffield United,Aston Villa,3.0,4.0,2,2,0,0,-1.0,0,0
2020_2021,Crystal Palace,Man United,3.0,3.0,2,4,0,0,0.0,-2,0
2020_2021,Fulham,Tottenham,4.0,4.0,2,4,0,0,0.0,-2,0
2020_2021,West Brom,Everton,5.0,3.0,2,2,0,0,2.0,0,0
2020_2021,Liverpool,Chelsea,4.0,4.0,2,3,0,0,0.0,-1,0
2020_2021,Burnley,Arsenal,3.0,6.0,3,3,0,0,-3.0,0,0
2020_2021,Sheffield United,Southampton,3.0,5.0,3,3,0,0,-2.0,0,0
2020_2021,Aston Villa,Wolves,3.0,4.0,3,2,0,0,-1.0,1,0
2020_2021,Brighton,Leicester,7.0,3.0,2,4,0,0,4.0,-2,0
2020_2021,West Brom,Newcastle,3.0,8.0,2,2,0,0,-5.0,0,0
2020_2021,Liverpool,Fulham,3.0,3.0,2,2,0,0,0.0,0,0
2020_2021,Man City,Man United,5.0,4.0,4,4,0,0,1.0,0,0
2020_2021,Tottenham,Crystal Palace,3.0,4.0,4,3,0,0,-1.0,1,0
2020_2021,Chelsea,Everton,4.0,4.0,3,2,0,0,0.0,1,0
2020_2021,West Ham,Leeds,9.0,9.0,1,2,0,0,0.0,-1,0
2020_2021,Man City,Southampton,3.0,4.0,4,2,0,0,-1.0,2,0
2020_2021,Newcastle,Aston Villa,5.0,6.0,2,3,0,0,-1.0,-1,0
2020_2021,Leeds,Chelsea,5.0,5.0,2,3,0,0,0.0,-1,0
2020_2021,Crystal Palace,West Brom,6.0,6.0,3,3,0,0,0.0,0,0
2020_2021,Everton,Burnley,5.0,7.0,3,3,0,0,-2.0,0,0
2020_2021,Fulham,Man City,6.0,3.0,3,4,0,0,3.0,-1,0
2020_2021,Southampton,Brighton,4.0,8.0,3,1,0,0,-4.0,2,0
2020_2021,Leicester,Sheffield United,8.0,8.0,3,3,0,0,0.0,0,0
2020_2021,Arsenal,Tottenham,3.0,3.0,3,4,1,1,0.0,-1,0
2020_2021,Man United,West Ham,3.0,6.0,4,1,1,0,-3.0,3,1
2020_2021,Wolves,Liverpool,9.0,5.0,2,3,0,1,4.0,-1,-1
2020_2021,Fulham,Leeds,6.0,6.0,2,2,0,0,0.0,0,0
2020_2021,Brighton,Newcastle,6.0,8.0,2,2,0,0,-2.0,0,0
2020_2021,West Ham,Arsenal,7.0,3.0,2,3,0,1,4.0,-1,-1
2020_2021,Aston Villa,Tottenham,9.0,3.0,1,4,0,1,6.0,-3,-1
2020_2021,Chelsea,West Brom,13.0,21.0,1,0,0,0,-8.0,1,0
2020_2021,Leeds,Sheffield United,15.0,13.0,0,1,0,0,2.0,-1,0
2020_2021,Leicester,Man City,13.0,14.0,1,1,0,0,-1.0,0,0
2020_2021,Arsenal,Liverpool,13.0,19.0,1,0,0,0,-6.0,1,0
2020_2021,Southampton,Burnley,15.0,22.0,0,0,0,0,-7.0,0,0
2020_2021,Newcastle,Tottenham,15.0,14.0,0,1,0,0,1.0,-1,0
2020_2021,Aston Villa,Fulham,14.0,16.0,1,0,0,0,-2.0,1,0
2020_2021,Man United,Brighton,14.0,15.0,1,0,0,0,-1.0,1,0
2020_2021,Everton,Crystal Palace,16.0,23.0,0,0,0,0,-7.0,0,0
2020_2021,Wolves,West Ham,21.0,15.0,0,0,0,0,6.0,0,0
2020_2021,Fulham,Wolves,5.0,4.0,1,1,0,0,1.0,0,0
2020_2021,Man City,Leeds,4.0,7.0,2,1,1,0,-3.0,1,1
2020_2021,Liverpool,Aston Villa,4.0,6.0,2,1,1,0,-2.0,1,1
2020_2021,Crystal Palace,Chelsea,5.0,3.0,1,2,0,1,2.0,-1,-1
2020_2021,Burnley,Newcastle,7.0,7.0,1,1,0,0,0.0,0,0
2020_2021,West Ham,Leicester,6.0,8.0,1,1,0,0,-2.0,0,0
2020_2021,Tottenham,Man United,7.0,3.0,1,2,0,1,4.0,-1,-1
2020_2021,Sheffield United,Arsenal,8.0,3.0,1,2,0,1,5.0,-1,-1
2020_2021,West Brom,Southampton,9.0,8.0,1,1,0,0,1.0,0,0
2020_2021,Brighton,Everton,8.0,7.0,1,1,0,0,1.0,0,0
2020_2021,Everton,Tottenham,4.0,5.0,2,2,0,0,-1.0,0,0
2020_2021,Newcastle,West Ham,6.0,6.0,2,2,0,0,0.0,0,0
2020_2021,Wolves,Sheffield United,8.0,6.0,2,2,0,0,2.0,0,0
2020_2021,Arsenal,Fulham,3.0,9.0,3,2,1,0,-6.0,1,1
2020_2021,Man United,Burnley,3.0,7.0,4,2,1,0,-4.0,2,1
2020_2021,Leeds,Liverpool,9.0,5.0,1,3,0,1,4.0,-2,-1
2020_2021,Chelsea,Brighton,3.0,8.0,4,1,0,0,-5.0,3,0
2020_2021,Tottenham,Southampton,5.0,3.0,2,2,0,0,2.0,0,0
2020_2021,Aston Villa,Man City,11.0,4.0,1,3,0,0,7.0,-2,0
2020_2021,Leicester,West Brom,4.0,10.0,2,1,0,0,-6.0,1,0
2020_2021,Arsenal,Everton,5.0,7.0,3,2,0,0,-2.0,1,0
2020_2021,Liverpool,Newcastle,5.0,7.0,3,2,0,0,-2.0,1,0
2020_2021,West Ham,Chelsea,7.0,4.0,2,4,0,0,3.0,-2,0
2020_2021,Sheffield United,Brighton,7.0,4.0,2,2,0,0,3.0,0,0
2020_2021,Wolves,Burnley,8.0,7.0,1,2,0,0,1.0,-1,0
2020_2021,Leeds,Man United,6.0,7.0,1,3,0,0,-1.0,-2,0
2020_2021,Aston Villa,West Brom,4.0,3.0,1,2,0,0,1.0,-1,0
2020_2021,Leicester,Crystal Palace,4.0,16.0,2,0,0,0,-12.0,2,0
2020_2021,Southampton,Leicester,9.0,4.0,2,3,0,0,5.0,-1,0
2020_2021,Crystal Palace,Man City,5.0,3.0,1,4,0,1,2.0,-3,-1
2020_2021,Brighton,Leeds,7.0,6.0,2,2,0,0,1.0,0,0
2020_2021,Chelsea,Fulham,4.0,13.0,4,1,1,0,-9.0,3,1
2020_2021,Everton,Aston Villa,8.0,6.0,1,2,0,0,2.0,-1,0
2020_2021,Newcastle,Arsenal,8.0,3.0,1,3,0,1,5.0,-2,-1
2020_2021,Tottenham,Sheffield United,7.0,8.0,2,1,0,0,-1.0,1,0
2020_2021,West Brom,Wolves,8.0,8.0,2,1,0,0,0.0,1,0
2020_2021,Burnley,West Ham,8.0,9.0,1,1,0,0,-1.0,0,0
2020_2021,Leicester,Newcastle,7.0,5.0,2,2,0,0,2.0,0,0
2020_2021,Leeds,Tottenham,7.0,6.0,2,2,0,0,1.0,0,0
2020_2021,Sheffield United,Crystal Palace,6.0,7.0,2,2,0,0,-1.0,0,0
2020_2021,Man City,Chelsea,4.0,3.0,4,4,1,1,1.0,0,0
2020_2021,Liverpool,Southampton,14.0,8.0,1,1,0,0,6.0,0,0
2020_2021,Wolves,Brighton,6.0,8.0,2,1,0,0,-2.0,1,0
2020_2021,Aston Villa,Man United,8.0,3.0,2,3,0,1,5.0,-1,-1
2020_2021,West Ham,Everton,6.0,8.0,1,1,0,0,-2.0,0,0
2020_2021,Arsenal,West Brom,3.0,6.0,3,2,1,0,-3.0,1,1
2020_2021,Fulham,Burnley,9.0,7.0,1,1,0,0,2.0,0,0
2020_2021,Man United,Leicester,2.0,4.0,3,2,1,0,-2.0,1,1
2020_2021,Southampton,Crystal Palace,3.0,3.0,2,2,0,0,0.0,0,0
2020_2021,Chelsea,Arsenal,4.0,3.0,3,4,0,0,1.0,-1,0
2020_2021,Aston Villa,Everton,4.0,4.0,2,2,0,0,0.0,0,0
2020_2021,Man United,Liverpool,2.0,5.0,4,1,0,0,-3.0,3,0
2020_2021,Newcastle,Man City,7.0,6.0,2,3,0,0,1.0,-1,0
2020_2021,Burnley,Leeds,5.0,7.0,2,2,0,0,-2.0,0,0
2020_2021,Southampton,Fulham,4.0,5.0,2,2,0,0,-1.0,0,0
2020_2021,Brighton,West Ham,6.0,6.0,2,2,0,0,0.0,0,0
2020_2021,Crystal Palace,Aston Villa,5.0,3.0,2,2,0,0,2.0,0,0
2020_2021,Tottenham,Wolves,8.0,7.0,2,2,0,0,1.0,0,0
2020_2021,West Brom,Liverpool,7.0,3.0,2,2,0,0,4.0,0,0
2020_2021,Everton,Sheffield United,3.0,8.0,2,2,0,0,-5.0,0,0
2020_2021,Man United,Fulham,5.0,3.0,4,2,0,0,2.0,2,0
2020_2021,Southampton,Leeds,3.0,3.0,3,2,0,0,0.0,1,0
2020_2021,Brighton,Man City,3.0,4.0,2,3,0,0,-1.0,-1,0
2020_2021,Chelsea,Leicester,3.0,3.0,4,3,0,0,0.0,1,0
2020_2021,Everton,Wolves,3.0,3.0,3,2,0,0,0.0,1,0
2020_2021,Newcastle,Sheffield United,5.0,3.0,2,2,0,0,2.0,0,0
2020_2021,Tottenham,Aston Villa,3.0,3.0,2,3,0,0,0.0,-1,0
2020_2021,Crystal Palace,Arsenal,3.0,7.0,3,3,0,0,-4.0,0,0
2020_2021,Burnley,Liverpool,4.0,3.0,2,3,0,0,1.0,-1,0
2020_2021,West Brom,West Ham,3.0,4.0,2,2,0,0,-1.0,0,0
2020_2021,Arsenal,Brighton,4.0,5.0,3,3,0,0,-1.0,0,0
2020_2021,Aston Villa,Chelsea,4.0,5.0,4,3,0,0,-1.0,1,0
2020_2021,Fulham,Newcastle,5.0,4.0,3,2,0,0,1.0,1,0
2020_2021,Leeds,West Brom,5.0,4.0,2,3,0,0,1.0,-1,0
2020_2021,Leicester,Tottenham,5.0,4.0,3,2,0,0,1.0,1,0
2020_2021,Liverpool,Crystal Palace,4.0,4.0,3,3,0,0,0.0,0,0
2020_2021,Man City,Everton,5.0,4.0,2,4,0,0,1.0,-2,0
2020_2021,Sheffield United,Burnley,4.0,4.0,2,3,0,0,0.0,-1,0
2020_2021,West Ham,Southampton,4.0,5.0,3,3,0,0,-1.0,0,0
2020_2021,Wolves,Man United,4.0,5.0,3,4,0,0,-1.0,-1,0
2021_2022,Brentford,Arsenal,60.0,60.0,0,0,0,0,0.0,0,0
2021_2022,Man United,Leeds,60.0,60.0,0,0,0,0,0.0,0,0
2021_2022,Burnley,Brighton,60.0,60.0,0,0,0,0,0.0,0,0
2021_2022,Chelsea,Crystal Palace,60.0,60.0,0,0,0,0,0.0,0,0
2021_2022,Everton,Southampton,60.0,60.0,0,0,0,0,0.0,0,0
2021_2022,Leicester,Wolves,60.0,60.0,0,0,0,0,0.0,0,0
2021_2022,Watford,Aston Villa,60.0,60.0,0,0,0,0,0.0,0,0
2021_2022,Norwich,Liverpool,60.0,60.0,0,0,0,0,0.0,0,0
2021_2022,Newcastle,West Ham,60.0,60.0,0,0,0,0,0.0,0,0
2021_2022,Tottenham,Man City,60.0,60.0,0,0,0,0,0.0,0,0
2021_2022,Liverpool,Burnley,7.0,7.0,1,1,0,0,0.0,0,0
2021_2022,Aston Villa,Newcastle,7.0,6.0,1,1,0,0,1.0,0,0
2021_2022,Crystal Palace,Brentford,7.0,8.0,1,1,0,0,-1.0,0,0
2021_2022,Leeds,Everton,7.0,7.0,1,1,0,0,0.0,0,0
2021_2022,Man City,Norwich,6.0,7.0,1,1,0,0,-1.0,0,0
2021_2022,Brighton,Watford,7.0,7.0,1,1,0,0,0.0,0,0
2021_2022,Southampton,Man United,8.0,8.0,1,1,0,0,0.0,0,0
2021_2022,Wolves,Tottenham,8.0,7.0,1,1,0,0,1.0,0,0
2021_2022,Arsenal,Chelsea,9.0,8.0,1,1,0,0,1.0,0,0
2021_2022,West Ham,Leicester,8.0,9.0,1,1,0,0,-1.0,0,0
2021_2022,Man City,Arsenal,7.0,3.0,2,2,0,0,4.0,0,0
2021_2022,Aston Villa,Brentford,4.0,4.0,3,2,0,0,0.0,1,0
2021_2022,Brighton,Everton,4.0,4.0,3,3,0,0,0.0,0,0
2021_2022,Newcastle,Southampton,3.0,3.0,3,3,0,0,0.0,0,0
2021_2022,Norwich,Leicester,4.0,5.0,3,2,0,0,-1.0,1,0
2021_2022,West Ham,Crystal Palace,5.0,4.0,2,3,0,0,1.0,-1,0
2021_2022,Liverpool,Chelsea,7.0,6.0,2,2,0,0,1.0,0,0
2021_2022,Burnley,Leeds,4.0,5.0,2,2,0,0,-1.0,0,0
2021_2022,Tottenham,Watford,7.0,5.0,2,2,0,0,2.0,0,0
2021_2022,Wolves,Man United,5.0,7.0,2,1,0,0,-2.0,1,0
2021_2022,Crystal Palace,Tottenham,14.0,13.0,1,1,0,0,1.0,0,0
2021_2022,Arsenal,Norwich,14.0,14.0,1,1,0,0,0.0,0,0
2021_2022,Brentford,Brighton,14.0,14.0,1,1,0,0,0.0,0,0
2021_2022,Leicester,Man City,14.0,14.0,1,1,0,0,0.0,0,0
2021_2022,Man United,Newcastle,13.0,14.0,1,1,0,0,-1.0,0,0
2021_2022,Southampton,West Ham,14.0,14.0,1,1,0,0,0.0,0,0
2021_2022,Watford,Wolves,13.0,13.0,1,1,0,0,0.0,0,0
2021_2022,Chelsea,Aston Villa,14.0,14.0,1,1,0,0,0.0,0,0
2021_2022,Leeds,Liverpool,14.0,15.0,1,0,0,0,-1.0,1,0
2021_2022,Everton,Burnley,16.0,15.0,0,0,0,0,1.0,0,0
2021_2022,Newcastle,Leeds,6.0,5.0,1,1,0,0,1.0,0,0
2021_2022,Wolves,Brentford,7.0,7.0,1,1,0,0,0.0,0,0
2021_2022,Burnley,Arsenal,5.0,7.0,1,1,0,0,-2.0,0,0
2021_2022,Liverpool,Crystal Palace,3.0,7.0,2,1,1,0,-4.0,1,1
2021_2022,Man City,Southampton,3.0,7.0,2,1,1,0,-4.0,1,1
2021_2022,Norwich,Watford,7.0,7.0,1,1,0,0,0.0,0,0
2021_2022,Aston Villa,Everton,7.0,5.0,1,1,0,0,2.0,0,0
2021_2022,Brighton,Leicester,8.0,3.0,1,2,0,1,5.0,-1,-1
2021_2022,West Ham,Man United,3.0,5.0,2,2,1,1,-2.0,0,0
2021_2022,Tottenham,Chelsea,3.0,5.0,2,2,1,1,-2.0,0,0
2021_2022,Chelsea,Man City,3.0,4.0,4,4,0,0,-1.0,0,0
2021_2022,Man United,Aston Villa,3.0,3.0,4,3,0,0,0.0,1,0
2021_2022,Everton,Norwich,4.0,4.0,3,3,0,0,0.0,0,0
2021_2022,Leeds,West Ham,4.0,3.0,3,4,0,0,1.0,-1,0
2021_2022,Leicester,Burnley,3.0,4.0,4,3,0,0,-1.0,1,0
2021_2022,Watford,Newcastle,4.0,8.0,3,2,0,0,-4.0,1,0
2021_2022,Brentford,Liverpool,4.0,4.0,3,4,0,0,0.0,-1,0
2021_2022,Southampton,Wolves,5.0,4.0,2,2,0,0,1.0,0,0
2021_2022,Arsenal,Tottenham,4.0,4.0,2,3,0,0,0.0,-1,0
2021_2022,Crystal Palace,Brighton,9.0,5.0,1,2,0,0,4.0,-1,0
2021_2022,Man United,Everton,3.0,7.0,4,3,1,0,-4.0,1,1
2021_2022,Burnley,Norwich,7.0,7.0,3,3,0,0,0.0,0,0
2021_2022,Chelsea,Southampton,3.0,6.0,4,3,1,0,-3.0,1,1
2021_2022,Leeds,Watford,7.0,7.0,2,3,0,0,0.0,-1,0
2021_2022,Wolves,Newcastle,6.0,7.0,3,1,0,0,-1.0,2,0
2021_2022,Brighton,Arsenal,5.0,6.0,3,3,0,0,-1.0,0,0
2021_2022,Crystal Palace,Leicester,6.0,3.0,1,4,0,1,3.0,-3,-1
2021_2022,Tottenham,Aston Villa,3.0,8.0,4,2,1,0,-5.0,2,1
2021_2022,West Ham,Brentford,3.0,8.0,4,2,1,0,-5.0,2,1
2021_2022,Liverpool,Man City,5.0,5.0,3,3,1,1,0.0,0,0
2021_2022,Watford,Liverpool,14.0,13.0,1,1,0,0,1.0,0,0
2021_2022,Aston Villa,Wolves,13.0,14.0,1,1,0,0,-1.0,0,0
2021_2022,Leicester,Man United,13.0,14.0,1,1,0,0,-1.0,0,0
2021_2022,Man City,Burnley,13.0,14.0,1,1,0,0,-1.0,0,0
2021_2022,Norwich,Brighton,14.0,14.0,1,1,0,0,0.0,0,0
2021_2022,Southampton,Leeds,14.0,14.0,1,1,0,0,0.0,0,0
2021_2022,Brentford,Chelsea,13.0,14.0,1,1,0,0,-1.0,0,0
2021_2022,Everton,West Ham,15.0,14.0,0,1,0,0,1.0,-1,0
2021_2022,Newcastle,Tottenham,15.0,14.0,0,1,0,0,1.0,-1,0
2021_2022,Arsenal,Crystal Palace,16.0,15.0,0,0,0,0,1.0,0,0
2021_2022,Arsenal,Aston Villa,4.0,6.0,1,1,0,0,-2.0,0,0
2021_2022,Chelsea,Norwich,3.0,7.0,2,1,1,0,-4.0,1,1
2021_2022,Crystal Palace,Newcastle,5.0,6.0,1,1,0,0,-1.0,0,0
2021_2022,Everton,Watford,6.0,7.0,1,1,0,0,-1.0,0,0
2021_2022,Leeds,Wolves,7.0,7.0,1,1,0,0,0.0,0,0
2021_2022,Southampton,Burnley,7.0,7.0,1,1,0,0,0.0,0,0
2021_2022,Brighton,Man City,7.0,4.0,1,2,0,1,3.0,-1,-1
2021_2022,Brentford,Leicester,8.0,4.0,1,2,0,1,4.0,-1,-1
2021_2022,West Ham,Tottenham,3.0,3.0,2,2,1,1,0.0,0,0
2021_2022,Man United,Liverpool,4.0,5.0,2,2,1,1,-1.0,0,0
2021_2022,Leicester,Arsenal,3.0,4.0,4,3,0,0,-1.0,1,0
2021_2022,Burnley,Brentford,3.0,3.0,3,3,0,0,0.0,0,0
2021_2022,Liverpool,Brighton,3.0,3.0,4,3,0,0,0.0,1,0
2021_2022,Man City,Crystal Palace,3.0,7.0,4,2,0,0,-4.0,2,0
2021_2022,Newcastle,Chelsea,7.0,4.0,2,4,0,0,3.0,-2,0
2021_2022,Watford,Southampton,7.0,4.0,2,3,0,0,3.0,-1,0
2021_2022,Tottenham,Man United,3.0,6.0,4,3,0,0,-3.0,1,0
2021_2022,Norwich,Leeds,8.0,5.0,1,2,0,0,3.0,-1,0
2021_2022,Aston Villa,West Ham,9.0,4.0,1,4,0,0,5.0,-3,0
2021_2022,Wolves,Everton,9.0,9.0,1,1,0,0,0.0,0,0
2021_2022,Southampton,Aston Villa,6.0,5.0,3,2,0,0,1.0,1,0
2021_2022,Man United,Man City,4.0,3.0,3,4,1,1,1.0,-1,0
2021_2022,Brentford,Norwich,7.0,6.0,3,2,0,0,1.0,1,0
2021_2022,Chelsea,Burnley,4.0,7.0,4,3,1,0,-3.0,1,1
2021_2022,Crystal Palace,Wolves,7.0,5.0,2,2,0,0,2.0,0,0
2021_2022,Brighton,Newcastle,7.0,7.0,3,2,0,0,0.0,1,0
2021_2022,Arsenal,Watford,8.0,8.0,2,1,0,0,0.0,1,0
2021_2022,Everton,Tottenham,6.0,3.0,1,4,0,1,3.0,-3,-1
2021_2022,Leeds,Leicester,7.0,3.0,2,4,0,1,4.0,-2,-1
2021_2022,West Ham,Liverpool,3.0,4.0,4,4,1,1,-1.0,0,0
2021_2022,Leicester,Chelsea,13.0,14.0,1,1,0,0,-1.0,0,0
2021_2022,Aston Villa,Brighton,15.0,14.0,0,1,0,0,1.0,-1,0
2021_2022,Burnley,Crystal Palace,14.0,14.0,1,1,0,0,0.0,0,0
2021_2022,Newcastle,Brentford,14.0,14.0,1,1,0,0,0.0,0,0
2021_2022,Norwich,Southampton,14.0,15.0,1,0,0,0,-1.0,1,0
2021_2022,Watford,Man United,13.0,14.0,1,1,0,0,-1.0,0,0
2021_2022,Wolves,West Ham,14.0,13.0,1,1,0,0,1.0,0,0
2021_2022,Liverpool,Arsenal,13.0,13.0,1,1,0,0,0.0,0,0
2021_2022,Man City,Everton,15.0,14.0,0,1,0,0,1.0,-1,0
2021_2022,Tottenham,Leeds,14.0,14.0,1,1,0,0,0.0,0,0
2021_2022,Arsenal,Newcastle,7.0,7.0,1,1,0,0,0.0,0,0
2021_2022,Crystal Palace,Aston Villa,7.0,7.0,1,1,0,0,0.0,0,0
2021_2022,Liverpool,Southampton,3.0,7.0,2,1,1,0,-4.0,1,1
2021_2022,Norwich,Wolves,7.0,7.0,1,1,0,0,0.0,0,0
2021_2022,Brighton,Leeds,7.0,6.0,1,1,0,0,1.0,0,0
2021_2022,Brentford,Everton,8.0,7.0,1,1,0,0,1.0,0,0
2021_2022,Leicester,Watford,3.0,8.0,2,1,1,0,-5.0,1,1
2021_2022,Man City,West Ham,4.0,3.0,2,2,1,1,1.0,0,0
2021_2022,Chelsea,Man United,5.0,5.0,2,2,1,1,0.0,0,0
2021_2022,Newcastle,Norwich,3.0,3.0,2,2,0,0,0.0,0,0
2021_2022,Leeds,Crystal Palace,3.0,3.0,2,2,0,0,0.0,0,0
2021_2022,Southampton,Leicester,4.0,3.0,2,3,0,0,1.0,-1,0
2021_2022,Watford,Chelsea,3.0,3.0,2,3,0,0,0.0,-1,0
2021_2022,West Ham,Brighton,3.0,4.0,3,2,0,0,-1.0,1,0
2021_2022,Wolves,Burnley,4.0,11.0,2,1,0,0,-7.0,1,0
2021_2022,Aston Villa,Man City,4.0,3.0,2,3,0,0,1.0,-1,0
2021_2022,Everton,Liverpool,3.0,4.0,2,3,0,0,-1.0,-1,0
2021_2022,Tottenham,Brentford,7.0,4.0,2,2,0,0,3.0,0,0
2021_2022,Man United,Arsenal,4.0,5.0,3,2,0,0,-1.0,1,0
2021_2022,West Ham,Chelsea,3.0,3.0,4,4,0,0,0.0,0,0
2021_2022,Newcastle,Burnley,4.0,3.0,3,2,0,0,1.0,1,0
2021_2022,Southampton,Brighton,3.0,3.0,3,3,0,0,0.0,0,0
2021_2022,Wolves,Liverpool,3.0,3.0,3,4,0,0,0.0,-1,0
2021_2022,Watford,Man City,3.0,3.0,3,4,0,0,0.0,-1,0
2021_2022,Leeds,Brentford,5.0,3.0,3,2,0,0,2.0,1,0
2021_2022,Man United,Crystal Palace,3.0,5.0,3,2,0,0,-2.0,1,0
2021_2022,Tottenham,Norwich,3.0,5.0,3,2,0,0,-2.0,1,0
2021_2022,Aston Villa,Leicester,4.0,4.0,2,3,0,0,0.0,-1,0
2021_2022,Everton,Arsenal,5.0,4.0,2,2,0,0,1.0,0,0
2021_2022,Brentford,Watford,5.0,6.0,3,3,0,0,-1.0,0,0
2021_2022,Man City,Wolves,4.0,7.0,4,3,1,0,-3.0,1,1
2021_2022,Arsenal,Southampton,5.0,7.0,3,3,0,0,-2.0,0,0
2021_2022,Chelsea,Leeds,3.0,6.0,4,3,1,0,-3.0,1,1
2021_2022,Liverpool,Aston Villa,4.0,6.0,4,3,1,0,-2.0,1,1
2021_2022,Norwich,Man United,6.0,3.0,3,4,0,1,3.0,-1,-1
2021_2022,Burnley,West Ham,8.0,3.0,2,4,0,1,5.0,-2,-1
2021_2022,Leicester,Newcastle,3.0,8.0,4,2,1,0,-5.0,2,1
2021_2022,Crystal Palace,Everton,7.0,6.0,2,3,0,0,1.0,-1,0
2021_2022,Norwich,Aston Villa,3.0,3.0,3,3,0,0,0.0,0,0
2021_2022,Man City,Leeds,3.0,3.0,4,3,0,0,0.0,1,0
2021_2022,Brighton,Wolves,11.0,4.0,2,3,0,0,7.0,-1,0
2021_2022,Crystal Palace,Southampton,3.0,4.0,2,3,0,0,-1.0,-1,0
2021_2022,Arsenal,West Ham,4.0,3.0,3,4,0,0,1.0,-1,0
2021_2022,Chelsea,Everton,5.0,4.0,3,2,0,0,1.0,1,0
2021_2022,Liverpool,Newcastle,5.0,4.0,3,2,0,0,1.0,1,0
2021_2022,Leeds,Arsenal,4.0,3.0,3,3,0,0,1.0,0,0
2021_2022,Newcastle,Man City,3.0,5.0,2,3,0,0,-2.0,-1,0
2021_2022,Wolves,Chelsea,4.0,3.0,2,3,0,0,1.0,-1,0
2021_2022,Tottenham,Liverpool,10.0,3.0,2,3,0,0,7.0,-1,0
2021_2022,Man City,Leicester,7.0,4.0,2,2,0,0,3.0,0,0
2021_2022,Norwich,Arsenal,12.0,5.0,1,3,0,0,7.0,-2,0
2021_2022,Tottenham,Crystal Palace,4.0,11.0,2,2,0,0,-7.0,0,0
2021_2022,West Ham,Southampton,4.0,11.0,3,1,0,0,-7.0,2,0
2021_2022,Aston Villa,Chelsea,12.0,4.0,1,3,0,0,8.0,-2,0
2021_2022,Brighton,Brentford,11.0,4.0,1,1,0,0,7.0,0,0
2021_2022,Newcastle,Man United,8.0,16.0,2,0,0,0,-8.0,2,0
2021_2022,Crystal Palace,Norwich,2.0,2.0,2,2,0,0,0.0,0,0
2021_2022,Southampton,Tottenham,2.0,2.0,2,3,0,0,0.0,-1,0
2021_2022,Watford,West Ham,18.0,2.0,0,3,0,0,16.0,-3,0
2021_2022,Leicester,Liverpool,2.0,6.0,2,3,0,0,-4.0,-1,0
2021_2022,Chelsea,Brighton,3.0,3.0,4,2,0,0,0.0,2,0
2021_2022,Brentford,Man City,3.0,3.0,2,2,0,0,0.0,0,0
2021_2022,Man United,Burnley,3.0,18.0,1,0,0,0,-15.0,1,0
2021_2022,Arsenal,Man City,6.0,3.0,3,3,0,0,3.0,0,0
2021_2022,Watford,Tottenham,4.0,4.0,1,4,0,0,0.0,-3,0
2021_2022,Crystal Palace,West Ham,4.0,4.0,2,3,0,0,0.0,-1,0
2021_2022,Brentford,Aston Villa,4.0,7.0,3,1,0,0,-3.0,2,0
2021_2022,Everton,Brighton,17.0,4.0,0,2,0,0,13.0,-2,0
2021_2022,Leeds,Burnley,15.0,3.0,0,1,0,0,12.0,-1,0
2021_2022,Chelsea,Liverpool,4.0,5.0,4,3,0,0,-1.0,1,0
2021_2022,Man United,Wolves,4.0,15.0,2,0,0,0,-11.0,2,0
2021_2022,Southampton,Brentford,3.0,3.0,2,3,0,0,0.0,-1,0
2021_2022,West Ham,Norwich,3.0,3.0,2,1,0,0,0.0,1,0
2021_2022,Brighton,Crystal Palace,6.0,6.0,2,2,0,0,0.0,0,0
2021_2022,Man City,Chelsea,8.0,3.0,2,4,0,0,5.0,-2,0
2021_2022,Newcastle,Watford,7.0,7.0,1,2,0,0,0.0,-1,0
2021_2022,Norwich,Everton,3.0,7.0,2,2,0,0,-4.0,0,0
2021_2022,Wolves,Southampton,6.0,4.0,2,2,0,0,2.0,0,0
2021_2022,Aston Villa,Man United,5.0,5.0,2,2,0,0,0.0,0,0
2021_2022,Liverpool,Brentford,3.0,5.0,3,3,0,0,-2.0,0,0
2021_2022,West Ham,Leeds,4.0,7.0,2,2,0,0,-3.0,0,0
2021_2022,Brighton,Chelsea,4.0,3.0,2,4,0,0,1.0,-2,0
2021_2022,Leicester,Tottenham,11.0,7.0,1,3,0,0,4.0,-2,0
2021_2022,Brentford,Man United,3.0,4.0,3,2,0,0,-1.0,1,0
2021_2022,Watford,Norwich,6.0,6.0,2,3,0,0,0.0,-1,0
2021_2022,Everton,Aston Villa,7.0,7.0,2,2,0,0,0.0,0,0
2021_2022,Brentford,Wolves,3.0,7.0,4,2,0,0,-4.0,2,0
2021_2022,Leeds,Newcastle,6.0,7.0,2,2,0,0,-1.0,0,0
2021_2022,Man United,West Ham,3.0,6.0,3,3,0,0,-3.0,0,0
2021_2022,Southampton,Man City,7.0,7.0,3,1,0,0,0.0,2,0
2021_2022,Arsenal,Burnley,3.0,15.0,3,0,0,0,-12.0,3,0
2021_2022,Crystal Palace,Liverpool,9.0,3.0,1,4,0,0,6.0,-3,0
2021_2022,Leicester,Brighton,4.0,5.0,1,2,0,0,-1.0,-1,0
2021_2022,Chelsea,Tottenham,5.0,4.0,3,3,0,0,1.0,0,0
2021_2022,Burnley,Watford,13.0,15.0,1,0,0,0,-2.0,1,0
2021_2022,Newcastle,Everton,17.0,3.0,0,1,0,0,14.0,-1,0
2021_2022,West Ham,Watford,3.0,3.0,1,1,0,0,0.0,0,0
2021_2022,Burnley,Man United,3.0,4.0,1,1,0,0,-1.0,0,0
2021_2022,Man City,Brentford,4.0,4.0,1,1,0,0,0.0,0,0
2021_2022,Norwich,Crystal Palace,4.0,4.0,1,1,0,0,0.0,0,0
2021_2022,Tottenham,Southampton,4.0,4.0,1,1,0,0,0.0,0,0
2021_2022,Aston Villa,Leeds,18.0,18.0,0,0,0,0,0.0,0,0
2021_2022,Liverpool,Leicester,4.0,4.0,1,1,0,0,0.0,0,0
2021_2022,Wolves,Arsenal,5.0,18.0,1,0,0,0,-13.0,1,0
2021_2022,Man United,Southampton,4.0,3.0,2,2,0,0,1.0,0,0
2021_2022,Brentford,Crystal Palace,3.0,3.0,2,2,0,0,0.0,0,0
2021_2022,Everton,Leeds,4.0,3.0,2,1,0,0,1.0,1,0
2021_2022,Watford,Brighton,4.0,7.0,2,1,0,0,-3.0,1,0
2021_2022,Norwich,Man City,3.0,3.0,2,2,0,0,0.0,0,0
2021_2022,Burnley,Liverpool,5.0,3.0,2,2,0,0,2.0,0,0
2021_2022,Newcastle,Aston Villa,5.0,4.0,1,1,0,0,1.0,0,0
2021_2022,Tottenham,Wolves,4.0,3.0,2,2,0,0,1.0,0,0
2021_2022,Leicester,West Ham,3.0,5.0,2,2,0,0,-2.0,0,0
2021_2022,Man United,Brighton,3.0,3.0,3,2,0,0,0.0,1,0
2021_2022,West Ham,Newcastle,6.0,6.0,3,2,0,0,0.0,1,0
2021_2022,Arsenal,Brentford,9.0,7.0,1,3,0,0,2.0,-2,0
2021_2022,Aston Villa,Watford,6.0,7.0,2,3,0,0,-1.0,-1,0
2021_2022,Brighton,Burnley,4.0,6.0,3,3,0,0,-2.0,0,0
2021_2022,Crystal Palace,Chelsea,7.0,14.0,3,1,0,0,-7.0,2,0
2021_2022,Liverpool,Norwich,3.0,7.0,4,3,1,0,-4.0,1,1
2021_2022,Southampton,Everton,7.0,7.0,3,3,0,0,0.0,0,0
2021_2022,Man City,Tottenham,4.0,6.0,4,3,1,0,-2.0,1,1
2021_2022,Leeds,Man United,8.0,5.0,2,3,0,0,3.0,-1,0
2021_2022,Wolves,Leicester,7.0,3.0,2,4,0,1,4.0,-2,-1
2021_2022,Burnley,Tottenham,4.0,4.0,2,3,0,0,0.0,-1,0
2021_2022,Watford,Crystal Palace,4.0,4.0,2,3,0,0,0.0,-1,0
2021_2022,Liverpool,Leeds,4.0,3.0,4,3,0,0,1.0,1,0
2021_2022,Arsenal,Wolves,5.0,4.0,2,3,0,0,1.0,-1,0
2021_2022,Southampton,Norwich,6.0,6.0,2,2,0,0,0.0,0,0
2021_2022,Leeds,Tottenham,3.0,3.0,3,3,0,0,0.0,0,0
2021_2022,Brentford,Newcastle,7.0,7.0,2,2,0,0,0.0,0,0
2021_2022,Crystal Palace,Burnley,3.0,3.0,3,3,0,0,0.0,0,0
2021_2022,Man United,Watford,3.0,3.0,4,3,1,0,0.0,1,1
2021_2022,Brighton,Aston Villa,7.0,7.0,3,2,0,0,0.0,1,0
2021_2022,Everton,Man City,7.0,7.0,2,3,0,0,0.0,-1,0
2021_2022,West Ham,Wolves,8.0,3.0,2,3,0,0,5.0,-1,0
2021_2022,Burnley,Leicester,3.0,5.0,3,3,0,1,-2.0,0,-1
2021_2022,Leicester,Leeds,4.0,7.0,3,3,0,0,-3.0,0,0
2021_2022,Aston Villa,Southampton,7.0,3.0,2,3,0,0,4.0,-1,0
2021_2022,Burnley,Chelsea,4.0,3.0,4,4,0,0,1.0,0,0
2021_2022,Newcastle,Brighton,7.0,7.0,2,2,0,0,0.0,0,0
2021_2022,Norwich,Brentford,3.0,7.0,3,2,0,0,-4.0,1,0
2021_2022,Wolves,Crystal Palace,6.0,4.0,3,4,0,0,2.0,-1,0
2021_2022,Liverpool,West Ham,3.0,3.0,4,3,0,0,0.0,1,0
2021_2022,Watford,Arsenal,8.0,10.0,2,1,0,0,-2.0,1,0
2021_2022,Man City,Man United,5.0,8.0,2,3,0,0,-3.0,-1,0
2021_2022,Tottenham,Everton,6.0,4.0,3,2,0,0,2.0,1,0
2021_2022,Norwich,Chelsea,5.0,5.0,3,3,0,0,0.0,0,0
2021_2022,Southampton,Newcastle,5.0,5.0,3,2,0,0,0.0,1,0
2021_2022,Wolves,Watford,5.0,4.0,3,2,0,0,1.0,1,0
2021_2022,Leeds,Aston Villa,5.0,5.0,2,2,0,0,0.0,0,0
2021_2022,Brighton,Liverpool,7.0,4.0,2,4,0,1,3.0,-2,-1
2021_2022,Brentford,Burnley,7.0,7.0,2,3,0,0,0.0,-1,0
2021_2022,Man United,Tottenham,6.0,5.0,2,3,0,0,1.0,-1,0
2021_2022,Chelsea,Newcastle,3.0,3.0,4,2,0,0,0.0,2,0
2021_2022,Everton,Wolves,6.0,3.0,2,3,0,0,3.0,-1,0
2021_2022,Leeds,Norwich,3.0,3.0,2,3,0,0,0.0,-1,0
2021_2022,Southampton,Watford,3.0,3.0,3,2,0,0,0.0,1,0
2021_2022,West Ham,Aston Villa,3.0,3.0,4,2,1,0,0.0,2,1
2021_2022,Arsenal,Leicester,7.0,3.0,1,3,0,1,4.0,-2,-1
2021_2022,Crystal Palace,Man City,9.0,5.0,2,3,0,1,4.0,-1,-1
2021_2022,Brighton,Tottenham,4.0,4.0,2,2,0,0,0.0,0,0
2021_2022,Arsenal,Liverpool,3.0,4.0,2,4,0,0,-1.0,-2,0
2021_2022,Everton,Newcastle,4.0,4.0,3,3,0,0,0.0,0,0
2021_2022,Wolves,Leeds,5.0,5.0,3,3,0,0,0.0,0,0
2021_2022,Aston Villa,Arsenal,6.0,3.0,3,3,0,0,3.0,0,0
2021_2022,Leicester,Brentford,3.0,8.0,3,1,1,0,-5.0,2,1
2021_2022,Tottenham,West Ham,4.0,3.0,3,3,0,1,1.0,0,-1
2021_2022,Liverpool,Watford,13.0,20.0,1,0,0,0,-7.0,1,0
2021_2022,Brighton,Norwich,17.0,20.0,0,0,0,0,-3.0,0,0
2021_2022,Burnley,Man City,21.0,13.0,0,1,0,0,8.0,-1,0
2021_2022,Chelsea,Brentford,14.0,13.0,1,1,0,0,1.0,0,0
2021_2022,Leeds,Southampton,15.0,13.0,0,1,0,0,2.0,-1,0
2021_2022,Wolves,Aston Villa,15.0,14.0,0,1,0,0,1.0,-1,0
2021_2022,Man United,Leicester,18.0,13.0,0,1,0,0,5.0,-1,0
2021_2022,West Ham,Everton,14.0,14.0,1,1,0,0,0.0,0,0
2021_2022,Tottenham,Newcastle,14.0,17.0,1,0,0,0,-3.0,1,0
2021_2022,Crystal Palace,Arsenal,15.0,16.0,0,0,0,0,-1.0,0,0
2021_2022,Burnley,Everton,4.0,3.0,1,1,0,0,1.0,0,0
2021_2022,Newcastle,Wolves,5.0,6.0,1,1,0,0,-1.0,0,0
2021_2022,Everton,Man United,3.0,7.0,2,1,0,0,-4.0,1,0
2021_2022,Arsenal,Brighton,5.0,7.0,1,1,0,0,-2.0,0,0
2021_2022,Southampton,Chelsea,7.0,3.0,1,2,0,1,4.0,-1,-1
2021_2022,Watford,Leeds,7.0,7.0,1,1,0,0,0.0,0,0
2021_2022,Aston Villa,Tottenham,7.0,6.0,1,1,0,0,1.0,0,0
2021_2022,Brentford,West Ham,8.0,3.0,1,2,0,1,5.0,-1,-1
2021_2022,Leicester,Crystal Palace,3.0,6.0,2,1,1,0,-3.0,1,1
2021_2022,Norwich,Burnley,8.0,4.0,1,2,0,0,4.0,-1,0
2021_2022,Man City,Liverpool,5.0,5.0,2,2,1,1,0.0,0,0
2021_2022,Tottenham,Brighton,7.0,7.0,2,2,0,0,0.0,0,0
2021_2022,Man United,Norwich,7.0,6.0,2,2,0,0,1.0,0,0
2021_2022,Southampton,Arsenal,7.0,7.0,2,2,0,0,0.0,0,0
2021_2022,Watford,Brentford,7.0,6.0,2,2,0,0,1.0,0,0
2021_2022,Newcastle,Leicester,9.0,3.0,2,3,0,1,6.0,-1,-1
2021_2022,West Ham,Burnley,3.0,7.0,4,2,1,0,-4.0,2,1
2021_2022,Liverpool,Man United,3.0,3.0,4,2,0,0,0.0,2,0
2021_2022,Chelsea,Arsenal,3.0,4.0,4,2,0,0,-1.0,2,0
2021_2022,Everton,Leicester,11.0,3.0,2,4,0,0,8.0,-2,0
2021_2022,Newcastle,Crystal Palace,3.0,3.0,2,2,0,0,0.0,0,0
2021_2022,Man City,Brighton,4.0,4.0,3,2,0,0,0.0,1,0
2021_2022,Burnley,Southampton,4.0,5.0,2,2,0,0,-1.0,0,0
2021_2022,Arsenal,Man United,3.0,4.0,3,3,0,0,-1.0,0,0
2021_2022,Leicester,Aston Villa,3.0,14.0,4,1,0,0,-11.0,3,0
2021_2022,Man City,Watford,3.0,7.0,4,2,0,0,-4.0,2,0
2021_2022,Norwich,Newcastle,7.0,3.0,2,2,0,0,4.0,0,0
2021_2022,Brentford,Tottenham,7.0,7.0,2,2,0,0,0.0,0,0
2021_2022,Brighton,Southampton,4.0,3.0,2,2,0,0,1.0,0,0
2021_2022,Burnley,Wolves,3.0,16.0,3,0,0,0,-13.0,3,0
2021_2022,Chelsea,West Ham,4.0,7.0,3,3,0,0,-3.0,0,0
2021_2022,Liverpool,Everton,5.0,4.0,4,1,0,0,1.0,3,0
2021_2022,Crystal Palace,Leeds,5.0,16.0,2,0,0,0,-11.0,2,0
2021_2022,Man United,Chelsea,5.0,4.0,3,3,0,0,1.0,0,0
2021_2022,Newcastle,Liverpool,7.0,3.0,3,4,0,1,4.0,-1,-1
2021_2022,Aston Villa,Norwich,7.0,7.0,1,2,0,0,0.0,-1,0
2021_2022,Southampton,Crystal Palace,6.0,5.0,3,3,0,0,1.0,0,0
2021_2022,Watford,Burnley,7.0,6.0,2,3,0,0,1.0,-1,0
2021_2022,Wolves,Brighton,6.0,6.0,1,3,0,0,0.0,-2,0
2021_2022,Leeds,Man City,5.0,4.0,1,4,0,1,1.0,-3,-1
2021_2022,Everton,Chelsea,7.0,3.0,2,4,0,0,4.0,-2,0
2021_2022,Tottenham,Leicester,8.0,3.0,1,4,0,1,5.0,-3,-1
2021_2022,West Ham,Arsenal,3.0,8.0,3,2,1,0,-5.0,1,1
2021_2022,Man United,Brentford,4.0,9.0,3,1,0,0,-5.0,2,0
2021_2022,Brentford,Southampton,5.0,7.0,2,2,0,0,-2.0,0,0
2021_2022,Burnley,Aston Villa,7.0,7.0,2,2,0,0,0.0,0,0
2021_2022,Chelsea,Wolves,6.0,7.0,3,2,0,0,-1.0,1,0
2021_2022,Crystal Palace,Watford,7.0,7.0,2,2,0,0,0.0,0,0
2021_2022,Brighton,Man United,7.0,5.0,2,3,0,0,2.0,-1,0
2021_2022,Liverpool,Tottenham,4.0,6.0,4,2,1,0,-2.0,2,1
2021_2022,Arsenal,Leeds,7.0,8.0,1,2,0,0,-1.0,-1,0
2021_2022,Leicester,Everton,3.0,7.0,3,2,1,0,-4.0,1,1
2021_2022,Norwich,West Ham,8.0,3.0,1,4,0,1,5.0,-3,-1
2021_2022,Man City,Newcastle,4.0,8.0,3,1,1,0,-4.0,2,1
2021_2022,Aston Villa,Liverpool,3.0,3.0,2,4,0,0,0.0,-2,0
2021_2022,Leeds,Chelsea,3.0,4.0,2,3,0,0,-1.0,-1,0
2021_2022,Leicester,Norwich,3.0,3.0,4,2,0,0,0.0,2,0
2021_2022,Watford,Everton,4.0,3.0,2,2,0,0,1.0,0,0
2021_2022,Wolves,Man City,4.0,3.0,2,3,0,0,1.0,-1,0
2021_2022,Tottenham,Arsenal,5.0,4.0,2,2,0,0,1.0,0,0
2021_2022,Tottenham,Burnley,3.0,8.0,3,1,0,0,-5.0,2,0
2021_2022,Aston Villa,Crystal Palace,5.0,8.0,2,1,0,0,-3.0,1,0
2021_2022,Leeds,Brighton,4.0,8.0,2,1,0,0,-4.0,1,0
2021_2022,Watford,Leicester,4.0,4.0,2,4,0,0,0.0,-2,0
2021_2022,West Ham,Man City,7.0,4.0,3,3,0,0,3.0,0,0
2021_2022,Wolves,Norwich,4.0,4.0,2,2,0,0,0.0,0,0
2021_2022,Everton,Brentford,4.0,8.0,3,2,0,0,-4.0,1,0
2021_2022,Newcastle,Arsenal,8.0,4.0,1,2,0,0,4.0,-1,0
2021_2022,Southampton,Liverpool,10.0,3.0,1,4,0,0,7.0,-3,0
2021_2022,Everton,Crystal Palace,4.0,4.0,3,2,0,0,0.0,1,0
2021_2022,Aston Villa,Burnley,4.0,4.0,3,2,0,0,0.0,1,0
2021_2022,Chelsea,Leicester,5.0,4.0,3,4,0,0,1.0,-1,0
2021_2022,Arsenal,Everton,6.0,3.0,3,4,0,0,3.0,-1,0
2021_2022,Brentford,Leeds,7.0,7.0,1,3,0,0,0.0,-2,0
2021_2022,Brighton,West Ham,7.0,7.0,1,2,0,0,0.0,-1,0
2021_2022,Burnley,Newcastle,3.0,6.0,2,2,0,0,-3.0,0,0
2021_2022,Chelsea,Watford,3.0,7.0,3,2,0,0,-4.0,1,0
2021_2022,Crystal Palace,Man United,3.0,15.0,2,0,0,0,-12.0,2,0
2021_2022,Leicester,Southampton,3.0,5.0,4,1,0,0,-2.0,3,0
2021_2022,Liverpool,Wolves,5.0,7.0,3,2,0,0,-2.0,1,0
2021_2022,Man City,Aston Villa,7.0,3.0,3,3,0,0,4.0,0,0
2021_2022,Norwich,Tottenham,7.0,7.0,3,2,0,0,0.0,1,0
2022_2023,Crystal Palace,Arsenal,60.0,60.0,0,0,0,0,0.0,0,0
2022_2023,Fulham,Liverpool,60.0,60.0,0,0,0,0,0.0,0,0
2022_2023,Bournemouth,Aston Villa,60.0,60.0,0,0,0,0,0.0,0,0
2022_2023,Leeds,Wolves,60.0,60.0,0,0,0,0,0.0,0,0
2022_2023,Newcastle,Nott'm Forest,60.0,60.0,0,0,0,0,0.0,0,0
2022_2023,Tottenham,Southampton,60.0,60.0,0,0,0,0,0.0,0,0
2022_2023,Everton,Chelsea,60.0,60.0,0,0,0,0,0.0,0,0
2022_2023,Leicester,Brentford,60.0,60.0,0,0,0,0,0.0,0,0
2022_2023,Man United,Brighton,60.0,60.0,0,0,0,0,0.0,0,0
2022_2023,West Ham,Man City,60.0,60.0,0,0,0,0,0.0,0,0
2022_2023,Aston Villa,Everton,7.0,7.0,1,1,0,0,0.0,0,0
2022_2023,Arsenal,Leicester,8.0,6.0,1,1,0,0,2.0,0,0
2022_2023,Brighton,Newcastle,6.0,7.0,1,1,0,0,-1.0,0,0
2022_2023,Man City,Bournemouth,6.0,7.0,1,1,0,0,-1.0,0,0
2022_2023,Southampton,Leeds,7.0,7.0,1,1,0,0,0.0,0,0
2022_2023,Wolves,Fulham,7.0,7.0,1,1,0,0,0.0,0,0
2022_2023,Brentford,Man United,6.0,6.0,1,1,0,0,0.0,0,0
2022_2023,Nott'm Forest,West Ham,8.0,7.0,1,1,0,0,1.0,0,0
2022_2023,Chelsea,Tottenham,8.0,8.0,1,1,0,0,0.0,0,0
2022_2023,Liverpool,Crystal Palace,9.0,10.0,1,1,0,0,-1.0,0,0
2022_2023,Tottenham,Wolves,6.0,7.0,2,2,0,0,-1.0,0,0
2022_2023,Crystal Palace,Aston Villa,5.0,7.0,1,2,0,0,-2.0,-1,0
2022_2023,Everton,Nott'm Forest,7.0,6.0,2,2,0,0,1.0,0,0
2022_2023,Fulham,Brentford,7.0,7.0,2,2,0,0,0.0,0,0
2022_2023,Leicester,Southampton,7.0,7.0,2,2,0,0,0.0,0,0
2022_2023,Bournemouth,Arsenal,7.0,7.0,2,1,0,0,0.0,1,0
2022_2023,Leeds,Chelsea,8.0,7.0,1,1,0,0,1.0,0,0
2022_2023,West Ham,Brighton,7.0,8.0,2,2,0,0,-1.0,0,0
2022_2023,Newcastle,Man City,8.0,8.0,1,2,0,0,0.0,-1,0
2022_2023,Man United,Liverpool,9.0,7.0,1,1,0,0,2.0,0,0
2022_2023,Southampton,Man United,4.0,5.0,3,2,0,0,-1.0,1,0
2022_2023,Brentford,Everton,4.0,4.0,3,3,0,0,0.0,0,0
2022_2023,Brighton,Leeds,3.0,3.0,3,3,0,0,0.0,0,0
2022_2023,Chelsea,Leicester,6.0,4.0,2,3,0,0,2.0,-1,0
2022_2023,Liverpool,Bournemouth,5.0,4.0,2,3,0,0,1.0,-1,0
2022_2023,Man City,Crystal Palace,6.0,4.0,2,3,0,0,2.0,-1,0
2022_2023,Arsenal,Fulham,7.0,4.0,2,3,0,0,3.0,-1,0
2022_2023,Aston Villa,West Ham,5.0,7.0,2,2,0,0,-2.0,0,0
2022_2023,Wolves,Newcastle,5.0,4.0,2,2,0,0,1.0,0,0
2022_2023,Nott'm Forest,Tottenham,5.0,8.0,3,2,0,0,-3.0,1,0
2022_2023,Crystal Palace,Brentford,3.0,3.0,3,3,0,0,0.0,0,0
2022_2023,Fulham,Brighton,3.0,3.0,3,3,0,0,0.0,0,0
2022_2023,Southampton,Chelsea,3.0,3.0,3,2,0,0,0.0,1,0
2022_2023,Leeds,Everton,3.0,3.0,3,3,0,0,0.0,0,0
2022_2023,Arsenal,Aston Villa,4.0,3.0,2,3,0,0,1.0,-1,0
2022_2023,Bournemouth,Wolves,4.0,3.0,3,3,0,0,1.0,0,0
2022_2023,Man City,Nott'm Forest,4.0,3.0,2,3,0,0,1.0,-1,0
2022_2023,West Ham,Tottenham,3.0,3.0,2,2,0,0,0.0,0,0
2022_2023,Liverpool,Newcastle,4.0,3.0,2,3,0,0,1.0,-1,0
2022_2023,Leicester,Man United,5.0,5.0,3,2,0,0,0.0,1,0
2022_2023,Everton,Liverpool,4.0,3.0,4,3,0,0,1.0,1,0
2022_2023,Brentford,Leeds,4.0,4.0,4,4,0,0,0.0,0,0
2022_2023,Chelsea,West Ham,4.0,3.0,3,3,0,0,1.0,0,0
2022_2023,Newcastle,Crystal Palace,3.0,4.0,4,4,0,0,-1.0,0,0
2022_2023,Nott'm Forest,Bournemouth,3.0,3.0,4,4,0,0,0.0,0,0
2022_2023,Tottenham,Fulham,3.0,4.0,3,4,0,0,-1.0,-1,0
2022_2023,Wolves,Southampton,3.0,4.0,4,4,0,0,-1.0,0,0
2022_2023,Aston Villa,Man City,3.0,3.0,4,3,0,0,0.0,1,0
2022_2023,Brighton,Leicester,5.0,3.0,4,3,0,0,2.0,1,0
2022_2023,Man United,Arsenal,3.0,4.0,3,2,0,0,-1.0,1,0
2022_2023,Aston Villa,Southampton,13.0,13.0,1,1,0,0,0.0,0,0
2022_2023,Nott'm Forest,Fulham,13.0,13.0,1,1,0,0,0.0,0,0
2022_2023,Wolves,Man City,14.0,3.0,1,3,0,1,11.0,-2,-1
2022_2023,Newcastle,Bournemouth,14.0,14.0,1,1,0,0,0.0,0,0
2022_2023,Tottenham,Leicester,4.0,13.0,3,1,1,0,-9.0,2,1
2022_2023,Brentford,Arsenal,15.0,10.0,0,2,0,0,5.0,-2,0
2022_2023,Everton,West Ham,15.0,3.0,0,2,0,1,12.0,-2,-1
2022_2023,Arsenal,Tottenham,13.0,14.0,1,1,0,0,-1.0,0,0
2022_2023,Bournemouth,Brentford,14.0,13.0,1,1,0,0,1.0,0,0
2022_2023,Crystal Palace,Chelsea,28.0,17.0,0,0,0,0,11.0,0,0
2022_2023,Fulham,Newcastle,15.0,14.0,0,1,0,0,1.0,-1,0
2022_2023,Liverpool,Brighton,18.0,27.0,0,0,0,0,-9.0,0,0
2022_2023,Southampton,Everton,15.0,13.0,0,1,0,0,2.0,-1,0
2022_2023,West Ham,Wolves,13.0,14.0,1,1,0,0,-1.0,0,0
2022_2023,Man City,Man United,15.0,17.0,0,0,0,0,-2.0,0,0
2022_2023,Leeds,Aston Villa,29.0,16.0,0,0,0,0,13.0,0,0
2022_2023,Leicester,Nott'm Forest,16.0,17.0,0,0,0,0,-1.0,0,0
2022_2023,Bournemouth,Leicester,7.0,5.0,1,1,0,0,2.0,0,0
2022_2023,Chelsea,Wolves,3.0,7.0,2,1,1,0,-4.0,1,1
2022_2023,Man City,Southampton,3.0,7.0,2,1,1,0,-4.0,1,1
2022_2023,Newcastle,Brentford,7.0,7.0,1,1,0,0,0.0,0,0
2022_2023,Brighton,Tottenham,7.0,4.0,1,2,0,1,3.0,-1,-1
2022_2023,Crystal Palace,Leeds,8.0,7.0,1,1,0,0,1.0,0,0
2022_2023,West Ham,Fulham,3.0,8.0,2,1,1,0,-5.0,1,1
2022_2023,Arsenal,Liverpool,3.0,5.0,2,2,1,1,-2.0,0,0
2022_2023,Everton,Man United,8.0,3.0,1,2,0,1,5.0,-1,-1
2022_2023,Nott'm Forest,Aston Villa,7.0,8.0,1,1,0,0,-1.0,0,0
2022_2023,Brentford,Brighton,6.0,6.0,2,2,0,0,0.0,0,0
2022_2023,Leicester,Crystal Palace,7.0,6.0,2,2,0,0,1.0,0,0
2022_2023,Fulham,Bournemouth,6.0,7.0,2,2,0,0,-1.0,0,0
2022_2023,Wolves,Nott'm Forest,7.0,5.0,2,2,0,0,2.0,0,0
2022_2023,Tottenham,Everton,3.0,6.0,4,2,1,0,-3.0,2,1
2022_2023,Aston Villa,Chelsea,6.0,5.0,2,3,0,1,1.0,-1,-1
2022_2023,Leeds,Arsenal,7.0,3.0,2,3,0,1,4.0,-1,-1
2022_2023,Man United,Newcastle,3.0,8.0,4,1,1,0,-5.0,3,1
2022_2023,Southampton,West Ham,8.0,3.0,1,3,0,1,5.0,-2,-1
2022_2023,Liverpool,Man City,4.0,5.0,3,4,1,1,-1.0,-1,0
2022_2023,Brighton,Nott'm Forest,4.0,3.0,2,2,0,0,1.0,0,0
2022_2023,Crystal Palace,Wolves,3.0,3.0,2,2,0,0,0.0,0,0
2022_2023,Bournemouth,Southampton,4.0,3.0,2,2,0,0,1.0,0,0
2022_2023,Brentford,Chelsea,5.0,3.0,2,4,0,0,2.0,-2,0
2022_2023,Liverpool,West Ham,3.0,3.0,3,4,0,0,0.0,-1,0
2022_2023,Newcastle,Everton,3.0,4.0,2,2,0,0,-1.0,0,0
2022_2023,Man United,Tottenham,3.0,4.0,4,3,0,0,-1.0,1,0
2022_2023,Fulham,Aston Villa,5.0,4.0,2,2,0,0,1.0,0,0
2022_2023,Leicester,Leeds,5.0,4.0,2,2,0,0,1.0,0,0
2022_2023,Nott'm Forest,Liverpool,4.0,3.0,3,4,0,0,1.0,-1,0
2022_2023,Everton,Crystal Palace,3.0,4.0,3,3,0,0,-1.0,0,0
2022_2023,Man City,Brighton,6.0,4.0,3,3,0,0,2.0,0,0
2022_2023,Chelsea,Man United,3.0,3.0,4,4,0,0,0.0,0,0
2022_2023,Aston Villa,Brentford,3.0,4.0,3,2,0,0,-1.0,1,0
2022_2023,Leeds,Fulham,3.0,3.0,3,3,0,0,0.0,0,0
2022_2023,Southampton,Arsenal,4.0,3.0,2,4,0,1,1.0,-2,-1
2022_2023,Wolves,Leicester,5.0,3.0,2,2,0,0,2.0,0,0
2022_2023,Tottenham,Newcastle,4.0,4.0,3,2,0,0,0.0,1,0
2022_2023,West Ham,Bournemouth,5.0,5.0,3,2,0,0,0.0,1,0
2022_2023,Leicester,Man City,6.0,4.0,3,3,0,1,2.0,0,-1
2022_2023,Bournemouth,Tottenham,5.0,3.0,3,4,0,1,2.0,-1,-1
2022_2023,Brentford,Wolves,6.0,6.0,2,3,0,0,0.0,-1,0
2022_2023,Brighton,Chelsea,7.0,4.0,2,4,0,1,3.0,-2,-1
2022_2023,Crystal Palace,Southampton,7.0,6.0,3,3,0,0,1.0,0,0
2022_2023,Newcastle,Aston Villa,6.0,6.0,3,3,0,0,0.0,0,0
2022_2023,Fulham,Everton,6.0,7.0,3,3,0,0,-1.0,0,0
2022_2023,Liverpool,Leeds,3.0,6.0,4,3,1,0,-3.0,1,1
2022_2023,Arsenal,Nott'm Forest,3.0,8.0,4,2,1,0,-5.0,2,1
2022_2023,Man United,West Ham,3.0,3.0,4,4,1,1,0.0,0,0
2022_2023,Leeds,Bournemouth,7.0,7.0,2,2,0,0,0.0,0,0
2022_2023,Man City,Fulham,3.0,7.0,4,2,1,0,-4.0,2,1
2022_2023,Nott'm Forest,Brentford,6.0,7.0,2,2,0,0,-1.0,0,0
2022_2023,Wolves,Brighton,7.0,7.0,2,2,0,0,0.0,0,0
2022_2023,Everton,Leicester,7.0,7.0,2,2,0,0,0.0,0,0
2022_2023,Chelsea,Arsenal,4.0,3.0,3,4,1,1,1.0,-1,0
2022_2023,Aston Villa,Man United,8.0,3.0,2,3,0,1,5.0,-1,-1
2022_2023,Southampton,Newcastle,8.0,8.0,2,2,0,0,0.0,0,0
2022_2023,West Ham,Crystal Palace,3.0,8.0,4,1,1,0,-5.0,3,1
2022_2023,Tottenham,Liverpool,5.0,5.0,4,3,1,1,0.0,1,0
2022_2023,Man City,Brentford,3.0,4.0,4,3,0,0,-1.0,1,0
2022_2023,Bournemouth,Everton,4.0,4.0,3,3,0,0,0.0,0,0
2022_2023,Liverpool,Southampton,3.0,3.0,4,3,0,0,0.0,1,0
2022_2023,Nott'm Forest,Crystal Palace,3.0,3.0,3,3,0,0,0.0,0,0
2022_2023,Tottenham,Leeds,3.0,3.0,4,3,0,0,0.0,1,0
2022_2023,West Ham,Leicester,3.0,4.0,4,3,0,0,-1.0,1,0
2022_2023,Newcastle,Chelsea,3.0,3.0,3,4,0,0,0.0,-1,0
2022_2023,Wolves,Arsenal,3.0,3.0,3,4,0,0,0.0,-1,0
2022_2023,Brighton,Aston Villa,4.0,3.0,2,2,0,0,1.0,0,0
2022_2023,Fulham,Man United,8.0,3.0,1,4,0,0,5.0,-3,0
2022_2023,Brentford,Tottenham,44.0,44.0,0,0,0,0,0.0,0,0
2022_2023,Crystal Palace,Fulham,44.0,43.0,0,0,0,0,1.0,0,0
2022_2023,Everton,Wolves,44.0,6.0,0,1,0,0,38.0,-1,0
2022_2023,Leicester,Newcastle,6.0,6.0,1,1,0,0,0.0,0,0
2022_2023,Southampton,Brighton,6.0,5.0,1,1,0,0,1.0,0,0
2022_2023,Aston Villa,Liverpool,43.0,4.0,0,1,0,0,39.0,-1,0
2022_2023,Arsenal,West Ham,44.0,44.0,0,0,0,0,0.0,0,0
2022_2023,Chelsea,Bournemouth,45.0,7.0,0,1,0,0,38.0,-1,0
2022_2023,Man United,Nott'm Forest,6.0,6.0,1,1,0,0,0.0,0,0
2022_2023,Leeds,Man City,46.0,6.0,0,1,0,0,40.0,-1,0
2022_2023,West Ham,Brentford,4.0,4.0,1,1,0,0,0.0,0,0
2022_2023,Liverpool,Leicester,4.0,4.0,2,2,0,0,0.0,0,0
2022_2023,Wolves,Man United,5.0,4.0,2,2,0,0,1.0,0,0
2022_2023,Bournemouth,Crystal Palace,4.0,5.0,2,1,0,0,-1.0,1,0
2022_2023,Fulham,Southampton,5.0,5.0,1,2,0,0,0.0,-1,0
2022_2023,Man City,Everton,3.0,5.0,2,1,0,0,-2.0,1,0
2022_2023,Newcastle,Leeds,5.0,3.0,2,1,0,0,2.0,1,0
2022_2023,Brighton,Arsenal,5.0,5.0,2,1,0,0,0.0,1,0
2022_2023,Tottenham,Aston Villa,6.0,6.0,1,1,0,0,0.0,0,0
2022_2023,Nott'm Forest,Chelsea,5.0,5.0,2,1,0,0,0.0,1,0
2022_2023,Brentford,Liverpool,3.0,3.0,2,3,0,0,0.0,-1,0
2022_2023,Arsenal,Newcastle,3.0,3.0,2,3,0,0,0.0,-1,0
2022_2023,Everton,Brighton,3.0,3.0,2,3,0,0,0.0,-1,0
2022_2023,Leicester,Fulham,4.0,3.0,3,2,0,0,1.0,1,0
2022_2023,Man United,Bournemouth,3.0,3.0,3,3,0,0,0.0,0,0
2022_2023,Southampton,Nott'm Forest,4.0,3.0,2,3,0,0,1.0,-1,0
2022_2023,Leeds,West Ham,4.0,5.0,2,2,0,0,-1.0,0,0
2022_2023,Aston Villa,Wolves,3.0,4.0,2,2,0,0,-1.0,0,0
2022_2023,Crystal Palace,Tottenham,4.0,3.0,2,2,0,0,1.0,0,0
2022_2023,Chelsea,Man City,4.0,5.0,2,3,0,0,-1.0,-1,0
2022_2023,Fulham,Chelsea,5.0,4.0,3,3,0,0,1.0,0,0
2022_2023,Aston Villa,Leeds,5.0,5.0,3,3,0,0,0.0,0,0
2022_2023,Man United,Man City,4.0,3.0,4,4,0,0,1.0,0,0
2022_2023,Brighton,Liverpool,7.0,7.0,3,2,0,0,0.0,1,0
2022_2023,Everton,Southampton,8.0,3.0,3,4,0,0,5.0,-1,0
2022_2023,Nott'm Forest,Leicester,3.0,4.0,4,3,0,0,-1.0,1,0
2022_2023,Wolves,West Ham,3.0,7.0,4,2,0,0,-4.0,2,0
2022_2023,Brentford,Bournemouth,7.0,7.0,2,3,0,0,0.0,-1,0
2022_2023,Chelsea,Crystal Palace,3.0,8.0,4,2,0,0,-5.0,2,0
2022_2023,Newcastle,Fulham,5.0,3.0,3,3,0,0,2.0,0,0
2022_2023,Tottenham,Arsenal,8.0,6.0,3,2,0,0,2.0,1,0
2022_2023,Crystal Palace,Man United,3.0,4.0,3,3,0,0,-1.0,0,0
2022_2023,Man City,Tottenham,5.0,4.0,4,2,0,0,1.0,2,0
2022_2023,Liverpool,Chelsea,4.0,6.0,3,3,0,0,-2.0,0,0
2022_2023,Bournemouth,Nott'm Forest,7.0,7.0,2,3,0,0,0.0,-1,0
2022_2023,Leicester,Brighton,7.0,7.0,3,2,0,0,0.0,1,0
2022_2023,Southampton,Aston Villa,7.0,8.0,3,2,0,0,-1.0,1,0
2022_2023,West Ham,Everton,7.0,7.0,2,1,0,0,0.0,1,0
2022_2023,Crystal Palace,Newcastle,3.0,6.0,3,3,0,0,-3.0,0,0
2022_2023,Leeds,Brentford,4.0,8.0,3,1,0,0,-4.0,2,0
2022_2023,Man City,Wolves,3.0,5.0,4,3,0,0,-2.0,1,0
2022_2023,Arsenal,Man United,7.0,4.0,2,3,0,0,3.0,-1,0
2022_2023,Fulham,Tottenham,8.0,4.0,2,2,0,0,4.0,0,0
2022_2023,Chelsea,Fulham,13.0,6.0,1,2,0,0,7.0,-1,0
2022_2023,Everton,Arsenal,14.0,8.0,1,2,0,0,6.0,-1,0
2022_2023,Aston Villa,Leicester,14.0,7.0,1,2,0,0,7.0,-1,0
2022_2023,Brentford,Southampton,13.0,4.0,1,4,0,0,9.0,-3,0
2022_2023,Brighton,Bournemouth,6.0,14.0,2,1,0,0,-8.0,1,0
2022_2023,Man United,Crystal Palace,3.0,14.0,4,1,0,0,-11.0,3,0
2022_2023,Wolves,Liverpool,13.0,6.0,1,2,0,0,7.0,-1,0
2022_2023,Newcastle,West Ham,4.0,5.0,3,2,0,0,-1.0,1,0
2022_2023,Nott'm Forest,Leeds,4.0,8.0,2,2,0,0,-4.0,0,0
2022_2023,Tottenham,Man City,8.0,9.0,2,2,0,0,-1.0,0,0
2022_2023,Man United,Leeds,4.0,3.0,4,2,0,0,1.0,2,0
2022_2023,West Ham,Chelsea,7.0,8.0,2,1,0,0,-1.0,1,0
2022_2023,Arsenal,Brentford,7.0,7.0,1,1,0,0,0.0,0,0
2022_2023,Crystal Palace,Brighton,7.0,7.0,1,2,0,0,0.0,-1,0
2022_2023,Fulham,Nott'm Forest,3.0,6.0,3,2,0,0,-3.0,1,0
2022_2023,Leicester,Tottenham,7.0,6.0,2,2,0,0,1.0,0,0
2022_2023,Southampton,Wolves,7.0,7.0,3,1,0,0,0.0,2,0
2022_2023,Bournemouth,Newcastle,7.0,7.0,1,2,0,0,0.0,-1,0
2022_2023,Leeds,Man United,4.0,4.0,2,3,0,0,0.0,-1,0
2022_2023,Man City,Aston Villa,7.0,8.0,1,1,0,0,-1.0,0,0
2022_2023,Liverpool,Everton,9.0,9.0,1,1,0,0,0.0,0,0
2022_2023,Arsenal,Man City,4.0,3.0,2,2,0,0,1.0,0,0
2022_2023,Aston Villa,Arsenal,6.0,3.0,2,3,0,0,3.0,-1,0
2022_2023,Brentford,Crystal Palace,7.0,7.0,2,2,0,0,0.0,0,0
2022_2023,Brighton,Fulham,7.0,7.0,2,2,0,0,0.0,0,0
2022_2023,Chelsea,Southampton,3.0,7.0,2,2,1,0,-4.0,0,1
2022_2023,Everton,Leeds,5.0,6.0,2,3,0,0,-1.0,-1,0
2022_2023,Nott'm Forest,Man City,7.0,3.0,2,3,0,0,4.0,-1,0
2022_2023,Wolves,Bournemouth,7.0,7.0,2,2,0,0,0.0,0,0
2022_2023,Newcastle,Liverpool,7.0,5.0,2,2,0,0,2.0,0,0
2022_2023,Man United,Leicester,3.0,8.0,3,1,1,0,-5.0,2,1
2022_2023,Tottenham,West Ham,5.0,8.0,3,1,1,0,-3.0,2,1
2022_2023,Fulham,Wolves,6.0,6.0,2,2,0,0,0.0,0,0
2022_2023,Everton,Aston Villa,7.0,7.0,2,2,0,0,0.0,0,0
2022_2023,Leeds,Southampton,7.0,7.0,2,2,0,0,0.0,0,0
2022_2023,Leicester,Arsenal,6.0,7.0,2,3,0,0,-1.0,-1,0
2022_2023,West Ham,Nott'm Forest,6.0,7.0,2,2,0,0,-1.0,0,0
2022_2023,Bournemouth,Man City,7.0,3.0,2,4,0,1,4.0,-2,-1
2022_2023,Crystal Palace,Liverpool,7.0,4.0,2,3,0,1,3.0,-1,-1
2022_2023,Tottenham,Chelsea,7.0,8.0,2,2,0,0,-1.0,0,0
2022_2023,Arsenal,Everton,4.0,4.0,3,2,0,0,0.0,1,0
2022_2023,Liverpool,Wolves,4.0,5.0,3,2,0,0,-1.0,1,0
2022_2023,Man City,Newcastle,4.0,6.0,4,2,0,0,-2.0,2,0
2022_2023,Arsenal,Bournemouth,3.0,7.0,3,2,0,0,-4.0,1,0
2022_2023,Aston Villa,Crystal Palace,7.0,7.0,2,2,0,0,0.0,0,0
2022_2023,Brighton,West Ham,4.0,3.0,2,3,0,0,1.0,-1,0
2022_2023,Chelsea,Leeds,6.0,4.0,2,3,0,0,2.0,-1,0
2022_2023,Wolves,Tottenham,3.0,3.0,3,3,0,0,0.0,0,0
2022_2023,Southampton,Leicester,3.0,4.0,3,3,0,0,-1.0,0,0
2022_2023,Nott'm Forest,Everton,8.0,4.0,1,2,0,0,4.0,-1,0
2022_2023,Liverpool,Man United,4.0,4.0,3,4,0,0,0.0,-1,0
2022_2023,Brentford,Fulham,16.0,6.0,0,2,0,0,10.0,-2,0
2022_2023,Bournemouth,Liverpool,7.0,6.0,2,3,0,0,1.0,-1,0
2022_2023,Everton,Brentford,6.0,5.0,3,1,0,0,1.0,2,0
2022_2023,Leeds,Brighton,7.0,7.0,3,2,0,0,0.0,1,0
2022_2023,Leicester,Chelsea,7.0,4.0,3,3,0,1,3.0,0,-1
2022_2023,Tottenham,Nott'm Forest,3.0,6.0,4,2,1,0,-3.0,2,1
2022_2023,Crystal Palace,Man City,7.0,7.0,2,3,0,0,0.0,-1,0
2022_2023,Fulham,Arsenal,6.0,3.0,2,3,0,1,3.0,-1,-1
2022_2023,Man United,Southampton,3.0,8.0,4,2,1,0,-5.0,2,1
2022_2023,West Ham,Aston Villa,3.0,8.0,3,1,1,0,-5.0,2,1
2022_2023,Newcastle,Wolves,8.0,8.0,2,2,0,0,0.0,0,0
2022_2023,Brighton,Crystal Palace,4.0,4.0,2,2,0,0,0.0,0,0
2022_2023,Southampton,Brentford,3.0,4.0,3,2,0,0,-1.0,1,0
2022_2023,Nott'm Forest,Newcastle,6.0,5.0,2,2,0,0,1.0,0,0
2022_2023,Aston Villa,Bournemouth,6.0,7.0,2,2,0,0,-1.0,0,0
2022_2023,Brentford,Leicester,3.0,7.0,3,2,0,0,-4.0,1,0
2022_2023,Southampton,Tottenham,3.0,7.0,3,3,0,0,-4.0,0,0
2022_2023,Wolves,Leeds,6.0,7.0,2,2,0,0,-1.0,0,0
2022_2023,Chelsea,Everton,7.0,7.0,3,2,0,0,0.0,1,0
2022_2023,Arsenal,Crystal Palace,3.0,4.0,3,2,1,0,-1.0,1,1
2022_2023,Man City,Liverpool,14.0,17.0,1,0,0,0,-3.0,1,0
2022_2023,Arsenal,Leeds,13.0,14.0,1,1,0,0,-1.0,0,0
2022_2023,Bournemouth,Fulham,14.0,13.0,1,1,0,0,1.0,0,0
2022_2023,Brighton,Brentford,13.0,14.0,1,1,0,0,-1.0,0,0
2022_2023,Crystal Palace,Leicester,13.0,14.0,1,1,0,0,-1.0,0,0
2022_2023,Nott'm Forest,Wolves,15.0,14.0,0,1,0,0,1.0,-1,0
2022_2023,Chelsea,Aston Villa,14.0,14.0,1,1,0,0,0.0,0,0
2022_2023,West Ham,Southampton,17.0,15.0,0,0,0,0,2.0,0,0
2022_2023,Newcastle,Man United,16.0,14.0,0,1,0,0,2.0,-1,0
2022_2023,Everton,Tottenham,16.0,16.0,0,0,0,0,0.0,0,0
2022_2023,Bournemouth,Brighton,3.0,3.0,1,1,0,0,0.0,0,0
2022_2023,Leeds,Nott'm Forest,3.0,3.0,1,1,0,0,0.0,0,0
2022_2023,Leicester,Aston Villa,3.0,3.0,1,1,0,0,0.0,0,0
2022_2023,Chelsea,Liverpool,3.0,3.0,1,1,0,0,0.0,0,0
2022_2023,Man United,Brentford,3.0,4.0,1,1,0,0,-1.0,0,0
2022_2023,West Ham,Newcastle,3.0,3.0,1,1,0,0,0.0,0,0
2022_2023,Man United,Everton,3.0,5.0,2,1,0,0,-2.0,1,0
2022_2023,Aston Villa,Nott'm Forest,4.0,4.0,2,2,0,0,0.0,0,0
2022_2023,Brentford,Newcastle,3.0,3.0,2,2,0,0,0.0,0,0
2022_2023,Fulham,West Ham,7.0,3.0,1,2,0,0,4.0,-1,0
2022_2023,Leicester,Bournemouth,4.0,4.0,2,2,0,0,0.0,0,0
2022_2023,Tottenham,Brighton,5.0,4.0,1,2,0,0,1.0,-1,0
2022_2023,Wolves,Chelsea,7.0,4.0,1,2,0,0,3.0,-1,0
2022_2023,Southampton,Man City,6.0,7.0,1,1,0,0,-1.0,0,0
2022_2023,Leeds,Crystal Palace,5.0,8.0,2,1,0,0,-3.0,1,0
2022_2023,Liverpool,Arsenal,5.0,8.0,2,1,0,0,-3.0,1,0
2022_2023,Aston Villa,Newcastle,7.0,7.0,3,3,0,0,0.0,0,0
2022_2023,Chelsea,Brighton,3.0,7.0,4,3,1,0,-4.0,1,1
2022_2023,Everton,Fulham,7.0,7.0,2,2,0,0,0.0,0,0
2022_2023,Southampton,Crystal Palace,7.0,6.0,2,2,0,0,1.0,0,0
2022_2023,Tottenham,Bournemouth,7.0,7.0,2,3,0,0,0.0,-1,0
2022_2023,Wolves,Brentford,7.0,7.0,2,3,0,0,0.0,-1,0
2022_2023,Man City,Leicester,4.0,7.0,3,3,1,0,-3.0,0,1
2022_2023,West Ham,Arsenal,3.0,7.0,4,1,1,0,-4.0,3,1
2022_2023,Nott'm Forest,Man United,8.0,3.0,2,4,0,1,5.0,-2,-1
2022_2023,Leeds,Liverpool,8.0,8.0,2,2,0,0,0.0,0,0
2022_2023,Arsenal,Southampton,5.0,6.0,2,2,0,0,-1.0,0,0
2022_2023,Fulham,Leeds,7.0,5.0,2,2,0,0,2.0,0,0
2022_2023,Brentford,Aston Villa,7.0,7.0,2,2,0,0,0.0,0,0
2022_2023,Crystal Palace,Everton,7.0,7.0,2,2,0,0,0.0,0,0
2022_2023,Leicester,Wolves,7.0,7.0,2,2,0,0,0.0,0,0
2022_2023,Liverpool,Nott'm Forest,5.0,6.0,2,2,0,0,-1.0,0,0
2022_2023,Bournemouth,West Ham,8.0,3.0,1,3,0,1,5.0,-2,-1
2022_2023,Newcastle,Tottenham,8.0,8.0,1,1,0,0,0.0,0,0
2022_2023,Wolves,Crystal Palace,3.0,3.0,2,2,0,0,0.0,0,0
2022_2023,Aston Villa,Fulham,3.0,3.0,2,2,0,0,0.0,0,0
2022_2023,Leeds,Leicester,3.0,3.0,2,2,0,0,0.0,0,0
2022_2023,Nott'm Forest,Brighton,4.0,3.0,2,2,0,0,1.0,0,0
2022_2023,Chelsea,Brentford,8.0,4.0,3,2,0,0,4.0,1,0
2022_2023,West Ham,Liverpool,3.0,4.0,4,2,0,0,-1.0,2,0
2022_2023,Man City,Arsenal,4.0,5.0,3,2,0,0,-1.0,1,0
2022_2023,Everton,Newcastle,5.0,4.0,2,2,0,0,1.0,0,0
2022_2023,Southampton,Bournemouth,6.0,4.0,2,2,0,0,2.0,0,0
2022_2023,Tottenham,Man United,4.0,4.0,2,4,0,0,0.0,-2,0
2022_2023,Crystal Palace,West Ham,4.0,3.0,3,4,0,0,1.0,-1,0
2022_2023,Brentford,Nott'm Forest,3.0,3.0,3,3,0,0,0.0,0,0
2022_2023,Brighton,Wolves,3.0,4.0,3,3,0,0,-1.0,0,0
2022_2023,Bournemouth,Leeds,3.0,5.0,2,3,0,0,-2.0,-1,0
2022_2023,Fulham,Man City,5.0,4.0,2,3,0,0,1.0,-1,0
2022_2023,Man United,Aston Villa,3.0,5.0,4,2,0,0,-2.0,2,0
2022_2023,Newcastle,Southampton,3.0,3.0,2,2,0,0,0.0,0,0
2022_2023,Liverpool,Tottenham,4.0,3.0,3,2,0,0,1.0,1,0
2022_2023,Leicester,Everton,6.0,4.0,2,2,0,0,2.0,0,0
2022_2023,Arsenal,Chelsea,6.0,6.0,2,2,0,0,0.0,0,0
2022_2023,Liverpool,Fulham,3.0,3.0,3,3,0,0,0.0,0,0
2022_2023,Man City,West Ham,3.0,4.0,4,4,0,0,-1.0,0,0
2022_2023,Brighton,Man United,5.0,4.0,3,4,0,0,1.0,-1,0
2022_2023,Bournemouth,Chelsea,6.0,4.0,3,2,0,0,2.0,1,0
2022_2023,Man City,Leeds,3.0,6.0,4,3,0,0,-3.0,1,0
2022_2023,Tottenham,Crystal Palace,6.0,7.0,3,3,0,0,-1.0,0,0
2022_2023,Wolves,Aston Villa,7.0,6.0,3,3,0,0,1.0,0,0
2022_2023,Liverpool,Brentford,3.0,7.0,4,3,0,0,-4.0,1,0
2022_2023,Newcastle,Arsenal,7.0,5.0,3,2,0,0,2.0,1,0
2022_2023,West Ham,Man United,4.0,3.0,4,4,0,0,1.0,0,0
2022_2023,Fulham,Leicester,5.0,7.0,3,2,0,0,-2.0,1,0
2022_2023,Brighton,Everton,4.0,7.0,3,2,0,0,-3.0,1,0
2022_2023,Nott'm Forest,Southampton,9.0,8.0,2,2,0,0,1.0,0,0
2022_2023,Leeds,Newcastle,7.0,6.0,2,2,0,0,1.0,0,0
2022_2023,Aston Villa,Tottenham,7.0,7.0,2,2,0,0,0.0,0,0
2022_2023,Chelsea,Nott'm Forest,7.0,5.0,2,2,0,0,2.0,0,0
2022_2023,Crystal Palace,Bournemouth,7.0,7.0,2,2,0,0,0.0,0,0
2022_2023,Man United,Wolves,6.0,7.0,3,2,0,0,-1.0,1,0
2022_2023,Southampton,Fulham,5.0,5.0,2,3,0,0,0.0,-1,0
2022_2023,Brentford,West Ham,8.0,3.0,1,3,0,1,5.0,-2,-1
2022_2023,Everton,Man City,6.0,5.0,2,4,0,1,1.0,-2,-1
2022_2023,Arsenal,Brighton,7.0,6.0,2,2,0,0,1.0,0,0
2022_2023,Leicester,Liverpool,7.0,9.0,2,2,0,0,-2.0,0,0
2022_2023,Newcastle,Brighton,5.0,4.0,2,3,0,0,1.0,-1,0
2022_2023,Tottenham,Brentford,7.0,6.0,2,2,0,0,1.0,0,0
2022_2023,Bournemouth,Man United,7.0,7.0,2,2,0,0,0.0,0,0
2022_2023,Fulham,Crystal Palace,7.0,7.0,2,2,0,0,0.0,0,0
2022_2023,Liverpool,Aston Villa,5.0,7.0,2,2,0,0,-2.0,0,0
2022_2023,Wolves,Everton,7.0,6.0,2,2,0,0,1.0,0,0
2022_2023,Nott'm Forest,Arsenal,7.0,6.0,2,2,0,0,1.0,0,0
2022_2023,West Ham,Leeds,3.0,8.0,4,1,1,0,-5.0,3,1
2022_2023,Brighton,Southampton,3.0,8.0,3,2,0,0,-5.0,1,0
2022_2023,Man City,Chelsea,4.0,8.0,3,1,1,0,-4.0,2,1
2022_2023,Newcastle,Leicester,4.0,7.0,2,2,0,0,-3.0,0,0
2022_2023,Brighton,Man City,3.0,3.0,3,3,0,0,0.0,0,0
2022_2023,Man United,Chelsea,5.0,4.0,2,2,0,0,1.0,0,0
2022_2023,Arsenal,Wolves,8.0,8.0,2,1,0,0,0.0,1,0
2022_2023,Aston Villa,Brighton,8.0,4.0,1,4,0,0,4.0,-3,0
2022_2023,Brentford,Man City,8.0,4.0,2,4,0,0,4.0,-2,0
2022_2023,Chelsea,Newcastle,3.0,6.0,2,2,0,0,-3.0,0,0
2022_2023,Crystal Palace,Nott'm Forest,8.0,8.0,1,1,0,0,0.0,0,0
2022_2023,Everton,Bournemouth,8.0,8.0,2,1,0,0,0.0,1,0
2022_2023,Leeds,Tottenham,7.0,8.0,1,1,0,0,-1.0,0,0
2022_2023,Leicester,West Ham,6.0,7.0,2,3,0,0,-1.0,-1,0
2022_2023,Man United,Fulham,3.0,8.0,2,1,0,0,-5.0,1,0
2022_2023,Southampton,Liverpool,7.0,8.0,1,2,0,0,-1.0,-1,0
2023_2024,Burnley,Man City,60.0,60.0,0,0,0,0,0.0,0,0
2023_2024,Arsenal,Nott'm Forest,60.0,60.0,0,0,0,0,0.0,0,0
2023_2024,Bournemouth,West Ham,60.0,60.0,0,0,0,0,0.0,0,0
2023_2024,Brighton,Luton,60.0,60.0,0,0,0,0,0.0,0,0
2023_2024,Everton,Fulham,60.0,60.0,0,0,0,0,0.0,0,0
2023_2024,Sheffield United,Crystal Palace,60.0,60.0,0,0,0,0,0.0,0,0
2023_2024,Newcastle,Aston Villa,60.0,60.0,0,0,0,0,0.0,0,0
2023_2024,Brentford,Tottenham,60.0,60.0,0,0,0,0,0.0,0,0
2023_2024,Chelsea,Liverpool,60.0,60.0,0,0,0,0,0.0,0,0
2023_2024,Man United,Wolves,60.0,60.0,0,0,0,0,0.0,0,0
2023_2024,Nott'm Forest,Sheffield United,6.0,6.0,1,1,0,0,0.0,0,0
2023_2024,Fulham,Brentford,7.0,6.0,1,1,0,0,1.0,0,0
2023_2024,Liverpool,Bournemouth,6.0,7.0,1,1,0,0,-1.0,0,0
2023_2024,Wolves,Brighton,5.0,7.0,1,1,0,0,-2.0,0,0
2023_2024,Tottenham,Man United,6.0,5.0,1,1,0,0,1.0,0,0
2023_2024,Man City,Newcastle,8.0,7.0,1,1,0,0,1.0,0,0
2023_2024,Aston Villa,Everton,8.0,8.0,1,1,0,0,0.0,0,0
2023_2024,West Ham,Chelsea,8.0,7.0,1,1,0,0,1.0,0,0
2023_2024,Crystal Palace,Arsenal,9.0,9.0,1,1,0,0,0.0,0,0
2023_2024,Chelsea,Luton,5.0,13.0,2,1,0,0,-8.0,1,0
2023_2024,Bournemouth,Tottenham,7.0,7.0,2,2,0,0,0.0,0,0
2023_2024,Arsenal,Fulham,5.0,7.0,2,2,0,0,-2.0,0,0
2023_2024,Brentford,Crystal Palace,7.0,5.0,2,2,0,0,2.0,0,0
2023_2024,Everton,Wolves,6.0,7.0,2,2,0,0,-1.0,0,0
2023_2024,Man United,Nott'm Forest,7.0,8.0,2,2,0,0,-1.0,0,0
2023_2024,Brighton,West Ham,7.0,6.0,2,2,0,0,1.0,0,0
2023_2024,Burnley,Aston Villa,16.0,7.0,0,1,0,0,9.0,-1,0
2023_2024,Sheffield United,Man City,9.0,8.0,1,1,0,0,1.0,0,0
2023_2024,Newcastle,Liverpool,8.0,8.0,1,2,0,0,0.0,-1,0
2023_2024,Luton,West Ham,3.0,6.0,2,2,0,0,-3.0,0,0
2023_2024,Sheffield United,Everton,3.0,3.0,2,3,0,0,0.0,-1,0
2023_2024,Brentford,Bournemouth,4.0,4.0,3,3,0,0,0.0,0,0
2023_2024,Burnley,Tottenham,3.0,4.0,2,3,0,0,-1.0,-1,0
2023_2024,Chelsea,Nott'm Forest,3.0,3.0,3,2,0,0,0.0,1,0
2023_2024,Man City,Fulham,6.0,4.0,2,3,0,0,2.0,-1,0
2023_2024,Brighton,Newcastle,7.0,6.0,2,2,0,0,1.0,0,0
2023_2024,Crystal Palace,Wolves,5.0,5.0,3,2,0,0,0.0,1,0
2023_2024,Liverpool,Aston Villa,7.0,7.0,1,2,0,0,0.0,-1,0
2023_2024,Arsenal,Man United,8.0,8.0,2,1,0,0,0.0,1,0
2023_2024,Wolves,Liverpool,13.0,13.0,1,1,0,0,0.0,0,0
2023_2024,Aston Villa,Crystal Palace,13.0,13.0,1,1,0,0,0.0,0,0
2023_2024,Fulham,Luton,14.0,15.0,1,0,0,0,-1.0,1,0
2023_2024,Man United,Brighton,13.0,14.0,1,1,0,0,-1.0,0,0
2023_2024,Tottenham,Sheffield United,14.0,14.0,1,1,0,0,0.0,0,0
2023_2024,West Ham,Man City,15.0,14.0,0,1,0,0,1.0,-1,0
2023_2024,Newcastle,Brentford,14.0,14.0,1,1,0,0,0.0,0,0
2023_2024,Bournemouth,Chelsea,15.0,15.0,0,0,0,0,0.0,0,0
2023_2024,Everton,Arsenal,15.0,14.0,0,1,0,0,1.0,-1,0
2023_2024,Nott'm Forest,Burnley,16.0,16.0,0,0,0,0,0.0,0,0
2023_2024,Crystal Palace,Fulham,7.0,7.0,1,1,0,0,0.0,0,0
2023_2024,Luton,Wolves,7.0,7.0,1,1,0,0,0.0,0,0
2023_2024,Man City,Nott'm Forest,4.0,5.0,2,1,1,0,-1.0,1,1
2023_2024,Brentford,Everton,7.0,6.0,1,1,0,0,1.0,0,0
2023_2024,Burnley,Man United,5.0,3.0,1,2,0,1,2.0,-1,-1
2023_2024,Arsenal,Tottenham,4.0,8.0,2,1,1,0,-4.0,1,1
2023_2024,Brighton,Bournemouth,3.0,7.0,2,1,1,0,-4.0,1,1
2023_2024,Chelsea,Aston Villa,7.0,3.0,1,2,0,1,4.0,-1,-1
2023_2024,Liverpool,West Ham,3.0,3.0,2,2,1,1,0.0,0,0
2023_2024,Sheffield United,Newcastle,8.0,5.0,1,2,0,1,3.0,-1,-1
2023_2024,Aston Villa,Brighton,3.0,3.0,4,4,0,0,0.0,0,0
2023_2024,Bournemouth,Arsenal,3.0,3.0,3,4,0,0,0.0,-1,0
2023_2024,Everton,Luton,3.0,4.0,3,3,0,0,-1.0,0,0
2023_2024,Man United,Crystal Palace,4.0,4.0,4,3,0,0,0.0,1,0
2023_2024,Newcastle,Burnley,3.0,4.0,4,3,0,0,-1.0,1,0
2023_2024,West Ham,Sheffield United,3.0,6.0,4,2,0,0,-3.0,2,0
2023_2024,Wolves,Man City,4.0,3.0,3,4,0,0,1.0,-1,0
2023_2024,Tottenham,Liverpool,6.0,3.0,2,4,0,0,3.0,-2,0
2023_2024,Nott'm Forest,Brentford,8.0,4.0,2,2,0,0,4.0,0,0
2023_2024,Fulham,Chelsea,5.0,5.0,2,2,0,0,0.0,0,0
2023_2024,Luton,Burnley,3.0,3.0,3,3,0,0,0.0,0,0
2023_2024,Luton,Tottenham,4.0,7.0,4,2,0,0,-3.0,2,0
2023_2024,Burnley,Chelsea,4.0,5.0,4,3,0,0,-1.0,1,0
2023_2024,Everton,Bournemouth,7.0,7.0,3,3,0,0,0.0,0,0
2023_2024,Fulham,Sheffield United,5.0,7.0,3,2,0,0,-2.0,1,0
2023_2024,Man United,Brentford,4.0,6.0,4,3,1,0,-2.0,1,1
2023_2024,Crystal Palace,Nott'm Forest,7.0,6.0,3,2,0,0,1.0,1,0
2023_2024,Brighton,Liverpool,3.0,3.0,4,4,1,1,0.0,0,0
2023_2024,West Ham,Newcastle,3.0,4.0,4,4,1,1,-1.0,0,0
2023_2024,Wolves,Aston Villa,8.0,3.0,2,4,0,1,5.0,-2,-1
2023_2024,Arsenal,Man City,5.0,4.0,4,3,1,1,1.0,1,0
2023_2024,Liverpool,Everton,13.0,14.0,1,1,0,0,-1.0,0,0
2023_2024,Bournemouth,Wolves,14.0,13.0,1,1,0,0,1.0,0,0
2023_2024,Brentford,Burnley,14.0,14.0,1,1,0,0,0.0,0,0
2023_2024,Man City,Brighton,13.0,13.0,1,1,0,0,0.0,0,0
2023_2024,Newcastle,Crystal Palace,13.0,14.0,1,1,0,0,-1.0,0,0
2023_2024,Nott'm Forest,Luton,14.0,14.0,1,1,0,0,0.0,0,0
2023_2024,Chelsea,Arsenal,14.0,13.0,1,1,0,0,1.0,0,0
2023_2024,Sheffield United,Man United,14.0,14.0,1,1,0,0,0.0,0,0
2023_2024,Aston Villa,West Ham,14.0,14.0,1,1,0,0,0.0,0,0
2023_2024,Tottenham,Fulham,16.0,16.0,0,0,0,0,0.0,0,0
2023_2024,Crystal Palace,Tottenham,6.0,4.0,1,1,0,0,2.0,0,0
2023_2024,Chelsea,Brentford,7.0,7.0,1,1,0,0,0.0,0,0
2023_2024,Arsenal,Sheffield United,4.0,7.0,2,1,1,0,-3.0,1,1
2023_2024,Bournemouth,Burnley,7.0,7.0,1,1,0,0,0.0,0,0
2023_2024,Wolves,Newcastle,7.0,3.0,1,2,0,1,4.0,-1,-1
2023_2024,West Ham,Everton,3.0,8.0,2,1,1,0,-5.0,1,1
2023_2024,Aston Villa,Luton,3.0,8.0,2,1,1,0,-5.0,1,1
2023_2024,Brighton,Fulham,3.0,6.0,2,1,1,0,-3.0,1,1
2023_2024,Liverpool,Nott'm Forest,3.0,8.0,2,1,1,0,-5.0,1,1
2023_2024,Man United,Man City,5.0,4.0,2,2,1,1,1.0,0,0
2023_2024,Fulham,Man United,3.0,3.0,3,4,0,0,0.0,-1,0
2023_2024,Brentford,West Ham,7.0,3.0,2,4,0,0,4.0,-2,0
2023_2024,Burnley,Crystal Palace,3.0,8.0,3,2,0,0,-5.0,1,0
2023_2024,Everton,Brighton,3.0,6.0,3,3,0,0,-3.0,0,0
2023_2024,Man City,Bournemouth,6.0,3.0,3,3,0,0,3.0,0,0
2023_2024,Sheffield United,Wolves,7.0,7.0,2,2,0,0,0.0,0,0
2023_2024,Newcastle,Arsenal,3.0,3.0,4,4,0,0,0.0,0,0
2023_2024,Nott'm Forest,Aston Villa,7.0,7.0,1,3,0,0,0.0,-2,0
2023_2024,Luton,Liverpool,7.0,4.0,1,3,0,0,3.0,-2,0
2023_2024,Tottenham,Chelsea,10.0,5.0,2,2,0,0,5.0,0,0
2023_2024,Wolves,Tottenham,7.0,5.0,2,1,0,0,2.0,1,0
2023_2024,Arsenal,Burnley,3.0,7.0,4,3,1,0,-4.0,1,1
2023_2024,Crystal Palace,Everton,7.0,7.0,1,3,0,0,0.0,-2,0
2023_2024,Man United,Luton,3.0,6.0,4,2,1,0,-3.0,2,1
2023_2024,Bournemouth,Newcastle,7.0,4.0,3,4,0,1,3.0,-1,-1
2023_2024,Aston Villa,Fulham,3.0,8.0,3,3,1,0,-5.0,0,1
2023_2024,Brighton,Sheffield United,3.0,8.0,3,1,1,0,-5.0,2,1
2023_2024,Liverpool,Brentford,3.0,8.0,4,1,1,0,-5.0,3,1
2023_2024,West Ham,Nott'm Forest,3.0,7.0,4,2,1,0,-4.0,2,1
2023_2024,Chelsea,Man City,6.0,5.0,2,3,0,1,1.0,-1,-1
2023_2024,Man City,Liverpool,13.0,13.0,1,1,0,0,0.0,0,0
2023_2024,Burnley,West Ham,14.0,13.0,1,1,0,0,1.0,0,0
2023_2024,Luton,Crystal Palace,14.0,14.0,1,1,0,0,0.0,0,0
2023_2024,Newcastle,Chelsea,14.0,13.0,1,1,0,0,1.0,0,0
2023_2024,Nott'm Forest,Brighton,13.0,13.0,1,1,0,0,0.0,0,0
2023_2024,Sheffield United,Bournemouth,13.0,14.0,1,1,0,0,-1.0,0,0
2023_2024,Brentford,Arsenal,13.0,14.0,1,1,0,0,-1.0,0,0
2023_2024,Tottenham,Aston Villa,15.0,14.0,0,1,0,0,1.0,-1,0
2023_2024,Everton,Man United,15.0,15.0,0,0,0,0,0.0,0,0
2023_2024,Fulham,Wolves,15.0,16.0,0,0,0,0,-1.0,0,0
2023_2024,Arsenal,Wolves,3.0,5.0,2,1,1,0,-2.0,1,1
2023_2024,Brentford,Luton,7.0,7.0,1,1,0,0,0.0,0,0
2023_2024,Burnley,Sheffield United,7.0,7.0,1,1,0,0,0.0,0,0
2023_2024,Nott'm Forest,Everton,7.0,6.0,1,1,0,0,1.0,0,0
2023_2024,Newcastle,Man United,4.0,3.0,2,2,1,1,1.0,0,0
2023_2024,Bournemouth,Aston Villa,8.0,3.0,1,2,0,1,5.0,-1,-1
2023_2024,Chelsea,Brighton,8.0,3.0,1,2,0,1,5.0,-1,-1
2023_2024,Liverpool,Fulham,3.0,6.0,2,1,1,0,-3.0,1,1
2023_2024,West Ham,Crystal Palace,3.0,8.0,2,1,1,0,-5.0,1,1
2023_2024,Man City,Tottenham,5.0,7.0,2,1,1,0,-2.0,1,1
2023_2024,Wolves,Burnley,3.0,3.0,2,2,0,0,0.0,0,0
2023_2024,Luton,Arsenal,3.0,3.0,2,3,0,0,0.0,-1,0
2023_2024,Brighton,Brentford,3.0,4.0,3,2,0,0,-1.0,1,0
2023_2024,Crystal Palace,Bournemouth,3.0,3.0,2,2,0,0,0.0,0,0
2023_2024,Fulham,Nott'm Forest,3.0,4.0,2,2,0,0,-1.0,0,0
2023_2024,Sheffield United,Liverpool,4.0,3.0,2,3,0,0,1.0,-1,0
2023_2024,Aston Villa,Man City,3.0,3.0,3,3,0,0,0.0,0,0
2023_2024,Man United,Chelsea,4.0,3.0,3,2,0,0,1.0,1,0
2023_2024,Everton,Newcastle,5.0,5.0,2,3,0,0,0.0,-1,0
2023_2024,Tottenham,West Ham,4.0,4.0,2,3,0,0,0.0,-1,0
2023_2024,Crystal Palace,Liverpool,3.0,3.0,3,4,0,0,0.0,-1,0
2023_2024,Brighton,Burnley,3.0,4.0,4,3,0,0,-1.0,1,0
2023_2024,Man United,Bournemouth,3.0,3.0,4,3,0,0,0.0,1,0
2023_2024,Sheffield United,Brentford,3.0,3.0,3,3,0,0,0.0,0,0
2023_2024,Wolves,Nott'm Forest,4.0,3.0,3,3,0,0,1.0,0,0
2023_2024,Aston Villa,Arsenal,3.0,4.0,4,4,0,0,-1.0,0,0
2023_2024,Everton,Chelsea,3.0,4.0,3,2,0,0,-1.0,1,0
2023_2024,Fulham,West Ham,4.0,3.0,3,3,0,0,1.0,0,0
2023_2024,Luton,Man City,5.0,4.0,2,3,0,0,1.0,-1,0
2023_2024,Tottenham,Newcastle,3.0,3.0,3,3,0,0,0.0,0,0
2023_2024,Nott'm Forest,Tottenham,6.0,5.0,3,3,0,0,1.0,0,0
2023_2024,Chelsea,Sheffield United,6.0,7.0,3,3,0,0,-1.0,0,0
2023_2024,Man City,Crystal Palace,3.0,7.0,4,3,1,0,-4.0,1,1
2023_2024,Newcastle,Fulham,3.0,6.0,4,3,1,0,-3.0,1,1
2023_2024,Burnley,Everton,7.0,6.0,3,3,0,0,1.0,0,0
2023_2024,Arsenal,Brighton,5.0,3.0,3,4,1,1,2.0,-1,0
2023_2024,Brentford,Aston Villa,8.0,3.0,2,4,0,1,5.0,-2,-1
2023_2024,West Ham,Wolves,3.0,8.0,4,2,1,0,-5.0,2,1
2023_2024,Liverpool,Man United,3.0,5.0,4,3,1,1,-2.0,1,0
2023_2024,Crystal Palace,Brighton,5.0,4.0,2,3,0,0,1.0,-1,0
2023_2024,Aston Villa,Sheffield United,5.0,6.0,3,2,0,0,-1.0,1,0
2023_2024,West Ham,Man United,3.0,6.0,4,3,0,0,-3.0,1,0
2023_2024,Fulham,Burnley,4.0,7.0,3,2,0,0,-3.0,1,0
2023_2024,Luton,Newcastle,13.0,4.0,1,4,0,0,9.0,-3,0
2023_2024,Nott'm Forest,Bournemouth,8.0,14.0,2,1,0,0,-6.0,1,0
2023_2024,Tottenham,Everton,8.0,4.0,2,3,0,0,4.0,-1,0
2023_2024,Liverpool,Arsenal,3.0,6.0,4,3,0,0,-3.0,1,0
2023_2024,Wolves,Chelsea,7.0,5.0,1,3,0,0,2.0,-2,0
2023_2024,Newcastle,Nott'm Forest,3.0,3.0,4,2,0,0,0.0,2,0
2023_2024,Bournemouth,Fulham,3.0,3.0,1,3,0,0,0.0,-2,0
2023_2024,Sheffield United,Luton,4.0,3.0,2,1,0,0,1.0,1,0
2023_2024,Burnley,Liverpool,3.0,3.0,2,4,0,0,0.0,-2,0
2023_2024,Man United,Aston Villa,3.0,4.0,3,3,0,0,-1.0,0,0
2023_2024,Brentford,Wolves,10.0,3.0,1,2,0,0,7.0,-1,0
2023_2024,Chelsea,Crystal Palace,3.0,6.0,3,2,0,0,-3.0,1,0
2023_2024,Everton,Man City,4.0,11.0,3,2,0,0,-7.0,1,0
2023_2024,Brighton,Tottenham,7.0,5.0,3,2,0,0,2.0,1,0
2023_2024,Arsenal,West Ham,5.0,5.0,2,4,0,0,0.0,-2,0
2023_2024,Luton,Chelsea,4.0,3.0,2,4,0,0,1.0,-2,0
2023_2024,Aston Villa,Burnley,4.0,4.0,3,3,0,0,0.0,0,0
2023_2024,Crystal Palace,Brentford,3.0,3.0,3,2,0,0,0.0,1,0
2023_2024,Man City,Sheffield United,3.0,4.0,2,3,0,0,-1.0,-1,0
2023_2024,Wolves,Everton,3.0,3.0,3,4,0,0,0.0,-1,0
2023_2024,Nott'm Forest,Man United,4.0,4.0,2,3,0,0,0.0,-1,0
2023_2024,Fulham,Arsenal,5.0,3.0,3,3,0,0,2.0,0,0
2023_2024,Tottenham,Bournemouth,3.0,5.0,2,2,0,0,-2.0,0,0
2023_2024,Liverpool,Newcastle,6.0,6.0,3,3,0,0,0.0,0,0
2023_2024,West Ham,Brighton,5.0,5.0,3,2,0,0,0.0,1,0
2023_2024,Burnley,Luton,7.0,5.0,2,2,0,0,2.0,0,0
2023_2024,Chelsea,Fulham,4.0,3.0,3,3,0,0,1.0,0,0
2023_2024,Newcastle,Man City,7.0,6.0,2,2,0,0,1.0,0,0
2023_2024,Everton,Aston Villa,10.0,8.0,1,1,0,0,2.0,0,0
2023_2024,Man United,Tottenham,6.0,9.0,1,2,0,0,-3.0,-1,0
2023_2024,Arsenal,Crystal Palace,13.0,3.0,1,1,0,0,10.0,0,0
2023_2024,Brentford,Nott'm Forest,4.0,3.0,1,2,0,0,1.0,-1,0
2023_2024,Sheffield United,West Ham,15.0,5.0,0,2,0,0,10.0,-2,0
2023_2024,Bournemouth,Liverpool,15.0,11.0,0,2,0,0,4.0,-2,0
2023_2024,Brighton,Wolves,16.0,6.0,0,1,0,0,10.0,-1,0
2023_2024,Nott'm Forest,Arsenal,4.0,10.0,3,1,0,0,-6.0,2,0
2023_2024,Fulham,Everton,3.0,3.0,2,2,0,0,0.0,0,0
2023_2024,Luton,Brighton,3.0,3.0,2,2,0,0,0.0,0,0
2023_2024,Crystal Palace,Sheffield United,10.0,3.0,2,2,0,0,7.0,0,0
2023_2024,Aston Villa,Newcastle,4.0,3.0,1,1,0,0,1.0,0,0
2023_2024,Man City,Burnley,5.0,19.0,1,0,0,0,-14.0,1,0
2023_2024,Tottenham,Brentford,5.0,11.0,1,1,0,0,-6.0,0,0
2023_2024,Liverpool,Chelsea,3.0,5.0,3,2,0,0,-2.0,1,0
2023_2024,West Ham,Bournemouth,11.0,7.0,1,2,0,0,4.0,-1,0
2023_2024,Wolves,Man United,4.0,4.0,2,1,0,0,0.0,1,0
2023_2024,Everton,Tottenham,4.0,3.0,2,2,0,0,1.0,0,0
2023_2024,Brighton,Crystal Palace,4.0,4.0,3,2,0,0,0.0,1,0
2023_2024,Burnley,Fulham,3.0,4.0,1,3,0,0,-1.0,-2,0
2023_2024,Newcastle,Luton,4.0,4.0,2,2,0,0,0.0,0,0
2023_2024,Sheffield United,Aston Villa,4.0,4.0,3,2,0,0,0.0,1,0
2023_2024,Bournemouth,Nott'm Forest,3.0,5.0,3,2,0,0,-2.0,1,0
2023_2024,Chelsea,Wolves,4.0,3.0,3,3,0,0,1.0,0,0
2023_2024,Man United,West Ham,3.0,3.0,2,2,0,0,0.0,0,0
2023_2024,Arsenal,Liverpool,5.0,4.0,1,4,0,0,1.0,-3,0
2023_2024,Brentford,Man City,5.0,5.0,1,2,0,0,0.0,-1,0
2023_2024,Man City,Everton,5.0,7.0,2,3,0,0,-2.0,-1,0
2023_2024,Fulham,Bournemouth,7.0,6.0,3,2,0,0,1.0,1,0
2023_2024,Liverpool,Burnley,6.0,7.0,3,2,0,0,-1.0,1,0
2023_2024,Luton,Sheffield United,7.0,7.0,3,3,0,0,0.0,0,0
2023_2024,Tottenham,Brighton,7.0,7.0,2,3,0,0,0.0,-1,0
2023_2024,Wolves,Brentford,6.0,5.0,3,2,0,0,1.0,1,0
2023_2024,Nott'm Forest,Newcastle,3.0,7.0,3,3,0,0,-4.0,0,0
2023_2024,West Ham,Arsenal,7.0,7.0,2,2,0,0,0.0,0,0
2023_2024,Aston Villa,Man United,4.0,7.0,3,3,0,0,-3.0,0,0
2023_2024,Crystal Palace,Chelsea,9.0,5.0,2,3,0,0,4.0,-1,0
2023_2024,Brentford,Liverpool,7.0,7.0,2,2,0,0,0.0,0,0
2023_2024,Burnley,Arsenal,7.0,6.0,2,2,0,0,1.0,0,0
2023_2024,Fulham,Aston Villa,7.0,6.0,2,3,0,0,1.0,-1,0
2023_2024,Newcastle,Bournemouth,7.0,7.0,2,2,0,0,0.0,0,0
2023_2024,Nott'm Forest,West Ham,7.0,6.0,3,2,0,0,1.0,1,0
2023_2024,Tottenham,Wolves,7.0,7.0,2,2,0,0,0.0,0,0
2023_2024,Man City,Chelsea,4.0,5.0,3,3,1,0,-1.0,0,1
2023_2024,Sheffield United,Brighton,8.0,8.0,1,1,0,0,0.0,0,0
2023_2024,Luton,Man United,8.0,7.0,1,2,0,0,1.0,-1,0
2023_2024,Everton,Crystal Palace,9.0,7.0,1,1,0,0,2.0,0,0
2023_2024,Man City,Brentford,3.0,3.0,3,2,0,0,0.0,1,0
2023_2024,Liverpool,Luton,4.0,3.0,2,2,0,0,1.0,0,0
2023_2024,Aston Villa,Nott'm Forest,7.0,7.0,2,2,0,0,0.0,0,0
2023_2024,Brighton,Everton,6.0,5.0,2,2,0,0,1.0,0,0
2023_2024,Crystal Palace,Burnley,5.0,7.0,2,2,0,0,-2.0,0,0
2023_2024,Man United,Fulham,6.0,7.0,2,2,0,0,-1.0,0,0
2023_2024,Bournemouth,Man City,7.0,4.0,2,4,0,0,3.0,-2,0
2023_2024,Arsenal,Newcastle,3.0,7.0,3,2,1,0,-4.0,1,1
2023_2024,Wolves,Sheffield United,8.0,7.0,1,1,0,0,1.0,0,0
2023_2024,West Ham,Brentford,9.0,6.0,1,2,0,0,3.0,-1,0
2023_2024,Brentford,Chelsea,5.0,3.0,3,3,0,0,2.0,0,0
2023_2024,Everton,West Ham,7.0,5.0,2,2,0,0,2.0,0,0
2023_2024,Fulham,Brighton,7.0,3.0,2,3,0,0,4.0,-1,0
2023_2024,Newcastle,Wolves,4.0,3.0,3,3,0,0,1.0,0,0
2023_2024,Nott'm Forest,Liverpool,3.0,3.0,3,4,0,0,0.0,-1,0
2023_2024,Tottenham,Crystal Palace,14.0,7.0,1,2,0,0,7.0,-1,0
2023_2024,Luton,Aston Villa,4.0,7.0,3,2,0,0,-3.0,1,0
2023_2024,Burnley,Bournemouth,8.0,5.0,1,2,0,0,3.0,-1,0
2023_2024,Man City,Man United,5.0,4.0,3,3,0,0,1.0,0,0
2023_2024,Sheffield United,Arsenal,8.0,9.0,1,2,0,0,-1.0,-1,0
2023_2024,Man United,Everton,6.0,7.0,3,2,0,0,-1.0,1,0
2023_2024,Bournemouth,Sheffield United,6.0,5.0,3,2,0,0,1.0,1,0
2023_2024,Crystal Palace,Luton,7.0,7.0,2,2,0,0,0.0,0,0
2023_2024,Wolves,Fulham,7.0,7.0,3,2,0,0,0.0,1,0
2023_2024,Arsenal,Brentford,5.0,7.0,2,2,0,0,-2.0,0,0
2023_2024,Aston Villa,Tottenham,3.0,8.0,2,1,1,0,-5.0,1,1
2023_2024,Brighton,Nott'm Forest,3.0,8.0,3,2,1,0,-5.0,1,1
2023_2024,West Ham,Burnley,3.0,7.0,3,1,1,0,-4.0,2,1
2023_2024,Liverpool,Man City,3.0,4.0,4,3,1,1,-1.0,1,0
2023_2024,Chelsea,Newcastle,9.0,9.0,2,2,0,0,0.0,0,0
2023_2024,Bournemouth,Luton,4.0,4.0,2,2,0,0,0.0,0,0
2023_2024,Burnley,Brentford,6.0,7.0,2,2,0,0,-1.0,0,0
2023_2024,Luton,Nott'm Forest,3.0,6.0,3,2,0,0,-3.0,1,0
2023_2024,Fulham,Tottenham,7.0,6.0,2,2,0,0,1.0,0,0
2023_2024,West Ham,Aston Villa,3.0,3.0,3,3,1,1,0.0,0,0
2023_2024,Newcastle,West Ham,14.0,13.0,1,1,0,0,1.0,0,0
2023_2024,Bournemouth,Everton,17.0,21.0,0,0,0,0,-4.0,0,0
2023_2024,Chelsea,Burnley,13.0,14.0,1,1,0,0,-1.0,0,0
2023_2024,Nott'm Forest,Crystal Palace,14.0,21.0,1,0,0,0,-7.0,1,0
2023_2024,Sheffield United,Fulham,21.0,14.0,0,1,0,0,7.0,-1,0
2023_2024,Tottenham,Luton,14.0,14.0,1,1,0,0,0.0,0,0
2023_2024,Aston Villa,Wolves,13.0,14.0,1,1,0,0,-1.0,0,0
2023_2024,Brentford,Man United,14.0,13.0,1,1,0,0,1.0,0,0
2023_2024,Liverpool,Brighton,14.0,17.0,1,0,0,0,-3.0,1,0
2023_2024,Man City,Arsenal,15.0,19.0,0,0,0,0,-4.0,0,0
2023_2024,Newcastle,Everton,3.0,3.0,1,1,0,0,0.0,0,0
2023_2024,Nott'm Forest,Fulham,3.0,3.0,1,1,0,0,0.0,0,0
2023_2024,Bournemouth,Crystal Palace,3.0,3.0,1,1,0,0,0.0,0,0
2023_2024,Burnley,Wolves,3.0,3.0,1,1,0,0,0.0,0,0
2023_2024,West Ham,Tottenham,3.0,3.0,1,1,0,0,0.0,0,0
2023_2024,Arsenal,Luton,3.0,4.0,1,1,0,0,-1.0,0,0
2023_2024,Brentford,Brighton,4.0,3.0,1,1,0,0,1.0,0,0
2023_2024,Man City,Aston Villa,3.0,4.0,1,1,0,0,-1.0,0,0
2023_2024,Liverpool,Sheffield United,4.0,5.0,1,1,0,0,-1.0,0,0
2023_2024,Chelsea,Man United,5.0,5.0,1,1,0,0,0.0,0,0
2023_2024,Crystal Palace,Man City,4.0,3.0,2,2,0,0,1.0,0,0
2023_2024,Aston Villa,Brentford,3.0,3.0,2,2,0,0,0.0,0,0
2023_2024,Everton,Burnley,4.0,4.0,2,2,0,0,0.0,0,0
2023_2024,Fulham,Newcastle,4.0,4.0,2,2,0,0,0.0,0,0
2023_2024,Luton,Bournemouth,3.0,4.0,2,2,0,0,-1.0,0,0
2023_2024,Wolves,West Ham,4.0,4.0,2,2,0,0,0.0,0,0
2023_2024,Brighton,Arsenal,3.0,3.0,2,2,0,0,0.0,0,0
2023_2024,Man United,Liverpool,3.0,3.0,2,2,0,0,0.0,0,0
2023_2024,Sheffield United,Chelsea,3.0,3.0,2,2,0,0,0.0,0,0
2023_2024,Tottenham,Nott'm Forest,5.0,5.0,2,2,0,0,0.0,0,0
2023_2024,Newcastle,Tottenham,7.0,6.0,3,3,0,0,1.0,0,0
2023_2024,Brentford,Sheffield United,7.0,6.0,3,3,0,0,1.0,0,0
2023_2024,Burnley,Brighton,7.0,7.0,3,3,0,0,0.0,0,0
2023_2024,Man City,Luton,4.0,7.0,4,3,1,0,-3.0,1,1
2023_2024,Nott'm Forest,Wolves,6.0,7.0,3,3,0,0,-1.0,0,0
2023_2024,Bournemouth,Man United,7.0,6.0,3,3,0,0,1.0,0,0
2023_2024,Liverpool,Crystal Palace,3.0,8.0,4,2,1,0,-5.0,2,1
2023_2024,West Ham,Fulham,3.0,8.0,3,2,1,0,-5.0,1,1
2023_2024,Arsenal,Aston Villa,5.0,3.0,4,3,1,1,2.0,1,0
2023_2024,Chelsea,Everton,8.0,9.0,2,2,0,0,-1.0,0,0
2023_2024,Luton,Brentford,7.0,7.0,2,2,0,0,0.0,0,0
2023_2024,Sheffield United,Burnley,7.0,7.0,2,2,0,0,0.0,0,0
2023_2024,Wolves,Arsenal,7.0,3.0,2,4,0,1,4.0,-2,-1
2023_2024,Everton,Nott'm Forest,6.0,8.0,1,2,0,0,-2.0,-1,0
2023_2024,Aston Villa,Bournemouth,3.0,8.0,3,1,1,0,-5.0,2,1
2023_2024,Crystal Palace,West Ham,7.0,3.0,1,3,0,1,4.0,-2,-1
2023_2024,Fulham,Liverpool,7.0,3.0,1,4,0,1,4.0,-3,-1
2023_2024,Arsenal,Chelsea,3.0,3.0,4,2,0,0,0.0,2,0
2023_2024,Wolves,Bournemouth,4.0,3.0,2,2,0,0,1.0,0,0
2023_2024,Crystal Palace,Newcastle,3.0,11.0,2,1,0,0,-8.0,1,0
2023_2024,Everton,Liverpool,3.0,3.0,2,4,0,0,0.0,-2,0
2023_2024,Man United,Sheffield United,3.0,4.0,2,2,0,0,-1.0,0,0
2023_2024,Brighton,Man City,12.0,5.0,1,3,0,0,7.0,-2,0
2023_2024,West Ham,Liverpool,6.0,3.0,3,4,0,0,3.0,-1,0
2023_2024,Fulham,Crystal Palace,6.0,3.0,2,3,0,0,3.0,-1,0
2023_2024,Man United,Burnley,3.0,7.0,3,2,0,0,-4.0,1,0
2023_2024,Newcastle,Sheffield United,3.0,3.0,2,3,0,0,0.0,-1,0
2023_2024,Wolves,Luton,3.0,7.0,3,2,0,0,-4.0,1,0
2023_2024,Everton,Brentford,3.0,7.0,3,2,0,0,-4.0,1,0
2023_2024,Aston Villa,Chelsea,6.0,4.0,3,3,0,0,2.0,0,0
2023_2024,Bournemouth,Brighton,4.0,3.0,2,1,0,0,1.0,1,0
2023_2024,Tottenham,Arsenal,15.0,5.0,0,4,0,0,10.0,-4,0
2023_2024,Nott'm Forest,Man City,7.0,3.0,1,3,0,0,4.0,-2,0
2023_2024,Chelsea,Tottenham,5.0,4.0,3,1,0,0,1.0,2,0
2023_2024,Luton,Everton,6.0,6.0,2,3,0,0,0.0,-1,0
2023_2024,Arsenal,Bournemouth,6.0,6.0,3,3,0,0,0.0,0,0
2023_2024,Brentford,Fulham,7.0,7.0,2,2,0,0,0.0,0,0
2023_2024,Burnley,Newcastle,7.0,7.0,2,2,0,0,0.0,0,0
2023_2024,Sheffield United,Nott'm Forest,7.0,6.0,3,2,0,0,1.0,1,0
2023_2024,Man City,Wolves,6.0,7.0,3,3,0,0,-1.0,0,0
2023_2024,Brighton,Aston Villa,7.0,3.0,2,3,0,1,4.0,-1,-1
2023_2024,Chelsea,West Ham,3.0,8.0,3,2,0,0,-5.0,1,0
2023_2024,Liverpool,Tottenham,8.0,3.0,3,2,0,0,5.0,1,0
2023_2024,Crystal Palace,Man United,9.0,9.0,2,2,0,0,0.0,0,0
2023_2024,Fulham,Man City,7.0,7.0,2,2,0,0,0.0,0,0
2023_2024,Bournemouth,Brentford,7.0,7.0,2,2,0,0,0.0,0,0
2023_2024,Everton,Sheffield United,8.0,7.0,2,2,0,0,1.0,0,0
2023_2024,Newcastle,Brighton,7.0,6.0,2,2,0,0,1.0,0,0
2023_2024,Tottenham,Burnley,6.0,7.0,3,2,0,0,-1.0,1,0
2023_2024,West Ham,Luton,6.0,8.0,2,2,0,0,-2.0,0,0
2023_2024,Wolves,Crystal Palace,7.0,5.0,2,2,0,0,2.0,0,0
2023_2024,Nott'm Forest,Chelsea,7.0,6.0,2,3,0,0,1.0,-1,0
2023_2024,Man United,Arsenal,6.0,8.0,1,2,0,0,-2.0,-1,0
2023_2024,Aston Villa,Liverpool,4.0,8.0,3,1,1,0,-4.0,2,1
2023_2024,Tottenham,Man City,3.0,3.0,3,2,0,0,0.0,1,0
2023_2024,Brighton,Chelsea,4.0,4.0,2,3,0,0,0.0,-1,0
2023_2024,Man United,Newcastle,3.0,4.0,2,2,0,0,-1.0,0,0
2023_2024,Arsenal,Everton,7.0,8.0,1,1,0,0,-1.0,0,0
2023_2024,Brentford,Newcastle,8.0,4.0,1,2,0,0,4.0,-1,0
2023_2024,Brighton,Man United,4.0,4.0,3,3,0,0,0.0,0,0
2023_2024,Burnley,Nott'm Forest,8.0,8.0,1,1,0,0,0.0,0,0
2023_2024,Chelsea,Bournemouth,4.0,8.0,3,1,0,0,-4.0,2,0
2023_2024,Crystal Palace,Aston Villa,8.0,6.0,2,3,0,0,2.0,-1,0
2023_2024,Liverpool,Wolves,6.0,8.0,2,1,0,0,-2.0,1,0
2023_2024,Luton,Fulham,8.0,8.0,1,1,0,0,0.0,0,0
2023_2024,Man City,West Ham,5.0,8.0,2,2,0,0,-3.0,0,0
2023_2024,Sheffield United,Tottenham,8.0,5.0,1,3,0,0,3.0,-2,0
2024_2025,Man United,Fulham,60.0,60.0,0,0,0,0,0.0,0,0
2024_2025,Ipswich,Liverpool,60.0,60.0,0,0,0,0,0.0,0,0
2024_2025,Arsenal,Wolves,60.0,60.0,0,0,0,0,0.0,0,0
2024_2025,Everton,Brighton,60.0,60.0,0,0,0,0,0.0,0,0
2024_2025,Newcastle,Southampton,60.0,60.0,0,0,0,0,0.0,0,0
2024_2025,Nott'm Forest,Bournemouth,60.0,60.0,0,0,0,0,0.0,0,0
2024_2025,West Ham,Aston Villa,60.0,60.0,0,0,0,0,0.0,0,0
2024_2025,Brentford,Crystal Palace,60.0,60.0,0,0,0,0,0.0,0,0
2024_2025,Chelsea,Man City,60.0,60.0,0,0,0,0,0.0,0,0
2024_2025,Leicester,Tottenham,60.0,60.0,0,0,0,0,0.0,0,0
2024_2025,Brighton,Man United,7.0,8.0,1,1,0,0,-1.0,0,0
2024_2025,Crystal Palace,West Ham,6.0,7.0,1,1,0,0,-1.0,0,0
2024_2025,Fulham,Leicester,8.0,5.0,1,1,0,0,3.0,0,0
2024_2025,Man City,Ipswich,6.0,7.0,1,1,0,0,-1.0,0,0
2024_2025,Southampton,Nott'm Forest,7.0,7.0,1,1,0,0,0.0,0,0
2024_2025,Tottenham,Everton,5.0,7.0,1,1,0,0,-2.0,0,0
2024_2025,Aston Villa,Arsenal,7.0,7.0,1,1,0,0,0.0,0,0
2024_2025,Bournemouth,Newcastle,8.0,8.0,1,1,0,0,0.0,0,0
2024_2025,Wolves,Chelsea,8.0,7.0,1,1,0,0,1.0,0,0
2024_2025,Liverpool,Brentford,8.0,7.0,1,1,0,0,1.0,0,0
2024_2025,Arsenal,Brighton,7.0,4.0,2,3,0,0,3.0,-1,0
2024_2025,Brentford,Southampton,3.0,3.0,3,3,0,0,0.0,0,0
2024_2025,Everton,Bournemouth,4.0,3.0,3,3,0,0,1.0,0,0
2024_2025,Ipswich,Fulham,3.0,4.0,3,2,0,0,-1.0,1,0
2024_2025,Leicester,Aston Villa,4.0,7.0,3,2,0,0,-3.0,1,0
2024_2025,Nott'm Forest,Wolves,3.0,3.0,3,3,0,0,0.0,0,0
2024_2025,West Ham,Man City,3.0,7.0,3,2,0,0,-4.0,1,0
2024_2025,Chelsea,Crystal Palace,7.0,5.0,2,3,0,0,2.0,-1,0
2024_2025,Newcastle,Tottenham,4.0,8.0,2,2,0,0,-4.0,0,0
2024_2025,Man United,Liverpool,8.0,7.0,1,1,0,0,1.0,0,0
2024_2025,Southampton,Man United,14.0,13.0,1,1,0,0,1.0,0,0
2024_2025,Brighton,Ipswich,14.0,14.0,1,1,0,0,0.0,0,0
2024_2025,Crystal Palace,Leicester,13.0,14.0,1,1,0,0,-1.0,0,0
2024_2025,Fulham,West Ham,14.0,14.0,1,1,0,0,0.0,0,0
2024_2025,Liverpool,Nott'm Forest,13.0,14.0,1,1,0,0,-1.0,0,0
2024_2025,Man City,Brentford,14.0,14.0,1,1,0,0,0.0,0,0
2024_2025,Aston Villa,Everton,14.0,14.0,1,1,0,0,0.0,0,0
2024_2025,Bournemouth,Chelsea,14.0,13.0,1,1,0,0,1.0,0,0
2024_2025,Tottenham,Arsenal,14.0,15.0,1,0,0,0,-1.0,1,0
2024_2025,Wolves,Newcastle,15.0,14.0,0,1,0,0,1.0,-1,0
2024_2025,West Ham,Chelsea,7.0,7.0,1,1,0,0,0.0,0,0
2024_2025,Aston Villa,Wolves,4.0,3.0,2,2,1,0,1.0,0,1
2024_2025,Fulham,Newcastle,4.0,6.0,2,1,0,0,-2.0,1,0
2024_2025,Leicester,Everton,7.0,4.0,1,2,0,0,3.0,-1,0
2024_2025,Liverpool,Bournemouth,4.0,7.0,2,1,1,0,-3.0,1,1
2024_2025,Southampton,Ipswich,4.0,7.0,2,1,0,0,-3.0,1,0
2024_2025,Tottenham,Brentford,3.0,4.0,2,2,0,0,-1.0,0,0
2024_2025,Crystal Palace,Man United,4.0,4.0,2,2,0,0,0.0,0,0
2024_2025,Brighton,Nott'm Forest,4.0,8.0,2,1,0,0,-4.0,1,0
2024_2025,Man City,Arsenal,4.0,3.0,2,2,1,1,1.0,0,0
2024_2025,Newcastle,Man City,7.0,4.0,2,4,0,0,3.0,-2,0
2024_2025,Arsenal,Leicester,3.0,4.0,4,3,0,0,-1.0,1,0
2024_2025,Brentford,West Ham,7.0,3.0,3,3,0,0,4.0,0,0
2024_2025,Chelsea,Brighton,4.0,6.0,3,3,0,0,-2.0,0,0
2024_2025,Everton,Crystal Palace,7.0,7.0,3,3,0,0,0.0,0,0
2024_2025,Nott'm Forest,Fulham,6.0,7.0,2,3,0,0,-1.0,-1,0
2024_2025,Wolves,Liverpool,7.0,3.0,3,4,0,0,4.0,-1,0
2024_2025,Ipswich,Aston Villa,8.0,5.0,1,3,0,0,3.0,-2,0
2024_2025,Man United,Tottenham,4.0,3.0,3,4,1,1,1.0,-1,0
2024_2025,Bournemouth,Southampton,9.0,9.0,1,2,0,0,0.0,-1,0
2024_2025,Crystal Palace,Liverpool,7.0,3.0,2,4,0,1,4.0,-2,-1
2024_2025,Arsenal,Southampton,4.0,5.0,4,2,1,0,-1.0,2,1
2024_2025,Brentford,Wolves,7.0,7.0,2,2,0,0,0.0,0,0
2024_2025,Leicester,Bournemouth,7.0,5.0,3,2,0,0,2.0,1,0
2024_2025,Man City,Fulham,4.0,7.0,4,2,1,0,-3.0,2,1
2024_2025,West Ham,Ipswich,7.0,6.0,3,2,0,0,1.0,1,0
2024_2025,Everton,Newcastle,7.0,4.0,2,3,0,0,3.0,-1,0
2024_2025,Aston Villa,Man United,4.0,3.0,3,3,1,1,1.0,0,0
2024_2025,Chelsea,Nott'm Forest,3.0,8.0,3,2,1,0,-5.0,1,1
2024_2025,Brighton,Tottenham,8.0,3.0,2,3,0,1,5.0,-1,-1
2024_2025,Tottenham,West Ham,13.0,14.0,1,1,0,0,-1.0,0,0
2024_2025,Fulham,Aston Villa,14.0,13.0,1,1,0,0,1.0,0,0
2024_2025,Ipswich,Everton,14.0,14.0,1,1,0,0,0.0,0,0
2024_2025,Man United,Brentford,13.0,14.0,1,1,0,0,-1.0,0,0
2024_2025,Newcastle,Brighton,14.0,13.0,1,1,0,0,1.0,0,0
2024_2025,Southampton,Leicester,14.0,14.0,1,1,0,0,0.0,0,0
2024_2025,Bournemouth,Arsenal,14.0,14.0,1,1,0,0,0.0,0,0
2024_2025,Wolves,Man City,15.0,15.0,0,0,0,0,0.0,0,0
2024_2025,Liverpool,Chelsea,15.0,14.0,0,1,0,0,1.0,-1,0
2024_2025,Nott'm Forest,Crystal Palace,15.0,16.0,0,0,0,0,-1.0,0,0
2024_2025,Leicester,Nott'm Forest,6.0,4.0,1,1,0,0,2.0,0,0
2024_2025,Aston Villa,Bournemouth,4.0,7.0,2,1,1,0,-3.0,1,1
2024_2025,Brentford,Ipswich,7.0,7.0,1,1,0,0,0.0,0,0
2024_2025,Brighton,Wolves,7.0,6.0,1,1,0,0,1.0,0,0
2024_2025,Man City,Southampton,3.0,7.0,2,1,1,0,-4.0,1,1
2024_2025,Everton,Fulham,7.0,7.0,1,1,0,0,0.0,0,0
2024_2025,Chelsea,Newcastle,3.0,8.0,2,1,1,0,-5.0,1,1
2024_2025,Crystal Palace,Tottenham,6.0,3.0,1,2,0,1,3.0,-1,-1
2024_2025,West Ham,Man United,8.0,3.0,1,2,0,1,5.0,-1,-1
2024_2025,Arsenal,Liverpool,5.0,4.0,2,2,1,1,1.0,0,0
2024_2025,Newcastle,Arsenal,3.0,3.0,3,4,0,0,0.0,-1,0
2024_2025,Bournemouth,Man City,7.0,3.0,2,4,0,0,4.0,-2,0
2024_2025,Ipswich,Leicester,7.0,3.0,2,3,0,0,4.0,-1,0
2024_2025,Liverpool,Brighton,3.0,3.0,4,3,0,0,0.0,1,0
2024_2025,Nott'm Forest,West Ham,8.0,6.0,2,2,0,0,2.0,0,0
2024_2025,Southampton,Everton,4.0,7.0,3,2,0,0,-3.0,1,0
2024_2025,Wolves,Crystal Palace,7.0,3.0,2,3,0,0,4.0,-1,0
2024_2025,Tottenham,Aston Villa,4.0,4.0,3,3,0,0,0.0,0,0
2024_2025,Man United,Chelsea,4.0,4.0,3,4,0,0,0.0,-1,0
2024_2025,Fulham,Brentford,9.0,6.0,1,2,0,0,3.0,-1,0
2024_2025,Brentford,Bournemouth,5.0,7.0,3,2,0,0,-2.0,1,0
2024_2025,Crystal Palace,Fulham,7.0,5.0,3,2,0,0,2.0,1,0
2024_2025,West Ham,Everton,7.0,7.0,2,2,0,0,0.0,0,0
2024_2025,Wolves,Southampton,7.0,7.0,2,3,0,0,0.0,-1,0
2024_2025,Brighton,Man City,7.0,4.0,3,4,0,1,3.0,-1,-1
2024_2025,Liverpool,Aston Villa,4.0,3.0,4,4,1,1,1.0,0,0
2024_2025,Man United,Leicester,3.0,8.0,4,2,1,0,-5.0,2,1
2024_2025,Nott'm Forest,Newcastle,8.0,8.0,1,3,0,0,0.0,-2,0
2024_2025,Tottenham,Ipswich,3.0,8.0,4,1,1,0,-5.0,3,1
2024_2025,Chelsea,Arsenal,3.0,4.0,4,4,1,1,-1.0,0,0
2024_2025,Leicester,Chelsea,13.0,13.0,1,1,0,0,0.0,0,0
2024_2025,Arsenal,Nott'm Forest,13.0,13.0,1,1,0,0,0.0,0,0
2024_2025,Aston Villa,Crystal Palace,14.0,14.0,1,1,0,0,0.0,0,0
2024_2025,Bournemouth,Brighton,14.0,14.0,1,1,0,0,0.0,0,0
2024_2025,Everton,Brentford,14.0,14.0,1,1,0,0,0.0,0,0
2024_2025,Fulham,Wolves,14.0,14.0,1,1,0,0,0.0,0,0
2024_2025,Man City,Tottenham,14.0,13.0,1,1,0,0,1.0,0,0
2024_2025,Southampton,Liverpool,15.0,15.0,0,0,0,0,0.0,0,0
2024_2025,Ipswich,Man United,14.0,14.0,1,1,0,0,0.0,0,0
2024_2025,Newcastle,West Ham,15.0,16.0,0,0,0,0,-1.0,0,0
2024_2025,Brighton,Southampton,6.0,5.0,1,1,0,0,1.0,0,0
2024_2025,Brentford,Leicester,7.0,7.0,1,1,0,0,0.0,0,0
2024_2025,Crystal Palace,Newcastle,7.0,5.0,1,1,0,0,2.0,0,0
2024_2025,Nott'm Forest,Ipswich,7.0,6.0,1,1,0,0,1.0,0,0
2024_2025,Wolves,Bournemouth,7.0,7.0,1,1,0,0,0.0,0,0
2024_2025,West Ham,Arsenal,5.0,4.0,1,2,0,1,1.0,-1,-1
2024_2025,Chelsea,Aston Villa,3.0,4.0,2,2,1,1,-1.0,0,0
2024_2025,Man United,Everton,3.0,8.0,2,1,1,0,-5.0,1,1
2024_2025,Tottenham,Fulham,3.0,8.0,2,1,1,0,-5.0,1,1
2024_2025,Liverpool,Man City,4.0,5.0,2,2,1,1,-1.0,0,0
2024_2025,Ipswich,Crystal Palace,3.0,3.0,2,2,0,0,0.0,0,0
2024_2025,Leicester,West Ham,3.0,3.0,2,2,0,0,0.0,0,0
2024_2025,Everton,Wolves,3.0,4.0,2,2,0,0,-1.0,0,0
2024_2025,Man City,Nott'm Forest,3.0,4.0,3,2,0,0,-1.0,1,0
2024_2025,Newcastle,Liverpool,4.0,3.0,2,3,0,0,1.0,-1,0
2024_2025,Southampton,Chelsea,5.0,3.0,2,3,0,0,2.0,-1,0
2024_2025,Arsenal,Man United,4.0,3.0,3,3,0,0,1.0,0,0
2024_2025,Aston Villa,Brentford,3.0,4.0,3,2,0,0,-1.0,1,0
2024_2025,Fulham,Brighton,4.0,6.0,2,2,0,0,-2.0,0,0
2024_2025,Bournemouth,Tottenham,5.0,4.0,2,3,0,0,1.0,-1,0
2024_2025,Aston Villa,Southampton,3.0,3.0,4,3,0,0,0.0,1,0
2024_2025,Brentford,Newcastle,3.0,3.0,3,3,0,0,0.0,0,0
2024_2025,Crystal Palace,Man City,4.0,3.0,3,4,0,0,1.0,-1,0
2024_2025,Man United,Nott'm Forest,3.0,3.0,4,3,0,0,0.0,1,0
2024_2025,Fulham,Arsenal,3.0,4.0,2,3,0,0,-1.0,-1,0
2024_2025,Ipswich,Bournemouth,5.0,3.0,3,2,0,0,2.0,1,0
2024_2025,Leicester,Brighton,5.0,3.0,2,2,0,0,2.0,0,0
2024_2025,Tottenham,Chelsea,3.0,4.0,3,3,0,0,-1.0,0,0
2024_2025,West Ham,Wolves,6.0,5.0,3,2,0,0,1.0,1,0
2024_2025,Arsenal,Everton,3.0,10.0,4,2,1,0,-7.0,2,1
2024_2025,Liverpool,Fulham,4.0,6.0,3,3,1,0,-2.0,0,1
2024_2025,Newcastle,Leicester,7.0,6.0,3,3,0,0,1.0,0,0
2024_2025,Wolves,Ipswich,5.0,6.0,3,3,0,0,-1.0,0,0
2024_2025,Nott'm Forest,Aston Villa,7.0,4.0,3,4,0,1,3.0,-1,-1
2024_2025,Brighton,Crystal Palace,7.0,8.0,2,2,0,0,-1.0,0,0
2024_2025,Man City,Man United,4.0,3.0,4,4,1,1,1.0,0,0
2024_2025,Chelsea,Brentford,3.0,8.0,4,2,1,0,-5.0,2,1
2024_2025,Southampton,Tottenham,8.0,3.0,2,4,0,1,5.0,-2,-1
2024_2025,Bournemouth,West Ham,8.0,7.0,2,2,0,0,1.0,0,0
2024_2025,Aston Villa,Man City,7.0,6.0,3,3,0,0,1.0,0,0
2024_2025,Brentford,Nott'm Forest,3.0,7.0,3,2,0,0,-4.0,1,0
2024_2025,Ipswich,Newcastle,7.0,3.0,2,3,0,0,4.0,-1,0
2024_2025,West Ham,Brighton,5.0,6.0,2,2,0,0,-1.0,0,0
2024_2025,Crystal Palace,Arsenal,3.0,3.0,3,4,0,0,0.0,-1,0
2024_2025,Everton,Chelsea,8.0,3.0,1,4,0,1,5.0,-3,-1
2024_2025,Fulham,Southampton,8.0,4.0,2,2,0,0,4.0,0,0
2024_2025,Leicester,Wolves,8.0,8.0,2,2,0,0,0.0,0,0
2024_2025,Man United,Bournemouth,3.0,6.0,3,2,0,0,-3.0,1,0
2024_2025,Tottenham,Liverpool,3.0,4.0,4,3,0,0,-1.0,1,0
2024_2025,Man City,Everton,5.0,4.0,2,2,0,0,1.0,0,0
2024_2025,Bournemouth,Crystal Palace,4.0,5.0,2,3,0,0,-1.0,-1,0
2024_2025,Chelsea,Fulham,4.0,4.0,4,2,0,0,0.0,2,0
2024_2025,Newcastle,Aston Villa,5.0,5.0,3,2,0,0,0.0,1,0
2024_2025,Nott'm Forest,Tottenham,5.0,4.0,2,4,0,0,1.0,-2,0
2024_2025,Southampton,West Ham,4.0,5.0,3,2,0,0,-1.0,1,0
2024_2025,Wolves,Man United,4.0,4.0,2,4,0,0,0.0,-2,0
2024_2025,Liverpool,Leicester,4.0,4.0,3,2,0,0,0.0,1,0
2024_2025,Brighton,Brentford,6.0,6.0,2,3,0,0,0.0,-1,0
2024_2025,Arsenal,Ipswich,6.0,6.0,3,2,0,0,0.0,1,0
2024_2025,Leicester,Man City,3.0,3.0,2,3,0,0,0.0,-1,0
2024_2025,Crystal Palace,Southampton,3.0,3.0,4,4,0,0,0.0,0,0
2024_2025,Everton,Nott'm Forest,3.0,3.0,2,2,0,0,0.0,0,0
2024_2025,Fulham,Bournemouth,3.0,3.0,2,3,0,0,0.0,-1,0
2024_2025,Tottenham,Wolves,3.0,3.0,4,2,0,0,0.0,2,0
2024_2025,West Ham,Liverpool,3.0,3.0,3,3,0,0,0.0,0,0
2024_2025,Aston Villa,Brighton,4.0,3.0,2,2,0,0,1.0,0,0
2024_2025,Ipswich,Chelsea,3.0,4.0,2,3,0,0,-1.0,-1,0
2024_2025,Man United,Newcastle,4.0,4.0,3,3,0,0,0.0,0,0
2024_2025,Brentford,Arsenal,5.0,5.0,3,3,0,0,0.0,0,0
2024_2025,Tottenham,Newcastle,6.0,5.0,3,3,0,0,1.0,0,0
2024_2025,Aston Villa,Leicester,5.0,6.0,3,3,0,0,-1.0,0,0
2024_2025,Bournemouth,Everton,6.0,6.0,3,3,0,0,0.0,0,0
2024_2025,Crystal Palace,Chelsea,6.0,5.0,3,3,0,0,1.0,0,0
2024_2025,Man City,West Ham,6.0,6.0,3,3,0,0,0.0,0,0
2024_2025,Southampton,Brentford,6.0,3.0,3,3,0,0,3.0,0,0
2024_2025,Brighton,Arsenal,5.0,3.0,3,3,0,0,2.0,0,0
2024_2025,Fulham,Ipswich,7.0,6.0,3,2,0,0,1.0,1,0
2024_2025,Liverpool,Man United,7.0,6.0,3,3,0,0,1.0,0,0
2024_2025,Wolves,Nott'm Forest,8.0,8.0,2,2,0,0,0.0,0,0
2024_2025,Brentford,Man City,3.0,3.0,3,2,0,0,0.0,1,0
2024_2025,Chelsea,Bournemouth,3.0,3.0,2,2,0,0,0.0,0,0
2024_2025,West Ham,Fulham,4.0,5.0,2,2,0,0,-1.0,0,0
2024_2025,Nott'm Forest,Liverpool,3.0,3.0,2,3,0,0,0.0,-1,0
2024_2025,Everton,Aston Villa,6.0,5.0,2,2,0,0,1.0,0,0
2024_2025,Leicester,Crystal Palace,4.0,3.0,2,2,0,0,1.0,0,0
2024_2025,Newcastle,Wolves,3.0,4.0,3,2,0,0,-1.0,1,0
2024_2025,Arsenal,Tottenham,3.0,3.0,4,3,0,0,0.0,1,0
2024_2025,Ipswich,Brighton,4.0,5.0,2,2,0,0,-1.0,0,0
2024_2025,Man United,Southampton,4.0,4.0,2,2,0,0,0.0,0,0
2024_2025,Newcastle,Bournemouth,3.0,4.0,4,3,0,0,-1.0,1,0
2024_2025,Brentford,Liverpool,4.0,4.0,3,4,0,0,0.0,-1,0
2024_2025,Leicester,Fulham,3.0,4.0,3,3,0,0,-1.0,0,0
2024_2025,West Ham,Crystal Palace,4.0,3.0,3,3,0,0,1.0,0,0
2024_2025,Arsenal,Aston Villa,3.0,3.0,4,3,0,0,0.0,1,0
2024_2025,Everton,Tottenham,4.0,4.0,2,3,0,0,0.0,-1,0
2024_2025,Man United,Brighton,3.0,3.0,3,2,0,0,0.0,1,0
2024_2025,Nott'm Forest,Southampton,5.0,3.0,3,2,0,0,2.0,1,0
2024_2025,Ipswich,Man City,3.0,5.0,3,2,0,0,-2.0,1,0
2024_2025,Chelsea,Wolves,6.0,5.0,2,3,0,0,1.0,-1,0
2024_2025,Bournemouth,Nott'm Forest,7.0,6.0,3,3,0,0,1.0,0,0
2024_2025,Brighton,Everton,6.0,6.0,3,2,0,0,0.0,1,0
2024_2025,Liverpool,Ipswich,4.0,6.0,4,3,1,0,-2.0,1,1
2024_2025,Southampton,Newcastle,6.0,7.0,3,3,0,0,-1.0,0,0
2024_2025,Wolves,Arsenal,5.0,3.0,3,4,0,1,2.0,-1,-1
2024_2025,Man City,Chelsea,3.0,5.0,4,3,1,0,-2.0,1,1
2024_2025,Crystal Palace,Brentford,8.0,8.0,3,2,0,0,0.0,1,0
2024_2025,Tottenham,Leicester,3.0,8.0,4,2,1,0,-5.0,2,1
2024_2025,Aston Villa,West Ham,5.0,8.0,3,2,1,0,-3.0,1,1
2024_2025,Fulham,Man United,8.0,3.0,2,4,0,1,5.0,-2,-1
2024_2025,Nott'm Forest,Brighton,7.0,7.0,2,2,0,0,0.0,0,0
2024_2025,Bournemouth,Liverpool,7.0,3.0,2,4,0,1,4.0,-2,-1
2024_2025,Everton,Leicester,7.0,6.0,2,2,0,0,1.0,0,0
2024_2025,Ipswich,Southampton,7.0,7.0,2,2,0,0,0.0,0,0
2024_2025,Newcastle,Fulham,7.0,6.0,2,2,0,0,1.0,0,0
2024_2025,Wolves,Aston Villa,7.0,3.0,2,4,0,1,4.0,-2,-1
2024_2025,Brentford,Tottenham,7.0,3.0,1,4,0,1,4.0,-3,-1
2024_2025,Man United,Crystal Palace,3.0,7.0,4,1,1,0,-4.0,3,1
2024_2025,Arsenal,Man City,4.0,4.0,3,4,1,1,0.0,-1,0
2024_2025,Chelsea,West Ham,9.0,8.0,2,1,0,0,1.0,1,0
2024_2025,Everton,Liverpool,4.0,3.0,2,4,0,0,1.0,-2,0
2024_2025,Brighton,Chelsea,6.0,6.0,2,2,0,0,0.0,0,0
2024_2025,Leicester,Arsenal,8.0,10.0,2,2,0,0,-2.0,0,0
2024_2025,Aston Villa,Ipswich,6.0,7.0,2,2,0,0,-1.0,0,0
2024_2025,Fulham,Nott'm Forest,7.0,4.0,2,2,0,0,3.0,0,0
2024_2025,Man City,Newcastle,4.0,7.0,3,3,1,0,-3.0,0,1
2024_2025,Southampton,Bournemouth,7.0,7.0,2,2,0,0,0.0,0,0
2024_2025,West Ham,Brentford,12.0,13.0,1,1,0,0,-1.0,0,0
2024_2025,Crystal Palace,Everton,5.0,3.0,2,3,0,0,2.0,-1,0
2024_2025,Liverpool,Wolves,4.0,7.0,3,1,0,0,-3.0,2,0
2024_2025,Tottenham,Man United,7.0,9.0,3,2,0,0,-2.0,1,0
2024_2025,Aston Villa,Liverpool,4.0,3.0,2,4,0,0,1.0,-2,0
2024_2025,Leicester,Brentford,6.0,6.0,2,1,0,0,0.0,1,0
2024_2025,Everton,Man United,7.0,6.0,3,1,0,0,1.0,2,0
2024_2025,Arsenal,West Ham,7.0,7.0,1,1,0,0,0.0,0,0
2024_2025,Bournemouth,Wolves,7.0,6.0,2,2,0,0,1.0,0,0
2024_2025,Fulham,Crystal Palace,7.0,7.0,2,2,0,0,0.0,0,0
2024_2025,Ipswich,Tottenham,7.0,6.0,2,2,0,0,1.0,0,0
2024_2025,Southampton,Brighton,7.0,8.0,2,2,0,0,-1.0,0,0
2024_2025,Aston Villa,Chelsea,3.0,8.0,3,2,0,0,-5.0,1,0
2024_2025,Newcastle,Nott'm Forest,8.0,8.0,1,2,0,0,0.0,-1,0
2024_2025,Man City,Liverpool,4.0,4.0,3,4,1,0,0.0,-1,1
2024_2025,Brighton,Bournemouth,3.0,3.0,2,2,0,0,0.0,0,0
2024_2025,Crystal Palace,Aston Villa,3.0,3.0,2,3,0,0,0.0,-1,0
2024_2025,Wolves,Fulham,3.0,3.0,2,2,0,0,0.0,0,0
2024_2025,Chelsea,Southampton,3.0,3.0,2,2,0,0,0.0,0,0
2024_2025,Brentford,Everton,5.0,4.0,2,3,0,0,1.0,-1,0
2024_2025,Man United,Ipswich,4.0,4.0,2,2,0,0,0.0,0,0
2024_2025,Nott'm Forest,Arsenal,3.0,4.0,2,2,0,0,-1.0,0,0
2024_2025,Tottenham,Man City,4.0,3.0,2,3,0,0,1.0,-1,0
2024_2025,Liverpool,Newcastle,3.0,3.0,4,2,0,0,0.0,2,0
2024_2025,West Ham,Leicester,5.0,6.0,2,2,0,0,-1.0,0,0
2024_2025,Nott'm Forest,Man City,5.0,7.0,3,3,0,0,-2.0,0,0
2024_2025,Brighton,Fulham,6.0,6.0,3,3,0,0,0.0,0,0
2024_2025,Crystal Palace,Ipswich,7.0,5.0,3,3,0,0,2.0,0,0
2024_2025,Liverpool,Southampton,3.0,11.0,3,2,1,0,-8.0,1,1
2024_2025,Brentford,Aston Villa,10.0,4.0,1,4,0,1,6.0,-3,-1
2024_2025,Wolves,Everton,7.0,10.0,3,2,0,0,-3.0,1,0
2024_2025,Chelsea,Leicester,3.0,10.0,2,1,1,0,-7.0,1,1
2024_2025,Tottenham,Bournemouth,3.0,8.0,2,2,1,0,-5.0,0,1
2024_2025,Man United,Arsenal,3.0,5.0,3,2,1,1,-2.0,1,0
2024_2025,West Ham,Newcastle,11.0,8.0,1,2,0,0,3.0,-1,0
2024_2025,Everton,West Ham,7.0,5.0,1,1,0,0,2.0,0,0
2024_2025,Ipswich,Nott'm Forest,7.0,7.0,2,2,0,0,0.0,0,0
2024_2025,Man City,Brighton,7.0,7.0,2,2,0,0,0.0,0,0
2024_2025,Southampton,Wolves,7.0,7.0,1,2,0,0,0.0,-1,0
2024_2025,Bournemouth,Brentford,6.0,7.0,2,1,0,0,-1.0,1,0
2024_2025,Arsenal,Chelsea,4.0,3.0,3,3,1,1,1.0,0,0
2024_2025,Fulham,Tottenham,8.0,3.0,2,3,0,1,5.0,-1,-1
2024_2025,Leicester,Man United,7.0,3.0,1,4,0,1,4.0,-3,-1
2024_2025,Arsenal,Fulham,16.0,3.0,0,1,0,0,13.0,-1,0
2024_2025,Wolves,West Ham,17.0,17.0,0,0,0,0,0.0,0,0
2024_2025,Nott'm Forest,Man United,3.0,16.0,1,0,0,0,-13.0,1,0
2024_2025,Bournemouth,Ipswich,3.0,18.0,1,0,0,0,-15.0,1,0
2024_2025,Brighton,Aston Villa,4.0,3.0,1,1,0,0,1.0,0,0
2024_2025,Man City,Leicester,3.0,17.0,1,0,0,0,-14.0,1,0
2024_2025,Newcastle,Brentford,17.0,18.0,0,0,0,0,-1.0,0,0
2024_2025,Southampton,Crystal Palace,18.0,4.0,0,1,0,0,14.0,-1,0
2024_2025,Liverpool,Everton,17.0,18.0,0,0,0,0,-1.0,0,0
2024_2025,Chelsea,Tottenham,18.0,18.0,0,0,0,0,0.0,0,0
2024_2025,Everton,Arsenal,3.0,4.0,1,1,0,0,-1.0,0,0
2024_2025,Crystal Palace,Brighton,3.0,3.0,2,2,0,0,0.0,0,0
2024_2025,Ipswich,Wolves,3.0,4.0,1,1,0,0,-1.0,0,0
2024_2025,West Ham,Bournemouth,4.0,3.0,1,2,0,0,1.0,-1,0
2024_2025,Aston Villa,Nott'm Forest,3.0,4.0,2,2,0,0,-1.0,0,0
2024_2025,Brentford,Chelsea,4.0,3.0,1,1,0,0,1.0,0,0
2024_2025,Fulham,Liverpool,5.0,4.0,2,1,0,0,1.0,1,0
2024_2025,Tottenham,Southampton,3.0,4.0,1,1,0,0,-1.0,0,0
2024_2025,Man United,Man City,5.0,4.0,1,2,0,0,1.0,-1,0
2024_2025,Leicester,Newcastle,5.0,5.0,1,1,0,0,0.0,0,0
2024_2025,Man City,Crystal Palace,6.0,7.0,3,3,0,0,-1.0,0,0
2024_2025,Brighton,Leicester,7.0,5.0,3,2,0,0,2.0,1,0
2024_2025,Nott'm Forest,Everton,7.0,7.0,3,2,0,0,0.0,1,0
2024_2025,Southampton,Aston Villa,6.0,3.0,2,4,0,1,3.0,-2,-1
2024_2025,Arsenal,Brentford,4.0,6.0,3,2,1,0,-2.0,1,1
2024_2025,Chelsea,Ipswich,3.0,8.0,3,2,1,0,-5.0,1,1
2024_2025,Liverpool,West Ham,7.0,8.0,2,2,0,0,-1.0,0,0
2024_2025,Wolves,Tottenham,8.0,3.0,2,3,0,1,5.0,-1,-1
2024_2025,Newcastle,Man United,6.0,3.0,2,3,0,1,3.0,-1,-1
2024_2025,Bournemouth,Fulham,9.0,8.0,2,2,0,0,1.0,0,0
2024_2025,Newcastle,Crystal Palace,3.0,4.0,3,3,0,0,-1.0,0,0
2024_2025,Brentford,Brighton,7.0,7.0,2,2,0,0,0.0,0,0
2024_2025,Crystal Palace,Bournemouth,3.0,5.0,3,2,0,0,-2.0,1,0
2024_2025,Everton,Man City,7.0,7.0,2,2,0,0,0.0,0,0
2024_2025,West Ham,Southampton,6.0,7.0,2,2,0,0,-1.0,0,0
2024_2025,Aston Villa,Newcastle,4.0,3.0,4,3,1,0,1.0,1,1
2024_2025,Fulham,Chelsea,6.0,3.0,2,4,0,1,3.0,-2,-1
2024_2025,Ipswich,Arsenal,7.0,4.0,1,3,0,1,3.0,-2,-1
2024_2025,Man United,Wolves,3.0,7.0,4,1,1,0,-4.0,3,1
2024_2025,Leicester,Liverpool,8.0,7.0,2,2,0,0,1.0,0,0
2024_2025,Tottenham,Nott'm Forest,4.0,9.0,3,1,1,0,-5.0,2,1
2024_2025,Man City,Aston Villa,3.0,3.0,2,4,0,0,0.0,-2,0
2024_2025,Arsenal,Crystal Palace,3.0,4.0,3,3,0,0,-1.0,0,0
2024_2025,Chelsea,Everton,6.0,7.0,3,2,0,0,-1.0,1,0
2024_2025,Brighton,West Ham,7.0,7.0,2,2,0,0,0.0,0,0
2024_2025,Newcastle,Ipswich,7.0,6.0,3,2,0,0,1.0,1,0
2024_2025,Southampton,Fulham,7.0,6.0,2,2,0,0,1.0,0,0
2024_2025,Wolves,Leicester,6.0,6.0,2,2,0,0,0.0,0,0
2024_2025,Bournemouth,Man United,8.0,7.0,2,3,0,0,1.0,-1,0
2024_2025,Liverpool,Tottenham,7.0,6.0,2,3,0,0,1.0,-1,0
2024_2025,Nott'm Forest,Brentford,4.0,12.0,2,1,0,0,-8.0,1,0
2024_2025,Man City,Wolves,5.0,6.0,3,2,0,0,-1.0,1,0
2024_2025,Aston Villa,Fulham,7.0,7.0,3,2,0,0,0.0,1,0
2024_2025,Everton,Ipswich,7.0,7.0,2,2,0,0,0.0,0,0
2024_2025,Leicester,Southampton,7.0,7.0,2,2,0,0,0.0,0,0
2024_2025,Arsenal,Bournemouth,4.0,6.0,3,2,1,0,-2.0,1,1
2024_2025,Brentford,Man United,3.0,3.0,1,3,0,1,0.0,-2,-1
2024_2025,Brighton,Newcastle,8.0,8.0,1,1,0,0,0.0,0,0
2024_2025,West Ham,Tottenham,8.0,3.0,1,3,0,1,5.0,-2,-1
2024_2025,Chelsea,Liverpool,3.0,7.0,3,2,1,0,-4.0,1,1
2024_2025,Crystal Palace,Nott'm Forest,9.0,4.0,2,3,0,0,5.0,-1,0
2024_2025,Fulham,Everton,7.0,7.0,2,2,0,0,0.0,0,0
2024_2025,Ipswich,Brentford,7.0,6.0,2,2,0,0,1.0,0,0
2024_2025,Southampton,Man City,7.0,8.0,2,2,0,0,-1.0,0,0
2024_2025,Wolves,Brighton,8.0,6.0,2,2,0,0,2.0,0,0
2024_2025,Bournemouth,Aston Villa,7.0,7.0,2,2,0,0,0.0,0,0
2024_2025,Newcastle,Chelsea,7.0,3.0,1,3,0,1,4.0,-2,-1
2024_2025,Man United,West Ham,3.0,7.0,4,1,1,0,-4.0,3,1
2024_2025,Nott'm Forest,Leicester,6.0,8.0,3,1,0,0,-2.0,2,0
2024_2025,Tottenham,Crystal Palace,3.0,6.0,4,1,1,0,-3.0,3,1
2024_2025,Liverpool,Arsenal,7.0,4.0,2,3,0,1,3.0,-1,-1
2024_2025,Aston Villa,Tottenham,6.0,5.0,2,3,0,0,1.0,-1,0
2024_2025,Chelsea,Man United,5.0,5.0,3,3,0,0,0.0,0,0
2024_2025,Everton,Southampton,8.0,8.0,1,1,0,0,0.0,0,0
2024_2025,West Ham,Nott'm Forest,7.0,7.0,2,2,0,0,0.0,0,0
2024_2025,Brentford,Fulham,8.0,8.0,2,1,0,0,0.0,1,0
2024_2025,Leicester,Ipswich,7.0,8.0,1,1,0,0,-1.0,0,0
2024_2025,Arsenal,Newcastle,7.0,7.0,2,2,0,0,0.0,0,0
2024_2025,Brighton,Liverpool,9.0,8.0,1,1,0,0,1.0,0,0
2024_2025,Crystal Palace,Wolves,3.0,10.0,2,1,0,0,-7.0,1,0
2024_2025,Man City,Bournemouth,3.0,10.0,2,1,0,0,-7.0,1,0
2024_2025,Bournemouth,Leicester,5.0,7.0,1,2,0,0,-2.0,-1,0
2024_2025,Fulham,Man City,7.0,5.0,1,2,0,0,2.0,-1,0
2024_2025,Ipswich,West Ham,7.0,7.0,1,2,0,0,0.0,-1,0
2024_2025,Liverpool,Crystal Palace,6.0,5.0,2,3,0,0,1.0,-1,0
2024_2025,Man United,Aston Villa,4.0,9.0,3,1,1,0,-5.0,2,1
2024_2025,Newcastle,Everton,7.0,7.0,2,1,0,0,0.0,1,0
2024_2025,Nott'm Forest,Chelsea,7.0,9.0,2,2,0,0,-2.0,0,0
2024_2025,Southampton,Arsenal,7.0,7.0,1,2,0,0,0.0,-1,0
2024_2025,Tottenham,Brighton,4.0,6.0,3,1,1,0,-2.0,2,1
2024_2025,Wolves,Brentford,5.0,7.0,1,1,0,0,-2.0,0,0
2025_2026,Liverpool,Bournemouth,60.0,60.0,0,0,0,0,0.0,0,0
2025_2026,Aston Villa,Newcastle,60.0,60.0,0,0,0,0,0.0,0,0
2025_2026,Brighton,Fulham,60.0,60.0,0,0,0,0,0.0,0,0
2025_2026,Sunderland,West Ham,60.0,60.0,0,0,0,0,0.0,0,0
2025_2026,Tottenham,Burnley,60.0,60.0,0,0,0,0,0.0,0,0
2025_2026,Wolves,Man City,60.0,60.0,0,0,0,0,0.0,0,0
2025_2026,Chelsea,Crystal Palace,60.0,60.0,0,0,0,0,0.0,0,0
2025_2026,Nott'm Forest,Brentford,60.0,60.0,0,0,0,0,0.0,0,0
2025_2026,Man United,Arsenal,60.0,60.0,0,0,0,0,0.0,0,0
2025_2026,Leeds,Everton,60.0,60.0,0,0,0,0,0.0,0,0
2025_2026,West Ham,Chelsea,6.0,5.0,1,1,0,0,1.0,0,0
2025_2026,Man City,Tottenham,7.0,7.0,1,1,0,0,0.0,0,0
2025_2026,Bournemouth,Wolves,8.0,7.0,1,1,0,0,1.0,0,0
2025_2026,Brentford,Aston Villa,6.0,7.0,1,1,0,0,-1.0,0,0
2025_2026,Burnley,Sunderland,7.0,7.0,1,1,0,0,0.0,0,0
2025_2026,Arsenal,Leeds,6.0,5.0,1,1,0,0,1.0,0,0
2025_2026,Crystal Palace,Nott'm Forest,7.0,7.0,1,1,0,0,0.0,0,0
2025_2026,Everton,Brighton,6.0,8.0,1,1,0,0,-2.0,0,0
2025_2026,Fulham,Man United,8.0,7.0,1,1,0,0,1.0,0,0
2025_2026,Newcastle,Liverpool,9.0,10.0,1,1,0,0,-1.0,0,0
2025_2026,Chelsea,Fulham,8.0,3.0,2,3,0,0,5.0,-1,0
2025_2026,Man United,Burnley,3.0,4.0,3,3,0,0,-1.0,0,0
2025_2026,Sunderland,Brentford,4.0,4.0,3,3,0,0,0.0,0,0
2025_2026,Tottenham,Bournemouth,7.0,4.0,2,2,0,0,3.0,0,0
2025_2026,Wolves,Everton,4.0,3.0,3,3,0,0,1.0,0,0
2025_2026,Leeds,Newcastle,4.0,5.0,3,2,0,0,-1.0,1,0
2025_2026,Brighton,Man City,4.0,8.0,2,1,0,0,-4.0,1,0
2025_2026,Nott'm Forest,West Ham,7.0,5.0,2,2,0,0,2.0,0,0
2025_2026,Liverpool,Arsenal,6.0,8.0,1,2,0,0,-2.0,-1,0
2025_2026,Aston Villa,Crystal Palace,8.0,7.0,1,2,0,0,1.0,-1,0
2025_2026,Arsenal,Nott'm Forest,13.0,13.0,1,1,0,0,0.0,0,0
2025_2026,Bournemouth,Brighton,14.0,13.0,1,1,0,0,1.0,0,0
2025_2026,Crystal Palace,Sunderland,13.0,14.0,1,1,0,0,-1.0,0,0
2025_2026,Everton,Aston Villa,14.0,13.0,1,1,0,0,1.0,0,0
2025_2026,Fulham,Leeds,14.0,14.0,1,1,0,0,0.0,0,0
2025_2026,Newcastle,Wolves,14.0,14.0,1,1,0,0,0.0,0,0
2025_2026,West Ham,Tottenham,13.0,14.0,1,1,0,0,-1.0,0,0
2025_2026,Brentford,Chelsea,14.0,14.0,1,1,0,0,0.0,0,0
2025_2026,Burnley,Liverpool,15.0,14.0,0,1,0,0,1.0,-1,0
2025_2026,Man City,Man United,14.0,15.0,1,0,0,0,-1.0,1,0
2025_2026,Liverpool,Everton,3.0,7.0,2,1,1,0,-4.0,1,1
2025_2026,Brighton,Tottenham,7.0,4.0,1,2,0,1,3.0,-1,-1
2025_2026,Burnley,Nott'm Forest,6.0,3.0,1,2,0,0,3.0,-1,0
2025_2026,West Ham,Crystal Palace,7.0,4.0,1,2,0,0,3.0,-1,0
2025_2026,Wolves,Leeds,7.0,7.0,1,1,0,0,0.0,0,0
2025_2026,Man United,Chelsea,6.0,3.0,1,2,0,1,3.0,-1,-1
2025_2026,Fulham,Brentford,7.0,4.0,1,2,0,0,3.0,-1,0
2025_2026,Bournemouth,Newcastle,8.0,3.0,1,2,0,1,5.0,-1,-1
2025_2026,Sunderland,Aston Villa,8.0,5.0,1,2,0,0,3.0,-1,0
2025_2026,Arsenal,Man City,5.0,3.0,2,2,1,1,2.0,0,0
2025_2026,Brentford,Man United,7.0,7.0,3,2,0,0,0.0,1,0
2025_2026,Chelsea,Brighton,4.0,4.0,4,3,0,0,0.0,1,0
2025_2026,Crystal Palace,Liverpool,7.0,4.0,3,4,0,0,3.0,-1,0
2025_2026,Leeds,Bournemouth,7.0,6.0,2,2,0,0,1.0,0,0
2025_2026,Man City,Burnley,3.0,4.0,4,3,0,0,-1.0,1,0
2025_2026,Nott'm Forest,Sunderland,3.0,6.0,4,2,1,0,-3.0,2,1
2025_2026,Tottenham,Wolves,3.0,4.0,4,3,0,0,-1.0,1,0
2025_2026,Aston Villa,Fulham,3.0,5.0,3,2,1,0,-2.0,1,1
2025_2026,Newcastle,Arsenal,4.0,4.0,3,3,0,0,0.0,0,0
2025_2026,Everton,West Ham,6.0,9.0,2,1,0,0,-3.0,1,0
2025_2026,Bournemouth,Fulham,6.0,5.0,2,3,0,0,1.0,-1,0
2025_2026,Leeds,Tottenham,7.0,4.0,2,4,0,1,3.0,-2,-1
2025_2026,Arsenal,West Ham,3.0,5.0,4,2,1,0,-2.0,2,1
2025_2026,Man United,Sunderland,7.0,7.0,2,2,0,0,0.0,0,0
2025_2026,Chelsea,Liverpool,4.0,4.0,4,4,1,1,0.0,0,0
2025_2026,Aston Villa,Burnley,3.0,8.0,4,2,1,0,-5.0,2,1
2025_2026,Everton,Crystal Palace,6.0,3.0,2,2,0,1,3.0,0,-1
2025_2026,Newcastle,Nott'm Forest,4.0,3.0,4,3,1,1,1.0,1,0
2025_2026,Wolves,Brighton,8.0,8.0,2,2,0,0,0.0,0,0
2025_2026,Brentford,Man City,8.0,4.0,1,4,0,1,4.0,-3,-1
2025_2026,Nott'm Forest,Chelsea,13.0,14.0,1,1,0,0,-1.0,0,0
2025_2026,Brighton,Newcastle,13.0,13.0,1,1,0,0,0.0,0,0
2025_2026,Burnley,Leeds,13.0,14.0,1,1,0,0,-1.0,0,0
2025_2026,Crystal Palace,Bournemouth,13.0,15.0,1,0,0,0,-2.0,1,0
2025_2026,Man City,Everton,13.0,13.0,1,1,0,0,0.0,0,0
2025_2026,Sunderland,Wolves,14.0,13.0,1,1,0,0,1.0,0,0
2025_2026,Fulham,Arsenal,15.0,14.0,0,1,0,0,1.0,-1,0
2025_2026,Tottenham,Aston Villa,15.0,14.0,0,1,0,0,1.0,-1,0
2025_2026,Liverpool,Man United,15.0,15.0,0,0,0,0,0.0,0,0
2025_2026,West Ham,Brentford,16.0,15.0,0,0,0,0,1.0,0,0
2025_2026,Leeds,West Ham,6.0,4.0,1,1,0,0,2.0,0,0
2025_2026,Chelsea,Sunderland,3.0,7.0,2,1,1,0,-4.0,1,1
2025_2026,Newcastle,Fulham,4.0,7.0,2,1,1,0,-3.0,1,1
2025_2026,Man United,Brighton,6.0,7.0,1,1,0,0,-1.0,0,0
2025_2026,Brentford,Liverpool,5.0,3.0,1,2,0,1,2.0,-1,-1
2025_2026,Arsenal,Crystal Palace,5.0,3.0,2,2,1,1,2.0,0,0
2025_2026,Aston Villa,Man City,3.0,5.0,2,2,1,1,-2.0,0,0
2025_2026,Bournemouth,Nott'm Forest,8.0,3.0,1,2,0,1,5.0,-1,-1
2025_2026,Wolves,Burnley,8.0,8.0,1,1,0,0,0.0,0,0
2025_2026,Everton,Tottenham,8.0,4.0,1,2,0,1,4.0,-1,-1
2025_2026,Brighton,Leeds,3.0,8.0,3,2,0,0,-5.0,1,0
2025_2026,Burnley,Arsenal,6.0,3.0,2,4,0,0,3.0,-2,0
2025_2026,Crystal Palace,Brentford,3.0,4.0,4,3,0,0,-1.0,1,0
2025_2026,Fulham,Wolves,4.0,3.0,3,3,0,0,1.0,0,0
2025_2026,Nott'm Forest,Man United,6.0,7.0,3,2,0,0,-1.0,1,0
2025_2026,Tottenham,Chelsea,3.0,3.0,4,4,0,0,0.0,0,0
2025_2026,Liverpool,Aston Villa,3.0,6.0,4,3,0,0,-3.0,1,0
2025_2026,West Ham,Newcastle,9.0,4.0,2,3,0,0,5.0,-1,0
2025_2026,Man City,Bournemouth,4.0,7.0,3,1,0,0,-3.0,2,0
2025_2026,Sunderland,Everton,9.0,8.0,1,1,0,0,1.0,0,0
2025_2026,Tottenham,Man United,4.0,7.0,4,2,1,0,-3.0,2,1
2025_2026,Everton,Fulham,5.0,7.0,2,3,0,0,-2.0,-1,0
2025_2026,West Ham,Burnley,6.0,7.0,1,2,0,0,-1.0,-1,0
2025_2026,Sunderland,Arsenal,5.0,4.0,2,4,0,1,1.0,-2,-1
2025_2026,Chelsea,Wolves,3.0,7.0,4,3,1,0,-4.0,1,1
2025_2026,Aston Villa,Bournemouth,3.0,7.0,3,2,1,0,-4.0,1,1
2025_2026,Brentford,Newcastle,8.0,4.0,2,3,0,1,4.0,-1,-1
2025_2026,Crystal Palace,Brighton,3.0,8.0,4,2,1,0,-5.0,2,1
2025_2026,Nott'm Forest,Leeds,3.0,8.0,3,1,1,0,-5.0,2,1
2025_2026,Man City,Liverpool,4.0,5.0,4,3,1,1,-1.0,1,0
2025_2026,Burnley,Chelsea,14.0,14.0,1,1,0,0,0.0,0,0
2025_2026,Bournemouth,West Ham,13.0,14.0,1,1,0,0,-1.0,0,0
2025_2026,Brighton,Brentford,13.0,13.0,1,1,0,0,0.0,0,0
2025_2026,Fulham,Sunderland,14.0,14.0,1,1,0,0,0.0,0,0
2025_2026,Liverpool,Nott'm Forest,13.0,13.0,1,1,0,0,0.0,0,0
2025_2026,Wolves,Crystal Palace,14.0,13.0,1,1,0,0,1.0,0,0
2025_2026,Newcastle,Man City,13.0,13.0,1,1,0,0,0.0,0,0
2025_2026,Leeds,Aston Villa,14.0,14.0,1,1,0,0,0.0,0,0
2025_2026,Arsenal,Tottenham,15.0,15.0,0,0,0,0,0.0,0,0
2025_2026,Man United,Everton,16.0,16.0,0,0,0,0,0.0,0,0
2025_2026,Brentford,Burnley,7.0,7.0,1,1,0,0,0.0,0,0
2025_2026,Man City,Leeds,4.0,6.0,2,1,1,0,-2.0,1,1
2025_2026,Sunderland,Bournemouth,7.0,7.0,1,1,0,0,0.0,0,0
2025_2026,Everton,Newcastle,5.0,4.0,1,2,0,1,1.0,-1,-1
2025_2026,Tottenham,Fulham,3.0,7.0,2,1,1,0,-4.0,1,1
2025_2026,Crystal Palace,Man United,3.0,6.0,2,1,1,0,-3.0,1,1
2025_2026,Aston Villa,Wolves,3.0,8.0,2,1,1,0,-5.0,1,1
2025_2026,Nott'm Forest,Brighton,3.0,8.0,2,1,1,0,-5.0,1,1
2025_2026,West Ham,Liverpool,8.0,4.0,1,2,0,1,4.0,-1,-1
2025_2026,Chelsea,Arsenal,5.0,4.0,2,2,1,1,1.0,0,0
2025_2026,Bournemouth,Everton,3.0,3.0,2,2,0,0,0.0,0,0
2025_2026,Fulham,Man City,3.0,3.0,2,3,0,0,0.0,-1,0
2025_2026,Newcastle,Tottenham,3.0,3.0,3,3,0,0,0.0,0,0
2025_2026,Arsenal,Brentford,3.0,4.0,3,2,0,0,-1.0,1,0
2025_2026,Brighton,Aston Villa,3.0,3.0,2,3,0,0,0.0,-1,0
2025_2026,Burnley,Crystal Palace,4.0,3.0,2,3,0,0,1.0,-1,0
2025_2026,Wolves,Nott'm Forest,3.0,3.0,2,3,0,0,0.0,-1,0
2025_2026,Leeds,Chelsea,4.0,3.0,2,3,0,0,1.0,-1,0
2025_2026,Liverpool,Sunderland,3.0,4.0,3,2,0,0,-1.0,1,0
2025_2026,Man United,West Ham,4.0,4.0,2,2,0,0,0.0,0,0
2025_2026,Aston Villa,Arsenal,3.0,3.0,4,4,0,0,0.0,0,0
2025_2026,Bournemouth,Chelsea,4.0,3.0,3,4,0,0,1.0,-1,0
2025_2026,Everton,Nott'm Forest,4.0,3.0,3,4,0,0,1.0,-1,0
2025_2026,Man City,Sunderland,4.0,3.0,4,3,0,0,1.0,1,0
2025_2026,Newcastle,Burnley,4.0,3.0,4,3,0,0,1.0,1,0
2025_2026,Tottenham,Brentford,4.0,3.0,4,3,0,0,1.0,1,0
2025_2026,Leeds,Liverpool,3.0,3.0,3,4,0,0,0.0,-1,0
2025_2026,Brighton,West Ham,4.0,3.0,2,2,0,0,1.0,0,0
2025_2026,Fulham,Crystal Palace,5.0,4.0,2,3,0,0,1.0,-1,0
2025_2026,Wolves,Man United,5.0,4.0,2,3,0,0,1.0,-1,0
2025_2026,Chelsea,Everton,4.0,7.0,4,3,1,0,-3.0,1,1
2025_2026,Liverpool,Brighton,4.0,6.0,4,3,1,0,-2.0,1,1
2025_2026,Burnley,Fulham,7.0,6.0,3,3,0,0,1.0,0,0
2025_2026,Arsenal,Wolves,3.0,5.0,4,3,1,0,-2.0,1,1
2025_2026,Crystal Palace,Man City,3.0,4.0,4,3,1,1,-1.0,1,0
2025_2026,Nott'm Forest,Tottenham,3.0,5.0,4,3,1,1,-2.0,1,0
2025_2026,Sunderland,Newcastle,8.0,4.0,2,3,0,1,4.0,-1,-1
2025_2026,West Ham,Aston Villa,7.0,3.0,3,4,0,1,4.0,-1,-1
2025_2026,Brentford,Leeds,8.0,8.0,2,2,0,0,0.0,0,0
2025_2026,Man United,Bournemouth,7.0,9.0,2,2,0,0,-2.0,0,0
2025_2026,Newcastle,Chelsea,3.0,4.0,4,4,0,0,-1.0,0,0
2025_2026,Bournemouth,Burnley,5.0,7.0,2,2,0,0,-2.0,0,0
2025_2026,Brighton,Sunderland,7.0,6.0,2,2,0,0,1.0,0,0
2025_2026,Man City,West Ham,3.0,6.0,4,2,0,0,-3.0,2,0
2025_2026,Wolves,Brentford,7.0,3.0,2,3,0,0,4.0,-1,0
2025_2026,Tottenham,Liverpool,6.0,7.0,3,3,0,0,-1.0,0,0
2025_2026,Everton,Arsenal,7.0,7.0,2,3,0,0,0.0,-1,0
2025_2026,Leeds,Crystal Palace,6.0,2.0,2,4,0,1,4.0,-2,-1
2025_2026,Aston Villa,Man United,7.0,6.0,2,2,0,0,1.0,0,0
2025_2026,Fulham,Nott'm Forest,5.0,8.0,2,2,0,0,-3.0,0,0
2025_2026,Man United,Newcastle,5.0,6.0,2,3,0,0,-1.0,-1,0
2025_2026,Nott'm Forest,Man City,5.0,7.0,2,3,0,0,-2.0,-1,0
2025_2026,Arsenal,Brighton,4.0,7.0,3,2,0,0,-3.0,1,0
2025_2026,Brentford,Bournemouth,7.0,7.0,3,2,0,0,0.0,1,0
2025_2026,Burnley,Everton,7.0,7.0,2,2,0,0,0.0,0,0
2025_2026,Liverpool,Wolves,7.0,7.0,2,2,0,0,0.0,0,0
2025_2026,West Ham,Fulham,7.0,5.0,2,3,0,0,2.0,-1,0
2025_2026,Chelsea,Aston Villa,7.0,6.0,3,2,0,0,1.0,1,0
2025_2026,Sunderland,Leeds,8.0,8.0,2,2,0,0,0.0,0,0
2025_2026,Crystal Palace,Tottenham,5.0,8.0,4,2,0,0,-3.0,2,0
2025_2026,Burnley,Newcastle,3.0,4.0,2,3,0,0,-1.0,-1,0
2025_2026,Chelsea,Bournemouth,3.0,3.0,3,2,0,0,0.0,1,0
2025_2026,Nott'm Forest,Everton,3.0,3.0,2,2,0,0,0.0,0,0
2025_2026,West Ham,Brighton,3.0,3.0,2,2,0,0,0.0,0,0
2025_2026,Arsenal,Aston Villa,3.0,3.0,3,2,0,0,0.0,1,0
2025_2026,Man United,Wolves,4.0,3.0,2,2,0,0,1.0,0,0
2025_2026,Crystal Palace,Fulham,4.0,5.0,4,2,0,0,-1.0,2,0
2025_2026,Liverpool,Leeds,5.0,4.0,2,2,0,0,1.0,0,0
2025_2026,Brentford,Tottenham,5.0,4.0,2,2,0,0,1.0,0,0
2025_2026,Sunderland,Man City,4.0,5.0,2,2,0,0,-1.0,0,0
2025_2026,Aston Villa,Nott'm Forest,4.0,4.0,3,3,0,0,0.0,0,0
2025_2026,Brighton,Burnley,4.0,4.0,3,3,0,0,0.0,0,0
2025_2026,Wolves,West Ham,4.0,4.0,3,3,0,0,0.0,0,0
2025_2026,Bournemouth,Arsenal,4.0,4.0,3,4,0,0,0.0,-1,0
2025_2026,Leeds,Man United,3.0,5.0,2,3,0,0,-2.0,-1,0
2025_2026,Everton,Brentford,5.0,3.0,2,2,0,0,2.0,0,0
2025_2026,Newcastle,Crystal Palace,5.0,3.0,2,3,0,0,2.0,-1,0
2025_2026,Tottenham,Sunderland,3.0,3.0,2,2,0,0,0.0,0,0
2025_2026,Fulham,Liverpool,3.0,3.0,3,2,0,0,0.0,1,0
2025_2026,Man City,Chelsea,3.0,5.0,2,2,0,0,-2.0,0,0
2025_2026,West Ham,Nott'm Forest,3.0,3.0,3,3,0,0,0.0,0,0
2025_2026,Bournemouth,Tottenham,4.0,3.0,3,3,0,0,1.0,0,0
2025_2026,Brentford,Sunderland,3.0,3.0,3,3,0,0,0.0,0,0
2025_2026,Crystal Palace,Aston Villa,3.0,4.0,3,3,0,0,-1.0,0,0
2025_2026,Everton,Wolves,3.0,4.0,3,3,0,0,-1.0,0,0
2025_2026,Fulham,Chelsea,3.0,3.0,3,3,0,0,0.0,0,0
2025_2026,Man City,Brighton,3.0,4.0,3,3,0,0,-1.0,0,0
2025_2026,Burnley,Man United,4.0,3.0,3,3,0,0,1.0,0,0
2025_2026,Newcastle,Leeds,3.0,3.0,3,3,0,0,0.0,0,0
2025_2026,Arsenal,Liverpool,5.0,4.0,3,3,0,0,1.0,0,0
2025_2026,Man United,Man City,6.0,4.0,3,4,0,0,2.0,-1,0
2025_2026,Chelsea,Brentford,3.0,7.0,4,3,0,0,-4.0,1,0
2025_2026,Leeds,Fulham,6.0,7.0,3,3,0,0,-1.0,0,0
2025_2026,Liverpool,Burnley,5.0,7.0,3,3,0,0,-2.0,0,0
2025_2026,Sunderland,Crystal Palace,7.0,7.0,3,3,0,0,0.0,0,0
2025_2026,Tottenham,West Ham,7.0,6.0,3,3,0,0,1.0,0,0
2025_2026,Nott'm Forest,Arsenal,8.0,3.0,3,4,0,0,5.0,-1,0
2025_2026,Wolves,Newcastle,8.0,5.0,2,4,0,0,3.0,-2,0
2025_2026,Aston Villa,Everton,8.0,8.0,2,3,0,0,0.0,-1,0
2025_2026,Brighton,Bournemouth,8.0,9.0,2,2,0,0,-1.0,0,0
2025_2026,West Ham,Sunderland,7.0,7.0,2,2,0,0,0.0,0,0
2025_2026,Burnley,Tottenham,7.0,4.0,2,3,0,1,3.0,-1,-1
2025_2026,Fulham,Brighton,7.0,5.0,2,2,0,0,2.0,0,0
2025_2026,Man City,Wolves,4.0,6.0,4,2,1,0,-2.0,2,1
2025_2026,Bournemouth,Liverpool,5.0,3.0,2,3,0,1,2.0,-1,-1
2025_2026,Brentford,Nott'm Forest,8.0,3.0,1,2,0,1,5.0,-1,-1
2025_2026,Crystal Palace,Chelsea,8.0,4.0,1,3,0,1,4.0,-2,-1
2025_2026,Newcastle,Aston Villa,4.0,3.0,3,2,1,1,1.0,1,0
2025_2026,Arsenal,Man United,5.0,8.0,4,2,1,0,-3.0,2,1
2025_2026,Everton,Leeds,8.0,9.0,1,1,0,0,-1.0,0,0
2025_2026,Brighton,Everton,7.0,5.0,2,2,0,0,2.0,0,0
2025_2026,Leeds,Arsenal,5.0,3.0,2,4,0,1,2.0,-2,-1
2025_2026,Wolves,Bournemouth,7.0,7.0,2,2,0,0,0.0,0,0
2025_2026,Chelsea,West Ham,3.0,7.0,4,2,1,0,-4.0,2,1
2025_2026,Liverpool,Newcastle,3.0,3.0,4,4,1,1,0.0,0,0
2025_2026,Aston Villa,Brentford,3.0,7.0,4,1,1,0,-4.0,3,1
2025_2026,Man United,Fulham,7.0,8.0,1,1,0,0,-1.0,0,0
2025_2026,Nott'm Forest,Crystal Palace,3.0,7.0,3,1,1,0,-4.0,2,1
2025_2026,Tottenham,Man City,4.0,4.0,3,3,1,1,0.0,0,0
2025_2026,Sunderland,Burnley,9.0,9.0,1,1,0,0,0.0,0,0
2025_2026,Leeds,Nott'm Forest,6.0,5.0,2,3,0,0,1.0,-1,0
2025_2026,Man United,Tottenham,6.0,6.0,2,3,0,0,0.0,-1,0
2025_2026,Arsenal,Sunderland,4.0,5.0,4,2,0,0,-1.0,2,0
2025_2026,Bournemouth,Aston Villa,7.0,6.0,2,3,0,0,1.0,-1,0
2025_2026,Burnley,West Ham,5.0,7.0,2,2,0,0,-2.0,0,0
2025_2026,Fulham,Everton,6.0,7.0,2,2,0,0,-1.0,0,0
2025_2026,Wolves,Chelsea,7.0,4.0,2,4,0,0,3.0,-2,0
2025_2026,Newcastle,Brentford,3.0,6.0,4,2,0,0,-3.0,2,0
2025_2026,Brighton,Crystal Palace,8.0,7.0,1,2,0,0,1.0,-1,0
2025_2026,Liverpool,Man City,8.0,4.0,2,3,0,0,4.0,-1,0
2025_2026,Chelsea,Leeds,3.0,4.0,4,2,0,0,-1.0,2,0
2025_2026,Everton,Bournemouth,3.0,3.0,2,2,0,0,0.0,0,0
2025_2026,Tottenham,Newcastle,3.0,3.0,3,4,0,0,0.0,-1,0
2025_2026,West Ham,Man United,3.0,3.0,2,2,0,0,0.0,0,0
2025_2026,Aston Villa,Brighton,4.0,3.0,3,2,0,0,1.0,1,0
2025_2026,Crystal Palace,Burnley,3.0,4.0,2,2,0,0,-1.0,0,0
2025_2026,Man City,Fulham,3.0,4.0,4,2,0,0,-1.0,2,0
2025_2026,Nott'm Forest,Wolves,5.0,4.0,3,2,0,0,1.0,1,0
2025_2026,Sunderland,Liverpool,4.0,3.0,2,3,0,0,1.0,-1,0
2025_2026,Brentford,Arsenal,5.0,5.0,2,3,0,0,0.0,-1,0
2025_2026,Wolves,Arsenal,3.0,3.0,3,3,0,0,0.0,0,0
2025_2026,Aston Villa,Leeds,7.0,6.0,3,2,0,0,1.0,1,0
2025_2026,Brentford,Brighton,5.0,7.0,3,3,0,0,-2.0,0,0
2025_2026,Chelsea,Burnley,8.0,7.0,3,3,0,0,1.0,0,0
2025_2026,West Ham,Bournemouth,7.0,11.0,3,2,0,0,-4.0,1,0
2025_2026,Man City,Newcastle,7.0,3.0,3,4,0,1,4.0,-1,-1
2025_2026,Crystal Palace,Wolves,3.0,4.0,3,3,1,0,-1.0,0,1
2025_2026,Nott'm Forest,Liverpool,3.0,8.0,2,3,1,0,-5.0,-1,1
2025_2026,Sunderland,Fulham,7.0,7.0,2,2,0,0,0.0,0,0
2025_2026,Tottenham,Arsenal,12.0,4.0,1,3,0,0,8.0,-2,0
2025_2026,Everton,Man United,13.0,13.0,1,1,0,0,0.0,0,0
2025_2026,Wolves,Aston Villa,5.0,6.0,3,2,0,0,-1.0,1,0
2025_2026,Bournemouth,Sunderland,7.0,6.0,1,2,0,0,1.0,-1,0
2025_2026,Burnley,Brentford,7.0,7.0,2,2,0,0,0.0,0,0
2025_2026,Liverpool,West Ham,6.0,7.0,2,2,0,0,-1.0,0,0
2025_2026,Newcastle,Everton,4.0,5.0,4,1,1,0,-1.0,3,1
2025_2026,Leeds,Man City,7.0,7.0,2,2,0,0,0.0,0,0
2025_2026,Brighton,Nott'm Forest,8.0,3.0,1,3,0,1,5.0,-2,-1
2025_2026,Fulham,Tottenham,7.0,7.0,2,1,0,0,0.0,1,0
2025_2026,Man United,Crystal Palace,6.0,3.0,1,3,0,1,3.0,-2,-1
2025_2026,Arsenal,Chelsea,7.0,8.0,3,1,0,0,-1.0,2,0
2025_2026,Bournemouth,Brentford,3.0,3.0,2,2,0,0,0.0,0,0
2025_2026,Everton,Burnley,3.0,3.0,2,2,0,0,0.0,0,0
2025_2026,Leeds,Sunderland,3.0,3.0,2,2,0,0,0.0,0,0
2025_2026,Wolves,Liverpool,4.0,3.0,3,2,0,0,1.0,1,0
2025_2026,Aston Villa,Chelsea,5.0,3.0,2,2,0,0,2.0,0,0
2025_2026,Brighton,Arsenal,3.0,3.0,2,3,0,0,0.0,-1,0
2025_2026,Fulham,West Ham,3.0,4.0,2,2,0,0,-1.0,0,0
2025_2026,Man City,Nott'm Forest,4.0,3.0,2,4,0,0,1.0,-2,0
2025_2026,Newcastle,Man United,4.0,3.0,4,2,0,0,1.0,2,0
2025_2026,Tottenham,Crystal Palace,4.0,4.0,2,4,0,0,0.0,-2,0
2025_2026,Burnley,Bournemouth,11.0,11.0,2,2,0,0,0.0,0,0
2025_2026,Sunderland,Brighton,6.0,10.0,3,2,0,0,-4.0,1,0
2025_2026,Arsenal,Everton,3.0,11.0,4,2,1,0,-8.0,2,1
2025_2026,Chelsea,Newcastle,3.0,4.0,4,4,1,1,-1.0,0,0
2025_2026,West Ham,Man City,5.0,3.0,3,4,0,1,2.0,-1,-1
2025_2026,Crystal Palace,Leeds,3.0,7.0,3,2,1,0,-4.0,1,1
2025_2026,Man United,Aston Villa,11.0,3.0,2,2,0,1,8.0,0,-1
2025_2026,Nott'm Forest,Fulham,3.0,7.0,3,3,1,0,-4.0,0,1
2025_2026,Liverpool,Tottenham,5.0,5.0,3,3,1,1,0.0,0,0
2025_2026,Brentford,Wolves,7.0,10.0,2,2,0,0,-3.0,0,0
2025_2026,Bournemouth,Man United,6.0,5.0,1,1,0,0,1.0,0,0
2025_2026,Brighton,Liverpool,7.0,3.0,1,3,0,1,4.0,-2,-1
2025_2026,Fulham,Burnley,6.0,7.0,2,1,0,0,-1.0,1,0
2025_2026,Everton,Chelsea,7.0,4.0,1,4,0,1,3.0,-3,-1
2025_2026,Leeds,Brentford,6.0,5.0,2,2,0,0,1.0,0,0
2025_2026,Newcastle,Sunderland,4.0,8.0,3,2,1,0,-4.0,1,1
2025_2026,Aston Villa,West Ham,3.0,8.0,3,2,1,0,-5.0,1,1
2025_2026,Tottenham,Nott'm Forest,4.0,3.0,3,3,1,1,1.0,0,0
2025_2026,West Ham,Wolves,5.0,25.0,1,0,0,0,-20.0,1,0
2025_2026,Arsenal,Bournemouth,4.0,22.0,2,0,1,0,-18.0,2,1
2025_2026,Brentford,Everton,21.0,21.0,0,0,0,0,0.0,0,0
2025_2026,Burnley,Brighton,21.0,21.0,0,0,0,0,0.0,0,0
2025_2026,Liverpool,Fulham,3.0,21.0,2,0,1,0,-18.0,2,1
2025_2026,Crystal Palace,Newcastle,3.0,21.0,1,0,1,0,-18.0,1,1
2025_2026,Nott'm Forest,Aston Villa,3.0,3.0,1,1,1,1,0.0,0,0
2025_2026,Sunderland,Tottenham,21.0,21.0,0,0,0,0,0.0,0,0
2025_2026,Chelsea,Man City,8.0,8.0,1,1,0,0,0.0,0,0
2025_2026,Man United,Leeds,24.0,8.0,0,1,0,0,16.0,-1,0
2025_2026,Brentford,Fulham,7.0,7.0,1,1,0,0,0.0,0,0
2025_2026,Leeds,Wolves,5.0,8.0,2,1,0,0,-3.0,1,0
2025_2026,Newcastle,Bournemouth,6.0,7.0,1,1,0,0,-1.0,0,0
2025_2026,Tottenham,Brighton,6.0,7.0,1,1,0,0,-1.0,0,0
2025_2026,Chelsea,Man United,6.0,5.0,2,1,0,0,1.0,1,0
2025_2026,Aston Villa,Sunderland,3.0,7.0,3,1,1,0,-4.0,2,1
2025_2026,Everton,Liverpool,8.0,5.0,1,3,0,1,3.0,-2,-1
2025_2026,Nott'm Forest,Burnley,3.0,8.0,3,1,1,0,-5.0,2,1
2025_2026,Man City,Arsenal,7.0,4.0,1,3,0,1,3.0,-2,-1
2025_2026,Crystal Palace,West Ham,4.0,10.0,3,1,1,0,-6.0,2,1
2025_2026,Brighton,Chelsea,3.0,3.0,2,2,0,0,0.0,0,0
2025_2026,Bournemouth,Leeds,4.0,4.0,2,2,0,0,0.0,0,0
2025_2026,Burnley,Man City,3.0,3.0,2,2,0,0,0.0,0,0
2025_2026,Sunderland,Nott'm Forest,5.0,5.0,2,3,0,0,0.0,-1,0
2025_2026,Fulham,Aston Villa,7.0,6.0,2,3,0,0,1.0,-1,0
2025_2026,Liverpool,Crystal Palace,6.0,5.0,3,3,0,0,1.0,0,0
2025_2026,West Ham,Everton,5.0,6.0,1,2,0,0,-1.0,-1,0
2025_2026,Wolves,Tottenham,7.0,7.0,1,2,0,0,0.0,-1,0
2025_2026,Arsenal,Newcastle,6.0,7.0,3,2,0,0,-1.0,1,0
2025_2026,Man United,Brentford,9.0,9.0,2,1,0,0,0.0,1,0
2025_2026,Leeds,Burnley,5.0,9.0,3,2,0,0,-4.0,1,0
2025_2026,Brentford,West Ham,5.0,7.0,2,2,0,0,-2.0,0,0
2025_2026,Newcastle,Brighton,7.0,11.0,2,2,0,0,-4.0,0,0
2025_2026,Wolves,Sunderland,7.0,8.0,2,2,0,0,-1.0,0,0
2025_2026,Arsenal,Fulham,3.0,7.0,3,2,1,0,-4.0,1,1
2025_2026,Bournemouth,Crystal Palace,11.0,3.0,1,3,0,1,8.0,-2,-1
2025_2026,Man United,Liverpool,6.0,8.0,1,2,0,0,-2.0,-1,0
2025_2026,Aston Villa,Tottenham,3.0,8.0,3,1,1,0,-5.0,2,1
2025_2026,Chelsea,Nott'm Forest,8.0,4.0,2,2,0,1,4.0,0,-1
2025_2026,Everton,Man City,9.0,9.0,1,2,0,0,0.0,-1,0
2025_2026,Liverpool,Chelsea,6.0,5.0,2,2,0,0,1.0,0,0
2025_2026,Brighton,Wolves,7.0,7.0,1,2,0,0,0.0,-1,0
2025_2026,Fulham,Bournemouth,7.0,6.0,2,1,0,0,1.0,1,0
2025_2026,Sunderland,Man United,7.0,6.0,1,2,0,0,1.0,-1,0
2025_2026,Man City,Brentford,5.0,7.0,2,2,0,0,-2.0,0,0
2025_2026,Burnley,Aston Villa,9.0,3.0,1,3,0,1,6.0,-2,-1
2025_2026,Crystal Palace,Everton,3.0,6.0,3,1,1,0,-3.0,2,1
2025_2026,Nott'm Forest,Newcastle,3.0,8.0,3,1,1,0,-5.0,2,1
2025_2026,West Ham,Arsenal,8.0,5.0,1,3,0,1,3.0,-2,-1
2025_2026,Tottenham,Leeds,8.0,10.0,1,1,0,0,-2.0,0,0
2025_2026,Man City,Crystal Palace,4.0,3.0,2,4,0,0,1.0,-2,0
2025_2026,Aston Villa,Liverpool,5.0,6.0,3,2,0,0,-1.0,1,0
2025_2026,Man United,Nott'm Forest,8.0,7.0,2,3,0,0,1.0,-1,0
2025_2026,Brentford,Crystal Palace,8.0,4.0,1,4,0,0,4.0,-3,0
2025_2026,Everton,Sunderland,7.0,8.0,2,1,0,0,-1.0,1,0
2025_2026,Leeds,Brighton,6.0,8.0,1,1,0,0,-2.0,0,0
2025_2026,Wolves,Fulham,8.0,8.0,1,1,0,0,0.0,0,0
2025_2026,Newcastle,West Ham,7.0,7.0,1,1,0,0,0.0,0,0
2025_2026,Arsenal,Burnley,8.0,8.0,2,1,0,0,0.0,1,0
2025_2026,Bournemouth,Man City,10.0,3.0,1,3,0,0,7.0,-2,0
2025_2026,Chelsea,Tottenham,3.0,8.0,2,1,0,0,-5.0,1,0
2025_2026,Brighton,Man United,7.0,7.0,1,1,0,0,0.0,0,0
2025_2026,Burnley,Wolves,6.0,7.0,2,1,0,0,-1.0,1,0
2025_2026,Crystal Palace,Arsenal,7.0,6.0,3,2,0,0,1.0,1,0
2025_2026,Fulham,Newcastle,7.0,7.0,1,2,0,0,0.0,-1,0
2025_2026,Liverpool,Brentford,9.0,7.0,1,1,0,0,2.0,0,0
2025_2026,Man City,Aston Villa,5.0,4.0,3,3,0,1,1.0,0,-1
2025_2026,Nott'm Forest,Bournemouth,7.0,5.0,2,1,0,0,2.0,1,0
2025_2026,Sunderland,Chelsea,7.0,5.0,1,2,0,0,2.0,-1,0
2025_2026,Tottenham,Everton,5.0,7.0,2,2,0,0,-2.0,0,0
2025_2026,West Ham,Leeds,7.0,7.0,2,2,0,0,0.0,0,0
