Season,Date,HomeTeam,AwayTeam,home_elo,away_elo,elo_diff,elo_expected_home
2016_2017,2016-08-13,Burnley,Swansea,1639.70959473,1690.8269043,-51.11730957000009,0.4269625207273001
2016_2017,2016-08-13,Crystal Palace,West Brom,1636.53991699,1648.24841309,-11.708496100000048,0.4831564953967251
2016_2017,2016-08-13,Everton,Tottenham,1697.95812988,1807.02319336,-109.06506348000016,0.3480029743432595
2016_2017,2016-08-13,Hull,Leicester,1591.83911133,1814.43371582,-222.59460449000017,0.2173192279580217
2016_2017,2016-08-13,Man City,Sunderland,1851.33642578,1658.3269043,193.00952147999988,0.7523252066116466
2016_2017,2016-08-13,Middlesbrough,Stoke,1597.75341797,1684.58190918,-86.82849120999981,0.3775818014938499
2016_2017,2016-08-13,Southampton,Watford,1781.29345703,1626.64904785,154.6444091799999,0.7089324297968488
2016_2017,2016-08-14,Arsenal,Liverpool,1842.85192871,1802.98962402,39.862304689999974,0.5571160689254546
2016_2017,2016-08-14,Bournemouth,Man United,1622.66186523,1791.51696777,-168.85510253999996,0.27448042529065436
2016_2017,2016-08-15,Chelsea,West Ham,1795.97900391,1727.61560059,68.36340332000009,0.5971325181454042
2016_2017,2016-08-19,Man United,Southampton,1800.26965332,1777.11254883,23.157104490000165,0.5332764907515518
2016_2017,2016-08-20,Burnley,Liverpool,1632.59326172,1814.90783691,-182.3145751899999,0.2593236119887188
2016_2017,2016-08-20,Leicester,Arsenal,1803.46594238,1833.49914551,-30.033203130000174,0.4568860797211643
2016_2017,2016-08-20,Stoke,Man City,1685.0480957,1859.20532227,-174.15722656999992,0.2684443656872139
2016_2017,2016-08-20,Swansea,Hull,1700.50866699,1605.37231445,95.13635253999996,0.6335899385622942
2016_2017,2016-08-20,Tottenham,Crystal Palace,1806.85778809,1628.46130371,178.39648437999995,0.7363208064740544
2016_2017,2016-08-20,Watford,Chelsea,1633.39538574,1802.22314453,-168.82775878999996,0.27451177183709863
2016_2017,2016-08-20,West Brom,Everton,1658.89245605,1700.68884277,-41.7963867200001,0.44013865748396375
2016_2017,2016-08-21,Sunderland,Middlesbrough,1656.93652344,1599.85266113,57.083862310000086,0.5814189703751881
2016_2017,2016-08-21,West Ham,Bournemouth,1723.92541504,1616.4744873,107.45092774,0.6498857983931781
2016_2017,2016-08-27,Chelsea,Burnley,1800.45471191,1641.34301758,159.1116943300001,0.7142101586682859
2016_2017,2016-08-27,Crystal Palace,Bournemouth,1618.50280762,1605.2989502,13.203857420000077,0.5189927355268342
2016_2017,2016-08-27,Everton,Stoke,1702.07336426,1669.0057373,33.0676269600001,0.5474449665386488
2016_2017,2016-08-27,Hull,Man United,1615.38049316,1801.68688965,-186.30639649,0.2549344347244626
2016_2017,2016-08-27,Leicester,Swansea,1795.515625,1676.35791016,119.15771483999993,0.6650602436765872
2016_2017,2016-08-27,Southampton,Sunderland,1761.55285645,1638.6328125,122.92004395000004,0.6698672367193446
2016_2017,2016-08-27,Tottenham,Liverpool,1802.67358398,1792.01550293,10.658081050000192,0.5153334020961619
2016_2017,2016-08-27,Watford,Arsenal,1621.02124023,1827.30688477,-206.2856445399998,0.23371072219758132
2016_2017,2016-08-28,Man City,West Ham,1861.15307617,1699.3236084,161.82946777000006,0.7173927430427158
2016_2017,2016-08-28,West Brom,Middlesbrough,1643.36547852,1604.01379395,39.35168456999986,0.5563906951775229
2016_2017,2016-09-10,Arsenal,Southampton,1833.49438477,1756.80163574,76.69274902999996,0.6086113788391494
2016_2017,2016-09-10,Bournemouth,West Brom,1607.28112793,1640.58666992,-33.305541990000165,0.45221575119825297
2016_2017,2016-09-10,Burnley,Hull,1635.61877441,1610.40136719,25.21740722000004,0.5362271726815725
2016_2017,2016-09-10,Liverpool,Leicester,1793.92712402,1799.53955078,-5.612426759999835,0.4919237711070856
2016_2017,2016-09-10,Man United,Man City,1806.6661377,1865.54589844,-58.87976073999994,0.4160671935956672
2016_2017,2016-09-10,Middlesbrough,Crystal Palace,1606.79260254,1616.52062988,-9.728027339999926,0.4860039006182106
2016_2017,2016-09-10,Stoke,Tottenham,1663.26318359,1800.76196289,-137.49877930000002,0.31184526501963317
2016_2017,2016-09-10,West Ham,Watford,1694.93078613,1614.83374023,80.09704589999978,0.6132693214792155
2016_2017,2016-09-11,Swansea,Chelsea,1672.33398438,1806.17883301,-133.84484863000012,0.3163768210372301
2016_2017,2016-09-12,Sunderland,Everton,1643.3840332,1707.81591797,-64.43188477000012,0.4083236297297964
2016_2017,2016-09-16,Chelsea,Liverpool,1805.48718262,1806.82385254,-1.3366699199998493,0.4980763868456185
2016_2017,2016-09-17,Everton,Middlesbrough,1722.66308594,1598.80334473,123.85974121000004,0.6710623830642919
2016_2017,2016-09-17,Hull,Arsenal,1614.37414551,1843.29077148,-228.91662597000004,0.2111928740413412
2016_2017,2016-09-17,Leicester,Burnley,1800.16503906,1634.75,165.41503906000003,0.7215585070673386
2016_2017,2016-09-17,Man City,Bournemouth,1882.81738281,1616.1328125,266.68457031,0.8227599992037387
2016_2017,2016-09-17,West Brom,West Ham,1634.83886719,1680.1965332,-45.35766601,0.43509339337426567
2016_2017,2016-09-18,Crystal Palace,Stoke,1627.6138916,1652.75854492,-25.14465332000009,0.46387698053242993
2016_2017,2016-09-18,Southampton,Swansea,1760.19018555,1676.12963867,84.06054687999995,0.6186663514753031
2016_2017,2016-09-18,Tottenham,Sunderland,1802.62145996,1631.64086914,170.9805908200001,0.7279493875539358
2016_2017,2016-09-18,Watford,Man United,1632.67199707,1788.43896484,-155.76696776999984,0.28973596366827786
2016_2017,2016-09-24,Arsenal,Chelsea,1850.08081055,1796.35534668,53.72546387000011,0.5767067321152647
2016_2017,2016-09-24,Bournemouth,Everton,1612.50817871,1728.40722656,-115.89904784999999,0.33913113952638724
2016_2017,2016-09-24,Liverpool,Hull,1815.95568848,1607.58422852,208.37145996000004,0.7684327181225883
2016_2017,2016-09-24,Man United,Leicester,1773.27160645,1805.85766602,-32.58605956999986,0.45324191442414224
2016_2017,2016-09-24,Middlesbrough,Tottenham,1593.0592041,1805.73156738,-212.6723632799999,0.22719105652751617
2016_2017,2016-09-24,Stoke,West Brom,1639.93310547,1646.1036377,-6.170532229999935,0.4911208238475148
2016_2017,2016-09-24,Sunderland,Crystal Palace,1628.53063965,1640.43933105,-11.908691399999952,0.4828687237633606
2016_2017,2016-09-24,Swansea,Man City,1671.30859375,1886.4420166,-215.13342285,0.2247132996183242
2016_2017,2016-09-25,West Ham,Southampton,1668.93188477,1765.01123047,-96.0793457000002,0.3651507764816102
2016_2017,2016-09-26,Burnley,Watford,1629.05737305,1647.8392334,-18.781860349999988,0.47299702891446027
2016_2017,2016-09-30,Everton,Crystal Palace,1721.98278809,1652.74743652,69.23535156999992,0.5983394055306321
2016_2017,2016-10-01,Hull,Chelsea,1605.60546875,1790.31872559,-184.71325683999999,0.25668028358456196
2016_2017,2016-10-01,Sunderland,West Brom,1622.45922852,1650.60437012,-28.145141600000215,0.4595842538646418
2016_2017,2016-10-01,Swansea,Liverpool,1668.53869629,1824.17102051,-155.6323242200001,0.28989549068459514
2016_2017,2016-10-01,Watford,Bournemouth,1640.87890625,1625.16918945,15.709716800000024,0.5225927049585716
2016_2017,2016-10-01,West Ham,Middlesbrough,1659.8828125,1591.87231445,68.01049805000002,0.5966437168671643
2016_2017,2016-10-02,Burnley,Arsenal,1642.25427246,1866.32446289,-224.0701904299999,0.2158779130802467
2016_2017,2016-10-02,Leicester,Southampton,1800.84924316,1776.41308594,24.43615722000004,0.535108585406128
2016_2017,2016-10-02,Man United,Stoke,1791.4239502,1641.66894531,149.75500489,0.7030906807171441
2016_2017,2016-10-02,Tottenham,Man City,1822.07043457,1889.07763672,-67.00720215000001,0.40474697174441837
2016_2017,2016-10-15,Arsenal,Swansea,1870.39453125,1663.08642578,207.3081054700001,0.7673417058425313
2016_2017,2016-10-15,Bournemouth,Hull,1627.22021484,1598.65734863,28.56286621000004,0.5410129140714541
2016_2017,2016-10-15,Chelsea,Leicester,1797.2668457,1798.60327148,-1.336425780000127,0.4980767381861215
2016_2017,2016-10-15,Crystal Palace,West Ham,1656.22473145,1656.44311523,-0.21838378000006742,0.4996857205186518
2016_2017,2016-10-15,Man City,Everton,1877.44470215,1718.50549316,158.93920899,0.714007449663539
2016_2017,2016-10-15,Stoke,Sunderland,1646.96203613,1621.6427002,25.319335929999852,0.536373086727052
2016_2017,2016-10-15,West Brom,Tottenham,1651.42089844,1833.70336914,-182.28247069999998,0.2593591105989576
2016_2017,2016-10-16,Middlesbrough,Watford,1595.31201172,1638.82788086,-43.51586913999995,0.43770105637259926
2016_2017,2016-10-16,Southampton,Burnley,1778.65905762,1638.18432617,140.47473145000004,0.6918190998744014
2016_2017,2016-10-17,Liverpool,Man United,1829.62316895,1786.13085938,43.49230957000009,0.5622655647606317
2016_2017,2016-10-22,Arsenal,Middlesbrough,1874.26965332,1586.08728027,288.18237305,0.8400917757678337
2016_2017,2016-10-22,Bournemouth,Tottenham,1639.63171387,1830.96728516,-191.33557128999996,0.2494746566716139
2016_2017,2016-10-22,Burnley,Everton,1632.17443848,1723.21691895,-91.0424804700001,0.3718980711599371
2016_2017,2016-10-22,Hull,Stoke,1584.64819336,1654.60192871,-69.95373534999999,0.4006671539914918
2016_2017,2016-10-22,Leicester,Crystal Palace,1789.17553711,1646.05505371,143.1204834,0.6950567342648649
2016_2017,2016-10-22,Liverpool,West Brom,1826.01733398,1654.09399414,171.92333984000015,0.7290227952376166
2016_2017,2016-10-22,Swansea,Watford,1659.75280762,1646.45495605,13.297851570000148,0.5191278074125485
2016_2017,2016-10-22,West Ham,Sunderland,1665.01513672,1612.40527344,52.60986328000013,0.5751382726124121
2016_2017,2016-10-23,Chelsea,Man United,1807.83422852,1793.49462891,14.339599609999823,0.5206246331138665
2016_2017,2016-10-23,Man City,Southampton,1866.26525879,1773.66015625,92.60510253999996,0.630200678458128
2016_2017,2016-10-29,Crystal Palace,Liverpool,1641.06994629,1829.00976562,-187.9398193300001,0.2531525708053755
2016_2017,2016-10-29,Man United,Burnley,1781.02270508,1641.19128418,139.8314209,0.691028998623502
2016_2017,2016-10-29,Middlesbrough,Bournemouth,1593.70471191,1643.25708008,-49.55236816999991,0.4291680329161531
2016_2017,2016-10-29,Sunderland,Arsenal,1607.16845703,1866.65222168,-259.48376465,0.18336573610430623
2016_2017,2016-10-29,Tottenham,Leicester,1827.34191895,1794.1607666,33.18115235000005,0.5476068666270071
2016_2017,2016-10-29,Watford,Hull,1648.5168457,1573.64147949,74.87536621000004,0.6061165533933461
2016_2017,2016-10-29,West Brom,Man City,1651.1015625,1862.19799805,-211.09643555000002,0.22878777566195738
2016_2017,2016-10-30,Everton,West Ham,1714.20019531,1670.2520752,43.94812010999999,0.5629112503047121
2016_2017,2016-10-30,Southampton,Chelsea,1777.72753906,1820.30615234,-42.5786132799999,0.43902937930366903
2016_2017,2016-10-31,Stoke,Swansea,1665.60876465,1657.69104004,7.91772461000005,0.5113925495250609
2016_2017,2016-11-05,Bournemouth,Sunderland,1631.24304199,1600.4362793,30.806762689999914,0.5442186708328655
2016_2017,2016-11-05,Burnley,Crystal Palace,1645.49816895,1633.48852539,12.009643560000086,0.5172763860750054
2016_2017,2016-11-05,Chelsea,Everton,1831.3651123,1721.02807617,110.33703612999989,0.6536565247956708
2016_2017,2016-11-05,Man City,Middlesbrough,1884.37390137,1604.07397461,280.29992676000006,0.833901746314327
2016_2017,2016-11-05,West Ham,Stoke,1661.77929688,1673.81518555,-12.035888670000077,0.4826858893672047
2016_2017,2016-11-06,Arsenal,Tottenham,1874.10961914,1812.56774902,61.541870119999885,0.5876510789263184
2016_2017,2016-11-06,Hull,Southampton,1567.8996582,1768.48693848,-200.58728027999996,0.23963653881088934
2016_2017,2016-11-06,Leicester,West Brom,1793.66308594,1641.58300781,152.08007812999995,0.7058770722397939
2016_2017,2016-11-06,Liverpool,Watford,1834.94641113,1652.6138916,182.3325195299999,0.740696228069932
2016_2017,2016-11-06,Swansea,Man United,1647.83984375,1765.88842773,-118.0485839800001,0.33636346988398513
2016_2017,2016-11-19,Crystal Palace,Man City,1627.09484863,1876.87182617,-249.7769775400002,0.19188132160826302
2016_2017,2016-11-19,Everton,Swansea,1711.93310547,1638.67687988,73.25622559000021,0.6038891916830421
2016_2017,2016-11-19,Man United,Arsenal,1775.05126953,1870.91992188,-95.86865235000005,0.36543197972737135
2016_2017,2016-11-19,Southampton,Liverpool,1756.56408691,1841.29931641,-84.73522950000006,0.38041781573224187
2016_2017,2016-11-19,Stoke,Bournemouth,1675.12756348,1620.9354248,54.19213867999997,0.5773623891037655
2016_2017,2016-11-19,Sunderland,Hull,1610.74389648,1579.8223877,30.921508780000067,0.5443825074079183
2016_2017,2016-11-19,Tottenham,West Ham,1815.75756836,1660.46691895,155.29064941000001,0.7096994564068716
2016_2017,2016-11-19,Watford,Leicester,1646.26098633,1780.50524902,-134.24426269000014,0.3158797516964222
2016_2017,2016-11-20,Middlesbrough,Chelsea,1611.57592773,1840.46008301,-228.88415527999996,0.2112240141945017
2016_2017,2016-11-21,West Brom,Burnley,1654.74084473,1651.89196777,2.8488769599998705,0.5040997716294002
2016_2017,2016-11-26,Burnley,Man City,1634.8815918,1875.05615234,-240.1745605399999,0.20059882355774283
2016_2017,2016-11-26,Chelsea,Tottenham,1840.93408203,1808.88781738,32.04626465000001,0.545987940532802
2016_2017,2016-11-26,Hull,West Brom,1565.91113281,1664.72912598,-98.81799316999991,0.36150404829735383
2016_2017,2016-11-26,Leicester,Middlesbrough,1769.76989746,1604.07995605,165.68994141000007,0.7218763315315211
2016_2017,2016-11-26,Liverpool,Sunderland,1836.8614502,1617.63317871,219.22827149,0.7793666579223104
2016_2017,2016-11-26,Swansea,Crystal Palace,1638.63378906,1620.11682129,18.516967770000065,0.5266228562977476
2016_2017,2016-11-27,Arsenal,Bournemouth,1864.49853516,1628.3482666,236.1502685600001,0.7956605746530384
2016_2017,2016-11-27,Man United,West Ham,1778.11987305,1653.56262207,124.55725097999994,0.6719480769654496
2016_2017,2016-11-27,Southampton,Everton,1744.82983398,1704.95422363,39.875610350000215,0.5571349673598458
2016_2017,2016-11-27,Watford,Stoke,1652.95239258,1660.69274902,-7.7403564400001414,0.48886257421799484
2016_2017,2016-12-03,Crystal Palace,Southampton,1613.89135742,1750.58300781,-136.69165038999995,0.3128432015123132
2016_2017,2016-12-03,Man City,Chelsea,1878.77758789,1846.79199219,31.985595699999976,0.5459013681071913
2016_2017,2016-12-03,Stoke,Burnley,1669.84057617,1631.16015625,38.68041992000008,0.5554367485381186
2016_2017,2016-12-03,Sunderland,Leicester,1614.30529785,1764.17468262,-149.86938477000012,0.29677188900668466
2016_2017,2016-12-03,Tottenham,Swansea,1803.0300293,1644.85913086,158.17089843999997,0.7131034661621671
2016_2017,2016-12-03,West Brom,Watford,1663.44445801,1643.80456543,19.63989258000015,0.5282340105415596
2016_2017,2016-12-03,West Ham,Arsenal,1658.28771973,1867.52075195,-209.23303222000004,0.23068592507502386
2016_2017,2016-12-04,Bournemouth,Liverpool,1625.3260498,1840.18933105,-214.86328125,0.22498433384896285
2016_2017,2016-12-04,Everton,Man United,1699.2010498,1773.39489746,-74.19384766000007,0.39482044216992396
2016_2017,2016-12-05,Middlesbrough,Hull,1609.6751709,1567.19580078,42.47937012000011,0.5608299171324473
2016_2017,2016-12-10,Arsenal,Stoke,1883.3416748,1676.18933105,207.15234375,0.7671815923754683
2016_2017,2016-12-10,Burnley,Bournemouth,1620.92285156,1635.13452148,-14.211669920000077,0.47955916203652543
2016_2017,2016-12-10,Hull,Crystal Palace,1559.52575684,1629.85058594,-70.32482909999999,0.4001542939676287
2016_2017,2016-12-10,Leicester,Man City,1737.9309082,1854.52539062,-116.59448242000008,0.33823450644751707
2016_2017,2016-12-10,Swansea,Sunderland,1635.44116211,1622.82226562,12.618896489999997,0.5181520707766565
2016_2017,2016-12-10,Watford,Everton,1633.03173828,1697.73498535,-64.70324707000009,0.40794629075091154
2016_2017,2016-12-11,Chelsea,West Brom,1859.21838379,1670.32873535,188.88964843999997,0.747879782999875
2016_2017,2016-12-11,Liverpool,West Ham,1826.49230957,1647.96166992,178.53063965,0.7364707152630598
2016_2017,2016-12-11,Man United,Tottenham,1777.77929688,1813.92724609,-36.14794920999998,0.44816581561109714
2016_2017,2016-12-11,Southampton,Middlesbrough,1724.79382324,1613.45666504,111.33715819999998,0.6549587320266544
2016_2017,2016-12-13,Bournemouth,Leicester,1628.31677246,1751.34362793,-123.02685546999987,0.3299968049617491
2016_2017,2016-12-13,Everton,Arsenal,1689.67504883,1886.82299805,-197.1479492200001,0.24326259205816333
2016_2017,2016-12-14,Crystal Palace,Man United,1629.53540039,1785.01574707,-155.48034668000014,0.29007561761406525
2016_2017,2016-12-14,Man City,Watford,1841.1126709,1641.09155273,200.0211181699999,0.7597691155681987
2016_2017,2016-12-14,Middlesbrough,Liverpool,1609.35424805,1820.41601562,-211.06176757000003,0.22882298958904967
2016_2017,2016-12-14,Stoke,Southampton,1672.70800781,1728.89624023,-56.18823242000008,0.4198362916628323
2016_2017,2016-12-14,Sunderland,Chelsea,1612.10803223,1861.85986328,-249.75183104999996,0.19190376871063322
2016_2017,2016-12-14,Tottenham,Hull,1806.6907959,1559.84094238,246.84985352000012,0.8054923140975259
2016_2017,2016-12-14,West Brom,Swansea,1667.68725586,1646.15539551,21.531860349999988,0.5309472280080747
2016_2017,2016-12-14,West Ham,Burnley,1654.0378418,1627.74060059,26.29724121000004,0.5377726677469004
2016_2017,2016-12-17,Crystal Palace,Chelsea,1623.70239258,1865.65185547,-241.94946289000018,0.19896542161305525
2016_2017,2016-12-17,Middlesbrough,Swansea,1601.29260254,1637.92687988,-36.634277339999926,0.4474735558069809
2016_2017,2016-12-17,Stoke,Leicester,1672.30358887,1741.98376465,-69.6801757799999,0.4010453590033436
2016_2017,2016-12-17,Sunderland,Watford,1608.31591797,1637.73291016,-29.416992189999974,0.4577664186967188
2016_2017,2016-12-17,West Brom,Man United,1675.91589355,1790.84887695,-114.93298340000001,0.34037861591431123
2016_2017,2016-12-17,West Ham,Hull,1659.71154785,1556.53283691,103.17871093999997,0.6442696625339333
2016_2017,2016-12-18,Bournemouth,Southampton,1637.67663574,1729.30065918,-91.62402343999997,0.37111643444097747
2016_2017,2016-12-18,Man City,Arsenal,1844.47143555,1875.61328125,-31.141845699999976,0.45530291845230986
2016_2017,2016-12-18,Tottenham,Burnley,1809.99890137,1622.06689453,187.9320068400002,0.7468389263503457
2016_2017,2016-12-19,Everton,Liverpool,1700.88476562,1828.4777832,-127.59301757999992,0.3242114180656485
2016_2017,2016-12-26,Arsenal,West Brom,1868.72814941,1666.05725098,202.67089843000008,0.7625421177999342
2016_2017,2016-12-26,Burnley,Middlesbrough,1619.35827637,1613.85546875,5.502807620000112,0.5079185146293325
2016_2017,2016-12-26,Chelsea,Bournemouth,1869.51721191,1627.21484375,242.30236816000001,0.8013581549454573
2016_2017,2016-12-26,Hull,Man City,1552.46508789,1851.35656738,-298.89147948999994,0.15179934711907012
2016_2017,2016-12-26,Leicester,Everton,1741.95007324,1694.61279297,47.33728026999984,0.5677053920985586
2016_2017,2016-12-26,Man United,Sunderland,1800.70751953,1615.23059082,185.4769287099998,0.7441575652356797
2016_2017,2016-12-26,Swansea,West Ham,1625.3638916,1663.77929688,-38.41540527999996,0.44493998161287285
2016_2017,2016-12-26,Watford,Crystal Palace,1630.8182373,1619.83703613,10.981201170000077,0.5157979586276418
2016_2017,2016-12-27,Liverpool,Stoke,1834.74987793,1672.33728027,162.41259765999985,0.71807279810343
2016_2017,2016-12-28,Southampton,Tottenham,1739.7623291,1812.70751953,-72.94519042999991,0.39653917906489616
2016_2017,2016-12-30,Hull,Everton,1547.45092773,1710.22485352,-162.7739257899998,0.2815063145925084
2016_2017,2016-12-31,Burnley,Sunderland,1625.82214355,1611.32897949,14.493164060000026,0.5208452500587489
2016_2017,2016-12-31,Chelsea,Stoke,1872.87963867,1667.08239746,205.79724121000004,0.7657853936764076
2016_2017,2016-12-31,Leicester,West Ham,1726.33789062,1678.52441406,47.813476560000026,0.5683780026494285
2016_2017,2016-12-31,Liverpool,Man City,1840.00476074,1856.37072754,-16.365966800000024,0.4764648851696294
2016_2017,2016-12-31,Man United,Middlesbrough,1804.60913086,1607.39160156,197.21752930000002,0.7568111332321109
2016_2017,2016-12-31,Southampton,West Brom,1726.2109375,1663.57434082,62.63659667999991,0.5891772544971883
2016_2017,2016-12-31,Swansea,Bournemouth,1610.61877441,1623.85241699,-13.233642579999923,0.480964462170488
2016_2017,2017-01-01,Arsenal,Crystal Palace,1871.21105957,1621.96948242,249.24157715,0.8076403187900951
2016_2017,2017-01-01,Watford,Tottenham,1628.68566895,1826.25891113,-197.57324217999985,0.24281219938012147
2016_2017,2017-01-02,Everton,Southampton,1707.39562988,1714.78442383,-7.388793950000036,0.4893682735052334
2016_2017,2017-01-02,Man City,Burnley,1849.75500488,1636.4921875,213.2628173799999,0.7734051576191381
2016_2017,2017-01-02,Middlesbrough,Leicester,1604.70544434,1731.60107422,-126.89562988000012,0.3250916054562985
2016_2017,2017-01-02,Sunderland,Liverpool,1600.65893555,1846.6204834,-245.96154785,0.1953100921628377
2016_2017,2017-01-02,West Brom,Hull,1675.00097656,1550.28015137,124.72082518999991,0.6721556058205284
2016_2017,2017-01-02,West Ham,Man United,1673.26123047,1807.29528809,-134.03405761999988,0.3161412987500613
2016_2017,2017-01-03,Bournemouth,Arsenal,1639.60888672,1873.91320801,-234.30432128999996,0.206072500829187
2016_2017,2017-01-03,Crystal Palace,Swansea,1619.26733398,1594.86242676,24.40490722000004,0.5350638344925653
2016_2017,2017-01-03,Stoke,Watford,1663.59326172,1620.61218262,42.98107909999999,0.5615411222936335
2016_2017,2017-01-04,Tottenham,Chelsea,1834.33251953,1876.36877441,-42.036254880000115,0.4397984355318242
2016_2017,2017-01-14,Burnley,Southampton,1634.08544922,1703.15942383,-69.07397460999982,0.40188387132352654
2016_2017,2017-01-14,Hull,Bournemouth,1544.76123047,1644.21655273,-99.45532226,0.36065765999477983
2016_2017,2017-01-14,Leicester,Chelsea,1729.7154541,1865.81921387,-136.10375977000012,0.3135711649031425
2016_2017,2017-01-14,Sunderland,Stoke,1605.53979492,1671.27966309,-65.73986816999991,0.406505834567161
2016_2017,2017-01-14,Swansea,Arsenal,1605.08215332,1869.30554199,-264.22338866999985,0.17931547557726388
2016_2017,2017-01-14,Tottenham,West Brom,1844.88208008,1680.51977539,164.36230468999997,0.7203393429524136
2016_2017,2017-01-14,Watford,Middlesbrough,1612.92578125,1606.59106445,6.334716800000024,0.5091153802290848
2016_2017,2017-01-14,West Ham,Crystal Palace,1664.56420898,1609.04760742,55.516601560000026,0.5792217082202707
2016_2017,2017-01-15,Everton,Man City,1719.02050781,1852.16174316,-133.14123535,0.3172534860770319
2016_2017,2017-01-15,Man United,Liverpool,1815.99230957,1841.73950195,-25.747192379999888,0.463014491991577
2016_2017,2017-01-21,Bournemouth,Watford,1631.46826172,1610.98901367,20.479248050000024,0.5294379219342842
2016_2017,2017-01-21,Crystal Palace,Everton,1600.11071777,1738.72241211,-138.61169433999999,0.3104721140222807
2016_2017,2017-01-21,Liverpool,Swansea,1842.83557129,1598.42236328,244.41320801000006,0.8032853055997783
2016_2017,2017-01-21,Man City,Tottenham,1832.45983887,1851.0546875,-18.594848629999888,0.4732653832284449
2016_2017,2017-01-21,Middlesbrough,West Ham,1608.52783203,1673.50109863,-64.97326659999999,0.40757092664097844
2016_2017,2017-01-21,Stoke,Man United,1682.37683105,1814.8963623,-132.51953125,0.3180291774972717
2016_2017,2017-01-21,West Brom,Sunderland,1674.34729004,1594.44250488,79.90478516000007,0.6130068025802843
2016_2017,2017-01-22,Arsenal,Burnley,1875.96533203,1642.41967773,233.5456542999998,0.7932120728375149
2016_2017,2017-01-22,Chelsea,Hull,1876.32922363,1557.50952148,318.8197021499998,0.8623887808087796
2016_2017,2017-01-22,Southampton,Leicester,1694.82519531,1719.20544434,-24.38024902999996,0.4649714771548878
2016_2017,2017-01-31,Arsenal,Watford,1878.03527832,1613.42114258,264.61413574000017,0.8210152989881861
2016_2017,2017-01-31,Bournemouth,Crystal Palace,1629.03613281,1594.03747559,34.99865722000004,0.5501974403155959
2016_2017,2017-01-31,Burnley,Leicester,1640.34973145,1707.16723633,-66.81750487999989,0.40501008766802754
2016_2017,2017-01-31,Liverpool,Chelsea,1827.9152832,1878.15698242,-50.2416992200001,0.428196188886852
2016_2017,2017-01-31,Middlesbrough,West Brom,1596.94787598,1680.8684082,-83.92053222000004,0.3815238142955276
2016_2017,2017-01-31,Sunderland,Tottenham,1587.92138672,1852.40368652,-264.48229979999996,0.1790962491878602
2016_2017,2017-01-31,Swansea,Southampton,1613.34265137,1706.86328125,-93.52062987999989,0.36857195838129025
2016_2017,2017-02-01,Man United,Hull,1812.9979248,1555.6817627,257.31616209999993,0.8147584285309307
2016_2017,2017-02-01,Stoke,Everton,1684.27526855,1744.7956543,-60.52038575000006,0.4137745104975582
2016_2017,2017-02-01,West Ham,Man City,1685.08117676,1831.11083984,-146.02966307999986,0.30140541828045614
2016_2017,2017-02-04,Chelsea,Arsenal,1878.6940918,1862.84655762,15.847534179999911,0.5227906316084748
2016_2017,2017-02-04,Crystal Palace,Sunderland,1609.3626709,1593.02233887,16.3403320299999,0.523498305039883
2016_2017,2017-02-04,Everton,Bournemouth,1745.0065918,1613.71081543,131.2957763700001,0.6804410101186544
2016_2017,2017-02-04,Hull,Liverpool,1563.01513672,1827.37805176,-264.36291503999996,0.17919730914032087
2016_2017,2017-02-04,Southampton,West Ham,1698.14025879,1673.33374023,24.80651855999986,0.5356389104279914
2016_2017,2017-02-04,Tottenham,Middlesbrough,1847.30273438,1597.37927246,249.9234619199999,0.8082493983838805
2016_2017,2017-02-04,Watford,Burnley,1628.60986328,1648.3963623,-19.786499020000065,0.4715556836052526
2016_2017,2017-02-04,West Brom,Stoke,1680.43701172,1684.06433105,-3.627319329999864,0.4947800575195056
2016_2017,2017-02-05,Leicester,Man United,1699.12072754,1805.66455078,-106.54382323999994,0.3513032481194052
2016_2017,2017-02-05,Man City,Swansea,1842.85827637,1622.06567383,220.7926025400002,0.7809112123565023
2016_2017,2017-02-11,Arsenal,Hull,1854.47644043,1581.24572754,273.23071288999995,0.8281884397038669
2016_2017,2017-02-11,Liverpool,Tottenham,1809.14758301,1849.27038574,-40.122802729999876,0.44251396790682385
2016_2017,2017-02-11,Man United,Watford,1818.06860352,1635.50769043,182.56091308999999,0.7409486639270886
2016_2017,2017-02-11,Middlesbrough,Everton,1595.41149902,1751.09399414,-155.68249511999988,0.28983604162834953
2016_2017,2017-02-11,Stoke,Crystal Palace,1677.52355957,1589.03234863,88.4912109400002,0.6246649560180303
2016_2017,2017-02-11,Sunderland,Southampton,1613.3527832,1683.32666016,-69.9738769600001,0.4006393122306667
2016_2017,2017-02-11,West Ham,West Brom,1688.14746094,1686.97790527,1.1695556699999088,0.5016831195494771
2016_2017,2017-02-12,Burnley,Chelsea,1641.49841309,1887.06420898,-245.56579589000012,0.19566838108629728
2016_2017,2017-02-12,Swansea,Leicester,1619.9329834,1686.7166748,-66.78369139999995,0.40505699373707543
2016_2017,2017-02-13,Bournemouth,Man City,1607.62341309,1844.9909668,-237.36755371000004,0.20320251183639892
2016_2017,2017-02-25,Chelsea,Swansea,1878.60717773,1627.4017334,251.2054443300001,0.8093905178621942
2016_2017,2017-02-25,Crystal Palace,Middlesbrough,1580.98376465,1594.0970459,-13.11328125,0.48113742726505593
2016_2017,2017-02-25,Everton,Sunderland,1744.91369629,1593.52734375,151.38635253999996,0.7050473017352218
2016_2017,2017-02-25,Hull,Burnley,1575.1842041,1642.4609375,-67.27673340000001,0.4043732178058795
2016_2017,2017-02-25,Watford,West Ham,1627.9354248,1682.39575195,-54.46032715000001,0.42226094137529885
2016_2017,2017-02-25,West Brom,Bournemouth,1685.23498535,1598.43066406,86.80432128999996,0.6223854997190805
2016_2017,2017-02-26,Tottenham,Stoke,1813.44238281,1678.07739258,135.3649902300001,0.6855127409300383
2016_2017,2017-02-27,Leicester,Liverpool,1671.34521484,1815.43518066,-144.0899658200001,0.3037616906927588
2016_2017,2017-03-04,Leicester,Hull,1685.53710938,1575.27856445,110.25854492999997,0.6535542276720321
2016_2017,2017-03-04,Liverpool,Arsenal,1801.24328613,1844.29833984,-43.05505371000004,0.4383540351920717
2016_2017,2017-03-04,Man United,Bournemouth,1830.49230957,1594.01977539,236.47253418000014,0.7959620219669673
2016_2017,2017-03-04,Stoke,Middlesbrough,1671.0826416,1587.19580078,83.88684082000009,0.6184304211365662
2016_2017,2017-03-04,Swansea,Burnley,1624.7532959,1642.36645508,-17.61315917999991,0.47467431798651477
2016_2017,2017-03-04,Watford,Southampton,1627.66088867,1695.65734863,-67.99645995999981,0.4033757309565514
2016_2017,2017-03-04,West Brom,Crystal Palace,1689.64587402,1587.88500977,101.76086425000017,0.6423968995127757
2016_2017,2017-03-05,Sunderland,Man City,1588.98742676,1853.88171387,-264.89428711000005,0.17874784154876738
2016_2017,2017-03-05,Tottenham,Everton,1820.43713379,1749.45361328,70.98352051000006,0.6007554932385926
2016_2017,2017-03-06,West Ham,Chelsea,1682.67016602,1881.25561523,-198.5854492100002,0.24174253483824687
2016_2017,2017-03-08,Man City,Stoke,1857.83557129,1676.57629395,181.25927733999993,0.7395078700210727
2016_2017,2017-03-11,Bournemouth,West Ham,1600.5859375,1677.39477539,-76.80883788999995,0.3912294505179416
2016_2017,2017-03-11,Everton,West Brom,1744.33361816,1671.53796387,72.7956542899999,0.6032548169136415
2016_2017,2017-03-11,Hull,Swansea,1569.16418457,1631.04833984,-61.88415526999984,0.411871553387715
2016_2017,2017-03-12,Liverpool,Burnley,1810.86474609,1635.10876465,175.7559814399999,0.7333591156586095
2016_2017,2017-03-18,Bournemouth,Swansea,1611.15991211,1625.74853516,-14.588623050000024,0.4790176137597809
2016_2017,2017-03-18,Crystal Palace,Watford,1607.59082031,1621.69689941,-14.106079099999988,0.4797108673536329
2016_2017,2017-03-18,Everton,Hull,1755.01208496,1579.58508301,175.42700194999998,0.7329886399012543
2016_2017,2017-03-18,Stoke,Chelsea,1685.81750488,1888.12890625,-202.3114013700001,0.23783280109964927
2016_2017,2017-03-18,Sunderland,Burnley,1586.12072754,1634.91516113,-48.794433589999926,0.43023722717298546
2016_2017,2017-03-18,West Brom,Arsenal,1665.98046875,1833.19213867,-167.21166992000008,0.27636838369636174
2016_2017,2017-03-18,West Ham,Leicester,1671.94177246,1712.40979004,-40.46801757999992,0.44202378700292944
2016_2017,2017-03-19,Man City,Liverpool,1838.86987305,1816.17932129,22.690551760000062,0.5326079819927114
2016_2017,2017-03-19,Middlesbrough,Man United,1582.78930664,1831.77624512,-248.98693848000016,0.19258750963289198
2016_2017,2017-03-19,Tottenham,Southampton,1827.1550293,1705.77966309,121.37536621000004,0.6678978792486456
2016_2017,2017-04-01,Burnley,Tottenham,1635.4921875,1830.85766602,-195.3654785199999,0.2451564194188556
2016_2017,2017-04-01,Chelsea,Crystal Palace,1892.8963623,1614.19750977,278.69885253000007,0.832621237432291
2016_2017,2017-04-01,Hull,West Ham,1573.98913574,1663.35803223,-89.36889649,0.37415122166018167
2016_2017,2017-04-01,Leicester,Stoke,1720.99353027,1681.0501709,39.94335937000005,0.5572311907912608
2016_2017,2017-04-01,Liverpool,Everton,1818.79626465,1760.60803223,58.18823242000008,0.5829653384871717
2016_2017,2017-04-01,Man United,West Brom,1837.49182129,1680.71923828,156.77258301000006,0.7114538536140546
2016_2017,2017-04-01,Southampton,Bournemouth,1702.07702637,1620.27209473,81.80493164000018,0.6155984181894598
2016_2017,2017-04-01,Watford,Sunderland,1615.09020996,1585.54382324,29.5463867200001,0.5424184605970978
2016_2017,2017-04-02,Arsenal,Man City,1818.45336914,1836.25292969,-17.799560550000024,0.474406760367776
2016_2017,2017-04-02,Swansea,Middlesbrough,1616.63623047,1577.07373047,39.5625,0.5566902034519758
2016_2017,2017-04-04,Burnley,Stoke,1628.44152832,1673.51281738,-45.0712890599998,0.4354986212127368
2016_2017,2017-04-04,Leicester,Sunderland,1728.53088379,1579.9934082,148.53747558999999,0.701625513739816
2016_2017,2017-04-04,Man United,Everton,1831.74768066,1753.73706055,78.01062010999999,0.6104169604164896
2016_2017,2017-04-04,Watford,West Brom,1620.640625,1686.46337891,-65.82275391000007,0.40639072819333744
2016_2017,2017-04-05,Arsenal,West Ham,1816.92492676,1654.8145752,162.11035156000003,0.7177204381368875
2016_2017,2017-04-05,Chelsea,Man City,1877.43273926,1837.78137207,39.651367189999974,0.5568164459119592
2016_2017,2017-04-05,Hull,Middlesbrough,1582.5324707,1580.16113281,2.3713378899999498,0.5034125765569705
2016_2017,2017-04-05,Liverpool,Bournemouth,1825.66723633,1624.39440918,201.27282715,0.7610817854993692
2016_2017,2017-04-05,Southampton,Crystal Palace,1697.95471191,1629.66101074,68.29370117000008,0.5970359904965004
2016_2017,2017-04-05,Swansea,Tottenham,1613.5489502,1837.9083252,-224.359375,0.2155962582191545
2016_2017,2017-04-08,Bournemouth,Chelsea,1631.02856445,1882.59521484,-251.56665038999995,0.1902889040101174
2016_2017,2017-04-08,Man City,Hull,1832.61901855,1591.38696289,241.23205566000001,0.8003755715114655
2016_2017,2017-04-08,Middlesbrough,Burnley,1571.30664062,1635.86218262,-64.55554200000006,0.40815166650086926
2016_2017,2017-04-08,Stoke,Liverpool,1666.09216309,1819.03320312,-152.94104003000007,0.2930950208310804
2016_2017,2017-04-08,Tottenham,Watford,1844.08886719,1631.90734863,212.1815185600001,0.7723124679990533
2016_2017,2017-04-08,West Brom,Southampton,1675.19665527,1704.51025391,-29.31359864000001,0.4579141560754045
2016_2017,2017-04-08,West Ham,Swansea,1650.05053711,1607.36828613,42.68225098000016,0.5611175442264067
2016_2017,2017-04-09,Everton,Leicester,1757.78039551,1733.01196289,24.768432620000112,0.535584378392664
2016_2017,2017-04-09,Sunderland,Man United,1575.51220703,1827.7043457,-252.19213867000008,0.18973474559960937
2016_2017,2017-04-10,Crystal Palace,Arsenal,1623.10546875,1821.68896484,-198.58349608999993,0.24174459573223359
2016_2017,2017-04-15,Crystal Palace,Leicester,1642.01501465,1724.19287109,-82.17785643999991,0.383893712819365
2016_2017,2017-04-15,Everton,Burnley,1765.40686035,1636.28796387,129.11889647999988,0.6777100893702174
2016_2017,2017-04-15,Southampton,Man City,1713.95568848,1835.27941895,-121.3237304700001,0.33216805476099937
2016_2017,2017-04-15,Stoke,Hull,1660.13391113,1588.82019043,71.31372069999998,0.6012113059367478
2016_2017,2017-04-15,Sunderland,West Ham,1568.50366211,1655.14257812,-86.63891601,0.3778383021828703
2016_2017,2017-04-15,Tottenham,Bournemouth,1848.48828125,1625.66381836,222.82446288999995,0.782905748160969
2016_2017,2017-04-15,Watford,Swansea,1627.6015625,1602.36987305,25.231689449999976,0.5362476185020568
2016_2017,2017-04-16,Man United,Chelsea,1836.24072266,1888.05371094,-51.8129882799999,0.4259830090823634
2016_2017,2017-04-16,West Brom,Liverpool,1665.84484863,1825.08508301,-159.24023438000017,0.28563883396945533
2016_2017,2017-04-17,Middlesbrough,Arsenal,1570.97460938,1802.87329102,-231.89868163999995,0.2083473442275651
2016_2017,2017-04-22,Bournemouth,Middlesbrough,1622.68823242,1567.44702148,55.241210939999974,0.5788352901278927
2016_2017,2017-04-22,Hull,Watford,1583.47387695,1633.84143066,-50.36755371000004,0.4280188141989906
2016_2017,2017-04-22,Swansea,Stoke,1597.99804688,1667.34802246,-69.34997558000009,0.4015020285198839
2016_2017,2017-04-22,West Ham,Everton,1655.94348145,1771.078125,-115.13464354999996,0.3401180292040509
2016_2017,2017-04-23,Burnley,Man United,1632.48449707,1851.9942627,-219.50976562999995,0.22035483170725154
2016_2017,2017-04-23,Liverpool,Crystal Palace,1831.99487305,1642.95361328,189.04125977000012,0.7480443083598516
2016_2017,2017-04-25,Chelsea,Southampton,1878.7265625,1702.73791504,175.98864746000004,0.7336209317369093
2016_2017,2017-04-26,Arsenal,Leicester,1808.26879883,1723.46496582,84.80383300999983,0.6196752610344131
2016_2017,2017-04-26,Crystal Palace,Tottenham,1657.2376709,1853.33178711,-196.09411621000004,0.2443810601989111
2016_2017,2017-04-26,Middlesbrough,Sunderland,1557.72802734,1569.57080078,-11.842773439999974,0.4829634765857237
2016_2017,2017-04-27,Man City,Man United,1848.3651123,1858.93530273,-10.570190430000139,0.48479296469814226
2016_2017,2017-04-29,Crystal Palace,Burnley,1652.03845215,1625.54345703,26.494995120000112,0.5380556221156292
2016_2017,2017-04-29,Southampton,Hull,1699.08618164,1593.58435059,105.50183104999996,0.6473286127277335
2016_2017,2017-04-29,Stoke,West Ham,1656.39648438,1656.93530273,-0.538818350000156,0.49922457868382075
2016_2017,2017-04-29,Sunderland,Bournemouth,1563.19262695,1632.40734863,-69.21472167999991,0.4016891351623191
2016_2017,2017-04-29,West Brom,Leicester,1660.80297852,1719.45898438,-58.65600586000005,0.41638016269177985
2016_2017,2017-04-30,Everton,Chelsea,1770.08630371,1882.3782959,-112.29199218999997,0.3438001938774965
2016_2017,2017-04-30,Man United,Swansea,1861.02075195,1608.94946289,252.07128906000003,0.8101582827325602
2016_2017,2017-04-30,Middlesbrough,Man City,1564.10620117,1846.27966309,-282.1734619199999,0.1646098108227032
2016_2017,2017-04-30,Tottenham,Arsenal,1858.53088379,1812.27478027,46.2561035199999,0.5661773445346092
2016_2017,2017-05-01,Watford,Liverpool,1623.73095703,1817.7109375,-193.9799804700001,0.2466353342243502
2016_2017,2017-05-05,West Ham,Tottenham,1661.0267334,1867.26184082,-206.23510742000008,0.23376282621548244
2016_2017,2017-05-06,Bournemouth,Stoke,1642.45471191,1655.81604004,-13.361328129999947,0.48078097680316106
2016_2017,2017-05-06,Burnley,West Brom,1643.13952637,1653.87536621,-10.735839839999926,0.48455480001917645
2016_2017,2017-05-06,Hull,Sunderland,1600.29382324,1556.65612793,43.637695310000026,0.5624715362226579
2016_2017,2017-05-06,Leicester,Watford,1729.89758301,1620.39807129,109.4995117200001,0.652564252830235
2016_2017,2017-05-06,Man City,Crystal Palace,1842.8013916,1637.95349121,204.84790038999995,0.7648038060277673
2016_2017,2017-05-06,Swansea,Everton,1618.13293457,1759.46777344,-141.33483886999988,0.3071262861902219
2016_2017,2017-05-07,Arsenal,Man United,1807.05480957,1860.77294922,-53.71813965000001,0.42330356024229443
2016_2017,2017-05-07,Liverpool,Southampton,1824.55480957,1695.88769531,128.66711426000006,0.6771417915229527
2016_2017,2017-05-08,Chelsea,Middlesbrough,1896.5078125,1571.09545898,325.4123535199999,0.8668308904825922
2016_2017,2017-05-10,Southampton,Arsenal,1701.26831055,1817.38427734,-116.1159667899999,0.33885133879687807
2016_2017,2017-05-12,Everton,Watford,1750.02722168,1614.03222656,135.99499511999988,0.686294054994099
2016_2017,2017-05-12,West Brom,Chelsea,1655.94921875,1898.68859863,-242.7393798799999,0.19824170056901064
2016_2017,2017-05-13,Bournemouth,Burnley,1640.65454102,1641.26660156,-0.6120605400001295,0.49911917498905517
2016_2017,2017-05-13,Man City,Leicester,1847.88415527,1736.46447754,111.4196777300001,0.6550660729794759
2016_2017,2017-05-13,Middlesbrough,Southampton,1569.11560059,1691.39526367,-122.27966308000009,0.3309484867422893
2016_2017,2017-05-13,Stoke,Arsenal,1657.81713867,1827.45837402,-169.64123535,0.2735801643731857
2016_2017,2017-05-13,Sunderland,Swansea,1572.75854492,1627.77441406,-55.01586913999995,0.4214809731624016
2016_2017,2017-05-14,Crystal Palace,Hull,1633.07165527,1584.39245605,48.6791992200001,0.5696001581026998
2016_2017,2017-05-14,Tottenham,Man United,1856.14367676,1850.85412598,5.289550780000127,0.5076116873966444
2016_2017,2017-05-14,West Ham,Liverpool,1672.34570312,1819.27453613,-146.92883300999983,0.3003166722731764
2016_2017,2017-05-15,Chelsea,Watford,1902.81835938,1610.79003906,292.0283203199999,0.8430435372552672
2016_2017,2017-05-16,Arsenal,Sunderland,1837.19274902,1560.64562988,276.5471191400002,0.8308879148523146
2016_2017,2017-05-16,Man City,West Brom,1851.5736084,1651.81945801,199.75415038999995,0.7594885086673037
2016_2017,2017-05-17,Southampton,Man United,1698.48193359,1844.77148438,-146.28955079000002,0.3010905067117284
2016_2017,2017-05-18,Leicester,Tottenham,1732.77502441,1862.22631836,-129.45129395000004,0.3218721223189289
2016_2017,2017-05-21,Arsenal,Everton,1839.3560791,1753.26940918,86.08666992000008,0.62141410361539
2016_2017,2017-05-21,Burnley,West Ham,1635.2310791,1660.15148926,-24.920410160000074,0.4641980229149116
2016_2017,2017-05-21,Chelsea,Sunderland,1904.23449707,1558.4822998,345.7521972700001,0.8797758919065939
2016_2017,2017-05-21,Hull,Tottenham,1574.22094727,1877.10009766,-302.8791503900002,0.14886732582897888
2016_2017,2017-05-21,Leicester,Bournemouth,1717.90112305,1646.69018555,71.2109375,0.6010694414133116
2016_2017,2017-05-21,Liverpool,Middlesbrough,1831.46887207,1562.02893066,269.4399414100001,0.8250611443503392
2016_2017,2017-05-21,Man United,Crystal Palace,1842.81713867,1643.24316406,199.57397461000005,0.7592990013396977
2016_2017,2017-05-21,Southampton,Stoke,1700.4362793,1648.0826416,52.353637700000036,0.5747778217107199
2016_2017,2017-05-21,Swansea,West Brom,1639.8873291,1648.453125,-8.565795900000012,0.48767532581006595
2016_2017,2017-05-21,Watford,Man City,1609.37390137,1854.93994141,-245.56604003999996,0.19566815989500128
2017_2018,2017-08-11,Arsenal,Leicester,1848.28649902,1716.99487305,131.29162597000004,0.680435815076878
2017_2018,2017-08-12,Brighton,Man City,1583.79980469,1866.80700684,-283.00720215,0.16395089156492654
2017_2018,2017-08-12,Chelsea,Burnley,1909.3996582,1628.98840332,280.4112548799999,0.8339904920687634
2017_2018,2017-08-12,Crystal Palace,Huddersfield,1642.86242676,1475.79931641,167.06311035,0.7234605575666347
2017_2018,2017-08-12,Everton,Stoke,1751.50134277,1662.61376953,88.88757324000017,0.6251997550258869
2017_2018,2017-08-12,Southampton,Swansea,1692.06628418,1649.37011719,42.69616698999994,0.5611372716500553
2017_2018,2017-08-12,Watford,Liverpool,1603.66809082,1837.41552734,-233.74743651999984,0.20659746656052538
2017_2018,2017-08-12,West Brom,Bournemouth,1645.13134766,1653.75756836,-8.626220699999976,0.48758842074118103
2017_2018,2017-08-13,Man United,West Ham,1857.80200195,1672.55529785,185.2467041,0.7439051675253238
2017_2018,2017-08-13,Newcastle,Tottenham,1623.17907715,1887.51184082,-264.3327636700001,0.1792228395147457
2017_2018,2017-08-19,Bournemouth,Watford,1651.28466797,1611.68066406,39.604003910000074,0.5567491637585831
2017_2018,2017-08-19,Burnley,West Brom,1648.39099121,1655.17468262,-6.783691410000074,0.4902387236913532
2017_2018,2017-08-19,Leicester,Brighton,1717.46289062,1582.86523438,134.5976562400001,0.6845596945529315
2017_2018,2017-08-19,Liverpool,Crystal Palace,1844.75695801,1622.65844727,222.09851074000017,0.782194641723163
2017_2018,2017-08-19,Southampton,West Ham,1692.53527832,1671.01965332,21.515625,0.5309239529017635
2017_2018,2017-08-19,Stoke,Arsenal,1662.23205566,1855.38903809,-193.15698242999997,0.247516658713157
2017_2018,2017-08-19,Swansea,Man United,1656.47155762,1866.90808105,-210.43652342999985,0.2294587341809539
2017_2018,2017-08-20,Huddersfield,Newcastle,1503.57373047,1621.89611816,-118.32238768999991,0.33601172965049675
2017_2018,2017-08-20,Tottenham,Chelsea,1896.36523438,1897.56750488,-1.2022704999999405,0.4982698005741561
2017_2018,2017-08-21,Man City,Everton,1875.31213379,1762.9395752,112.37255858999993,0.6563044274925174
2017_2018,2017-08-26,Bournemouth,Man City,1637.58068848,1872.29858398,-234.71789550000017,0.20568327107513434
2017_2018,2017-08-26,Crystal Palace,Swansea,1622.42285156,1648.74316406,-26.3203125,0.46219431965200397
2017_2018,2017-08-26,Huddersfield,Southampton,1514.66381836,1700.11328125,-185.44946288999995,0.25587253726064046
2017_2018,2017-08-26,Man United,Leicester,1878.34301758,1724.15344238,154.18957520000004,0.7083918688648578
2017_2018,2017-08-26,Newcastle,West Ham,1614.51269531,1667.14819336,-52.635498050000024,0.4248256695078698
2017_2018,2017-08-26,Watford,Brighton,1629.09118652,1579.88122559,49.20996093000008,0.5703490252966095
2017_2018,2017-08-27,Chelsea,Everton,1909.0279541,1770.53967285,138.48828125,0.6893757787614544
2017_2018,2017-08-27,Liverpool,Arsenal,1853.34472656,1846.18505859,7.1596679700001005,0.510302132215756
2017_2018,2017-08-27,Tottenham,Burnley,1888.61120605,1640.47839355,248.1328125,0.8066467928249433
2017_2018,2017-08-27,West Brom,Stoke,1666.79394531,1675.14245605,-8.348510739999938,0.48798783907578835
2017_2018,2017-09-09,Arsenal,Bournemouth,1834.60693359,1633.59631348,201.01062011,0.760807216355807
2017_2018,2017-09-09,Brighton,West Brom,1583.24194336,1664.93103027,-81.68908691000001,0.38455939674680334
2017_2018,2017-09-09,Everton,Tottenham,1765.89831543,1881.32067871,-115.42236328000013,0.3397464031353472
2017_2018,2017-09-09,Leicester,Chelsea,1719.74377441,1913.66943359,-193.9256591799999,0.246693440189707
2017_2018,2017-09-09,Man City,Liverpool,1876.28283691,1864.92285156,11.359985349999988,0.516342509719178
2017_2018,2017-09-09,Southampton,Watford,1696.96643066,1625.73046875,71.23596191000001,0.6011039824346104
2017_2018,2017-09-09,Stoke,Man United,1677.00537109,1882.75256348,-205.74719239,0.23426628410348335
2017_2018,2017-09-10,Burnley,Crystal Palace,1647.7689209,1609.44763184,38.321289060000026,0.5549262127234331
2017_2018,2017-09-10,Swansea,Newcastle,1661.71838379,1627.33105469,34.38732909999999,0.5493263827949069
2017_2018,2017-09-11,West Ham,Huddersfield,1654.32995605,1517.81066895,136.51928709999993,0.6869434627268671
2017_2018,2017-09-15,Bournemouth,Brighton,1631.95153809,1597.34692383,34.60461426000006,0.5496360188356016
2017_2018,2017-09-16,Crystal Palace,Southampton,1606.328125,1682.35705566,-76.02893066000001,0.39229923234779096
2017_2018,2017-09-16,Huddersfield,Leicester,1515.37243652,1717.0234375,-201.65100097999994,0.2385225921480871
2017_2018,2017-09-16,Liverpool,Burnley,1850.93786621,1655.42419434,195.51367187000005,0.7550014108213143
2017_2018,2017-09-16,Newcastle,Stoke,1640.66308594,1682.85095215,-42.18786621000004,0.4395834236266659
2017_2018,2017-09-16,Tottenham,Swansea,1902.21179199,1652.92211914,249.28967285,0.8076833275574693
2017_2018,2017-09-16,Watford,Man City,1644.87561035,1899.48706055,-254.61145020000004,0.18760296718370922
2017_2018,2017-09-16,West Brom,West Ham,1655.36193848,1661.30395508,-5.942016599999988,0.49144958435789415
2017_2018,2017-09-17,Chelsea,Arsenal,1922.43981934,1843.91369629,78.52612305000002,0.6111224179596773
2017_2018,2017-09-17,Man United,Everton,1884.01403809,1744.37561035,139.63842774,0.6907917499783773
2017_2018,2017-09-23,Burnley,Huddersfield,1661.93066406,1518.88342285,143.04724121000004,0.6949673642083829
2017_2018,2017-09-23,Everton,Bournemouth,1737.57702637,1637.31445312,100.26257325000006,0.640413146532658
2017_2018,2017-09-23,Leicester,Liverpool,1713.51245117,1844.43139648,-130.91894531000003,0.32003085053177416
2017_2018,2017-09-23,Man City,Crystal Palace,1908.66113281,1598.23327637,310.4278564399999,0.8565549438074728
2017_2018,2017-09-23,Southampton,Man United,1690.45202637,1890.81262207,-200.36059569999998,0.23987438679099823
2017_2018,2017-09-23,Stoke,Chelsea,1675.66796875,1918.35241699,-242.68444823999994,0.1982919647001639
2017_2018,2017-09-23,Swansea,Watford,1660.23364258,1635.70153809,24.532104489999938,0.5352459811665508
2017_2018,2017-09-23,West Ham,Tottenham,1663.24499512,1894.90026855,-231.65527342999985,0.20857854591729322
2017_2018,2017-09-24,Brighton,Newcastle,1591.98400879,1647.84606934,-55.862060550000024,0.42029369358125584
2017_2018,2017-09-25,Arsenal,West Brom,1848.00109863,1653.42102051,194.58007811999983,0.7540059606848725
2017_2018,2017-09-30,Bournemouth,Leicester,1642.11474609,1715.84204102,-73.72729492999997,0.39546233533066427
2017_2018,2017-09-30,Chelsea,Man City,1946.88122559,1924.16845703,22.712768560000086,0.5326398184220766
2017_2018,2017-09-30,Huddersfield,Tottenham,1533.14758301,1914.37438965,-381.22680663999995,0.10024386438149231
2017_2018,2017-09-30,Man United,Crystal Palace,1916.453125,1604.11450195,312.33862305,0.8579011137474136
2017_2018,2017-09-30,Stoke,Southampton,1676.45239258,1694.16711426,-17.71472168000014,0.47452853494545294
2017_2018,2017-09-30,West Brom,Watford,1658.54589844,1655.02307129,3.522827150000012,0.5050695820676183
2017_2018,2017-09-30,West Ham,Swansea,1667.86523438,1658.41247559,9.452758789999962,0.5136002578016261
2017_2018,2017-10-01,Arsenal,Brighton,1863.25927734,1608.4855957,254.77368163999995,0.812539322048977
2017_2018,2017-10-01,Everton,Burnley,1742.50146484,1665.16687012,77.33459471999981,0.6094911300058817
2017_2018,2017-10-01,Newcastle,Liverpool,1648.84484863,1856.85229492,-208.0074462900002,0.2319403607271651
2017_2018,2017-10-14,Burnley,West Ham,1676.95959473,1673.8684082,3.091186529999959,0.5044484576364965
2017_2018,2017-10-14,Crystal Palace,Chelsea,1601.38085938,1936.74511719,-335.36425781,0.1266939366847378
2017_2018,2017-10-14,Liverpool,Man United,1852.93933105,1919.18676758,-66.24743652999996,0.4058011178934407
2017_2018,2017-10-14,Man City,Stoke,1934.30456543,1683.28527832,251.01928710999982,0.8092251381749439
2017_2018,2017-10-14,Swansea,Huddersfield,1652.40942383,1529.39343262,123.01599120999981,0.6699893674297833
2017_2018,2017-10-14,Tottenham,Bournemouth,1918.12854004,1642.28857422,275.83996581999986,0.8303151568921102
2017_2018,2017-10-14,Watford,Arsenal,1657.04443359,1865.87731934,-208.83288575000006,0.2310949678887842
2017_2018,2017-10-15,Brighton,Everton,1605.86755371,1730.7088623,-124.84130858999993,0.3276915782490165
2017_2018,2017-10-15,Southampton,Newcastle,1687.33422852,1652.75769043,34.576538089999985,0.5495960118455124
2017_2018,2017-10-16,Leicester,West Brom,1715.66821289,1656.52453613,59.14367676000006,0.5843018624647657
2017_2018,2017-10-20,West Ham,Brighton,1679.11450195,1610.75756836,68.35693358999993,0.5971235587983219
2017_2018,2017-10-21,Chelsea,Watford,1921.11352539,1671.93115234,249.18237305000002,0.8075873664627086
2017_2018,2017-10-21,Huddersfield,Man United,1527.359375,1928.4005127,-401.04113770000004,0.09041499221471858
2017_2018,2017-10-21,Man City,Burnley,1946.69970703,1678.31567383,268.3840332,0.8241820977957782
2017_2018,2017-10-21,Newcastle,Crystal Palace,1658.95898438,1618.96032715,39.998657229999935,0.5573097267489246
2017_2018,2017-10-21,Southampton,West Brom,1687.73510742,1663.36975098,24.36535644000014,0.535007195810069
2017_2018,2017-10-21,Stoke,Bournemouth,1682.40942383,1643.98986816,38.41955566999991,0.5550659188409012
2017_2018,2017-10-21,Swansea,Leicester,1661.0456543,1715.4251709,-54.37951659999999,0.42237442993876945
2017_2018,2017-10-22,Everton,Arsenal,1721.37316895,1861.13305664,-139.7598876899999,0.30905892621151687
2017_2018,2017-10-22,Tottenham,Liverpool,1929.18395996,1861.41162109,67.77233887000011,0.5963137393132292
2017_2018,2017-10-28,Arsenal,Swansea,1871.81762695,1652.68115234,219.13647461000005,0.7792757795183978
2017_2018,2017-10-28,Bournemouth,Chelsea,1654.90319824,1923.7166748,-268.81347656,0.17545997085782514
2017_2018,2017-10-28,Crystal Palace,West Ham,1613.51123047,1658.96679688,-45.45556640999985,0.4349548826471324
2017_2018,2017-10-28,Liverpool,Huddersfield,1853.30004883,1543.08972168,310.21032715,0.8564010191697456
2017_2018,2017-10-28,Man United,Tottenham,1912.67004395,1937.29553223,-24.6254882799999,0.46462029909347946
2017_2018,2017-10-28,Watford,Stoke,1669.32800293,1671.49621582,-2.168212890000177,0.49687973133216773
2017_2018,2017-10-28,West Brom,Man City,1657.45690918,1949.65979004,-292.20288086000005,0.15682354551999086
2017_2018,2017-10-29,Brighton,Southampton,1630.90527344,1693.64794922,-62.74267578000013,0.4106749496273818
2017_2018,2017-10-29,Leicester,Everton,1723.78967285,1710.68859863,13.1010742200001,0.5188450303849687
2017_2018,2017-10-30,Burnley,Newcastle,1675.35559082,1664.40820312,10.947387700000036,0.515749345562199
2017_2018,2017-11-04,Huddersfield,West Brom,1540.88049316,1654.48864746,-113.60815430000002,0.34209296572139747
2017_2018,2017-11-04,Newcastle,Bournemouth,1658.2199707,1651.64807129,6.5718994100000145,0.5094565956975659
2017_2018,2017-11-04,Southampton,Burnley,1693.72680664,1681.71533203,12.01147461000005,0.517279018021276
2017_2018,2017-11-04,Stoke,Leicester,1681.04650879,1732.43786621,-51.39135742000008,0.42657659409333926
2017_2018,2017-11-04,Swansea,Brighton,1650.58422852,1630.99804688,19.58618163999995,0.5281569600831829
2017_2018,2017-11-04,West Ham,Liverpool,1659.70935059,1856.77160645,-197.06225586000005,0.24335341141008832
2017_2018,2017-11-05,Chelsea,Man United,1915.40393066,1922.8692627,-7.465332040000021,0.48925817665838317
2017_2018,2017-11-05,Everton,Watford,1693.88891602,1659.94909668,33.939819339999985,0.5486885516088295
2017_2018,2017-11-05,Man City,Arsenal,1965.66638184,1865.81201172,99.85437011999988,0.6398718450851979
2017_2018,2017-11-05,Tottenham,Crystal Palace,1941.8972168,1612.94018555,328.95703125,0.8691687409829439
2017_2018,2017-11-18,Arsenal,Tottenham,1860.01977539,1943.14880371,-83.12902832000009,0.3825995043100847
2017_2018,2017-11-18,Bournemouth,Huddersfield,1661.12268066,1550.44641113,110.67626953000013,0.654098482268475
2017_2018,2017-11-18,Burnley,Swansea,1691.63964844,1640.5637207,51.07592774,0.5729791957590871
2017_2018,2017-11-18,Crystal Palace,Everton,1611.6887207,1699.57531738,-87.88659667999991,0.37615141650449463
2017_2018,2017-11-18,Leicester,Man City,1732.66845703,1971.45861816,-238.79016113000012,0.20187981264184676
2017_2018,2017-11-18,Liverpool,Southampton,1864.64465332,1683.80236816,180.84228516000007,0.7390452008518698
2017_2018,2017-11-18,Man United,Newcastle,1916.17687988,1648.74523926,267.4316406199998,0.8233862510588601
2017_2018,2017-11-18,West Brom,Chelsea,1644.92285156,1922.09631348,-277.1734619199999,0.16860606643740014
2017_2018,2017-11-19,Watford,West Ham,1654.26281738,1651.83630371,2.4265136699998493,0.5034919771016984
2017_2018,2017-11-20,Brighton,Stoke,1641.01855469,1680.81604004,-39.79748534999999,0.4429759983223776
2017_2018,2017-11-24,West Ham,Leicester,1631.83740234,1716.36010742,-84.52270508000015,0.38070621077553674
2017_2018,2017-11-25,Crystal Palace,Stoke,1601.42431641,1670.44372559,-69.01940917999991,0.4019593758087857
2017_2018,2017-11-25,Liverpool,Chelsea,1858.88842773,1921.39379883,-62.50537109999982,0.4110055992595917
2017_2018,2017-11-25,Man United,Brighton,1895.66467285,1629.3190918,266.34558104999996,0.8224752581896637
2017_2018,2017-11-25,Newcastle,Watford,1634.52539062,1652.18981934,-17.664428719999933,0.4746007250322796
2017_2018,2017-11-25,Swansea,Bournemouth,1621.78833008,1658.19067383,-36.40234375,0.4478036745511465
2017_2018,2017-11-25,Tottenham,West Brom,1926.29541016,1627.45007324,298.84533692000014,0.8481664497274123
2017_2018,2017-11-26,Burnley,Arsenal,1688.34326172,1848.10131836,-159.75805663999995,0.28503098768406904
2017_2018,2017-11-26,Huddersfield,Man City,1531.30664062,1966.21264648,-434.90600586000005,0.07561176804090547
2017_2018,2017-11-26,Southampton,Everton,1667.859375,1667.70800781,0.15136718999997356,0.5002178348832567
2017_2018,2017-11-28,Brighton,Crystal Palace,1627.48620605,1609.66638184,17.81982420999998,0.5256223248908535
2017_2018,2017-11-28,Leicester,Tottenham,1715.7479248,1918.50769043,-202.75976562999995,0.23736526550351233
2017_2018,2017-11-28,Watford,Man United,1668.04968262,1897.49755859,-229.4478759699998,0.21068387028745125
2017_2018,2017-11-28,West Brom,Newcastle,1635.23791504,1618.66552734,16.572387700000036,0.5238315118851106
2017_2018,2017-11-29,Arsenal,Huddersfield,1853.65710449,1530.02258301,323.6345214799999,0.8656450835803313
2017_2018,2017-11-29,Bournemouth,Burnley,1658.96252441,1682.78747559,-23.82495117999997,0.4657667812127289
2017_2018,2017-11-29,Chelsea,Swansea,1921.41589355,1621.01647949,300.39941406,0.8493149302310087
2017_2018,2017-11-29,Everton,West Ham,1656.33642578,1632.44970703,23.88671875,0.5343216916994739
2017_2018,2017-11-29,Man City,Southampton,1967.49658203,1679.23095703,288.265625,0.8401561447823123
2017_2018,2017-11-29,Stoke,Liverpool,1662.20178223,1858.86633301,-196.66455078000013,0.2437752073666325
2017_2018,2017-12-02,Arsenal,Man United,1856.59204102,1903.2166748,-46.62463378000007,0.43330166180702123
2017_2018,2017-12-02,Brighton,Liverpool,1625.31933594,1866.78369141,-241.4643554700001,0.19941085979543968
2017_2018,2017-12-02,Chelsea,Newcastle,1922.91369629,1620.79821777,302.1154785199999,0.8505748088899991
2017_2018,2017-12-02,Everton,Huddersfield,1668.00927734,1527.08752441,140.9217529299999,0.6923674624428139
2017_2018,2017-12-02,Leicester,Burnley,1727.50427246,1691.81176758,35.692504880000115,0.551185703624131
2017_2018,2017-12-02,Stoke,Swansea,1654.28442383,1619.51867676,34.76574706999986,0.5498656117534185
2017_2018,2017-12-02,Watford,Tottenham,1662.33056641,1906.75134277,-244.42077636,0.1967078101318558
2017_2018,2017-12-02,West Brom,Crystal Palace,1633.10510254,1611.83325195,21.271850589999985,0.5305744601585561
2017_2018,2017-12-03,Bournemouth,Southampton,1649.93823242,1677.63366699,-27.69543456999986,0.46022727271880615
2017_2018,2017-12-03,Man City,West Ham,1969.09387207,1620.77685547,348.3170166,0.8813287791117309
2017_2018,2017-12-09,Burnley,Watford,1689.15380859,1670.375,18.778808589999926,0.5269985920571968
2017_2018,2017-12-09,Crystal Palace,Bournemouth,1617.27087402,1652.10571289,-34.834838869999885,0.45003594808042957
2017_2018,2017-12-09,Huddersfield,Brighton,1525.30090332,1620.95739746,-95.65649413999995,0.36571523082297663
2017_2018,2017-12-09,Newcastle,Leicester,1621.87634277,1736.49157715,-114.61523437999995,0.34078940945661107
2017_2018,2017-12-09,Swansea,West Brom,1616.90234375,1633.99694824,-17.094604489999938,0.4754187193203074
2017_2018,2017-12-09,Tottenham,Stoke,1907.37231445,1663.23010254,244.14221191000001,0.803038684178304
2017_2018,2017-12-09,West Ham,Chelsea,1622.88793945,1925.8203125,-302.93237305,0.14882851059555938
2017_2018,2017-12-10,Liverpool,Everton,1883.80725098,1686.53588867,197.27136230999986,0.7568681629203762
2017_2018,2017-12-10,Man United,Man City,1920.68237305,1962.3026123,-41.62023924999994,0.44038853571770165
2017_2018,2017-12-10,Southampton,Arsenal,1681.7956543,1849.77124023,-167.97558593000008,0.2754898071153828
2017_2018,2017-12-12,Burnley,Stoke,1695.21289062,1659.24072266,35.97216795999998,0.5515839204271203
2017_2018,2017-12-12,Crystal Palace,Watford,1616.50500488,1664.31591797,-47.81091309000021,0.431625617489241
2017_2018,2017-12-12,Huddersfield,Chelsea,1538.1796875,1912.10571289,-373.92602538999995,0.10409865646922636
2017_2018,2017-12-13,Liverpool,West Brom,1877.44665527,1627.05578613,250.39086914000018,0.8086660498666711
2017_2018,2017-12-13,Man United,Bournemouth,1912.18713379,1652.87158203,259.31555176000006,0.8164892218571149
2017_2018,2017-12-13,Newcastle,Everton,1615.18664551,1692.89660645,-77.70996093999997,0.38999470054061497
2017_2018,2017-12-13,Southampton,Leicester,1684.70617676,1743.18139648,-58.47521972000004,0.4166330800640462
2017_2018,2017-12-13,Swansea,Man City,1623.84350586,1970.79797363,-346.95446776999984,0.11949401238696973
2017_2018,2017-12-13,Tottenham,Brighton,1911.36169434,1608.07873535,303.28295899,0.8514269627341561
2017_2018,2017-12-13,West Ham,Arsenal,1636.60253906,1846.86071777,-210.25817871000004,0.2296403012369434
2017_2018,2017-12-16,Arsenal,Newcastle,1842.8762207,1607.63623047,235.23999022999988,0.7948073129212195
2017_2018,2017-12-16,Brighton,Burnley,1606.01599121,1700.94689941,-94.93090819999998,0.3666846573759871
2017_2018,2017-12-16,Chelsea,Southampton,1914.79406738,1670.41101074,244.38305663999995,0.8032578777202496
2017_2018,2017-12-16,Leicester,Crystal Palace,1757.47668457,1624.04956055,133.42712402000006,0.683102873015767
2017_2018,2017-12-16,Man City,Tottenham,1975.2253418,1913.42431641,61.80102538999995,0.5880125248054011
2017_2018,2017-12-16,Stoke,West Ham,1653.50671387,1640.58703613,12.919677740000225,0.5185843455925463
2017_2018,2017-12-16,Watford,Huddersfield,1656.7713623,1535.49133301,121.2800292899999,0.6677761377801226
2017_2018,2017-12-17,Bournemouth,Liverpool,1651.03051758,1870.26391602,-219.23339843999997,0.22062826721653672
2017_2018,2017-12-17,West Brom,Man United,1634.23852539,1914.02819824,-279.78967285,0.16650549124089883
2017_2018,2017-12-18,Everton,Swansea,1700.44689941,1619.4161377,81.03076170999998,0.6145433082168439
2017_2018,2017-12-22,Arsenal,Liverpool,1844.9597168,1878.38903809,-33.42932128999996,0.45203925142966744
2017_2018,2017-12-23,Brighton,Watford,1606.984375,1635.17492676,-28.190551760000062,0.45951933105983406
2017_2018,2017-12-23,Burnley,Tottenham,1699.97851562,1904.73693848,-204.75842285999988,0.23528885758829202
2017_2018,2017-12-23,Everton,Chelsea,1707.1237793,1916.81176758,-209.6879882799999,0.23022147025744255
2017_2018,2017-12-23,Leicester,Man United,1735.61108398,1917.30688477,-181.6958007899998,0.26000835972980174
2017_2018,2017-12-23,Man City,Bournemouth,1983.91271973,1642.90539551,341.0073242199999,0.8768568177179078
2017_2018,2017-12-23,Southampton,Huddersfield,1668.39318848,1557.08764648,111.30554199999983,0.6549176016589335
2017_2018,2017-12-23,Stoke,West Brom,1636.61779785,1630.95983887,5.657958979999876,0.5081417377898668
2017_2018,2017-12-23,Swansea,Crystal Palace,1612.73925781,1645.91503906,-33.17578125,0.45240079294431507
2017_2018,2017-12-23,West Ham,Newcastle,1657.47595215,1605.55273438,51.923217770000065,0.5741721403206858
2017_2018,2017-12-26,Bournemouth,West Ham,1640.65197754,1646.39111328,-5.739135739999938,0.491741470883913
2017_2018,2017-12-26,Chelsea,Brighton,1912.7331543,1614.13586426,298.59729003999996,0.8479824766866825
2017_2018,2017-12-26,Huddersfield,Stoke,1561.63659668,1645.7791748,-84.14257812000005,0.3812222518427414
2017_2018,2017-12-26,Liverpool,Swansea,1879.15136719,1611.99072266,267.1606445299999,0.8231592823952568
2017_2018,2017-12-26,Man United,Burnley,1913.92126465,1691.96289062,221.95837402999996,0.7820571774426712
2017_2018,2017-12-26,Tottenham,Southampton,1912.75268555,1663.84436035,248.90832520000004,0.807342112579778
2017_2018,2017-12-26,Watford,Leicester,1628.02355957,1738.99682617,-110.97326659999999,0.34551480456082584
2017_2018,2017-12-26,West Brom,Everton,1621.79846191,1711.20239258,-89.40393066999991,0.3741039987000573
2017_2018,2017-12-27,Newcastle,Man City,1616.63769531,1986.16625977,-369.52856445999987,0.10648324764409911
2017_2018,2017-12-28,Crystal Palace,Arsenal,1646.66369629,1844.1973877,-197.53369141000007,0.2428540604361662
2017_2018,2017-12-30,Bournemouth,Everton,1639.11083984,1710.34997559,-71.23913575000006,0.39889163680771805
2017_2018,2017-12-30,Chelsea,Stoke,1914.91479492,1645.07714844,269.8376464800001,0.8253913359159172
2017_2018,2017-12-30,Huddersfield,Burnley,1562.33850098,1698.66271973,-136.32421875,0.31329807079322464
2017_2018,2017-12-30,Liverpool,Leicester,1883.07641602,1729.76391602,153.3125,0.7073478172220249
2017_2018,2017-12-30,Man United,Southampton,1907.22143555,1660.38647461,246.83496093999997,0.805478882267706
2017_2018,2017-12-30,Newcastle,Brighton,1614.78674316,1611.95422363,2.832519530000127,0.5040762329689517
2017_2018,2017-12-30,Watford,Swansea,1637.25646973,1608.06555176,29.190917969999873,0.5419105378915543
2017_2018,2017-12-31,Crystal Palace,Man City,1642.01647949,1988.01708984,-346.00061035,0.12007294077307565
2017_2018,2017-12-31,West Brom,Arsenal,1622.65087891,1848.84460449,-226.19372557999986,0.21381587863531862
2017_2018,2018-01-01,Brighton,Bournemouth,1613.71557617,1647.40441895,-33.68884277999996,0.4516692329418634
2017_2018,2018-01-01,Burnley,Liverpool,1696.47338867,1886.24658203,-189.77319335999982,0.25116241514313986
2017_2018,2018-01-01,Everton,Man United,1702.05639648,1900.15576172,-198.09936524,0.24225581021433437
2017_2018,2018-01-01,Leicester,Huddersfield,1726.59375,1564.52783203,162.0659179700001,0.7176686147213727
2017_2018,2018-01-01,Stoke,Newcastle,1641.16223145,1613.0255127,28.13671875,0.5404037038545502
2017_2018,2018-01-02,Man City,Watford,1981.20385742,1626.9876709,354.21618652000006,0.8848346915068074
2017_2018,2018-01-02,Southampton,Crystal Palace,1667.45214844,1648.82971191,18.62243652999996,0.5267742052760448
2017_2018,2018-01-02,Swansea,Tottenham,1618.33435059,1916.21044922,-297.8760986300001,0.1525534606417107
2017_2018,2018-01-02,West Ham,West Brom,1647.93225098,1627.16723633,20.765014650000012,0.5298477276458405
2017_2018,2018-01-03,Arsenal,Chelsea,1844.32824707,1918.82971191,-74.50146483999993,0.3943974141147833
2017_2018,2018-01-04,Tottenham,West Ham,1920.13647461,1654.04016113,266.09631348000016,0.8222656519832756
2017_2018,2018-01-13,Chelsea,Leicester,1918.27575684,1732.09008789,186.18566895000004,0.7449335394183613
2017_2018,2018-01-13,Crystal Palace,Burnley,1658.75488281,1691.63500977,-32.88012695999987,0.45282245170634905
2017_2018,2018-01-13,Huddersfield,West Ham,1559.03137207,1661.32263184,-102.2912597699999,0.35690201473164973
2017_2018,2018-01-13,Newcastle,Swansea,1623.24377441,1614.4083252,8.835449209999979,0.5127124932172147
2017_2018,2018-01-13,Tottenham,Everton,1912.85400391,1695.4395752,217.41442871000004,0.7775659925373953
2017_2018,2018-01-13,Watford,Southampton,1625.47900391,1657.52697754,-32.04797362999989,0.4540096208539984
2017_2018,2018-01-13,West Brom,Brighton,1621.05932617,1613.01904297,8.040283199999976,0.5115688325223577
2017_2018,2018-01-14,Bournemouth,Arsenal,1648.10095215,1844.88220215,-196.78125,0.24365138778458506
2017_2018,2018-01-14,Liverpool,Man City,1891.08496094,1982.71252441,-91.62756347000004,0.3711116784400377
2017_2018,2018-01-15,Man United,Stoke,1906.77258301,1630.94384766,275.82873535,0.8303060483489539
2017_2018,2018-01-20,Arsenal,Crystal Palace,1833.29675293,1666.33813477,166.95861816000001,0.723340200987344
2017_2018,2018-01-20,Brighton,Chelsea,1603.62023926,1912.27502441,-308.65478514999995,0.14470369842015213
2017_2018,2018-01-20,Burnley,Man United,1684.05175781,1909.85107422,-225.79931641000007,0.214197778067325
2017_2018,2018-01-20,Everton,West Brom,1690.67541504,1630.45800781,60.217407229999935,0.5858023718205478
2017_2018,2018-01-20,Leicester,Watford,1738.09082031,1624.82861328,113.26220703000013,0.6574586909355611
2017_2018,2018-01-20,Man City,Newcastle,1973.83520508,1621.43591309,352.39929198999994,0.8837646101587994
2017_2018,2018-01-20,Stoke,Huddersfield,1627.86535645,1547.20166016,80.66369628999996,0.6140426605259987
2017_2018,2018-01-20,West Ham,Bournemouth,1673.15234375,1659.68640137,13.465942379999888,0.5193693510221831
2017_2018,2018-01-21,Southampton,Tottenham,1658.17736816,1917.61804199,-259.4406738299999,0.18340288281378808
2017_2018,2018-01-22,Swansea,Liverpool,1616.21630859,1899.96228027,-283.74597168000014,0.163368802587433
2017_2018,2018-01-30,Huddersfield,Liverpool,1540.3548584,1886.37780762,-346.0229492200001,0.12005935490163341
2017_2018,2018-01-30,Swansea,Arsenal,1629.80078125,1838.69604492,-208.89526367000008,0.2310311697746235
2017_2018,2018-01-30,West Ham,Crystal Palace,1671.21179199,1660.9387207,10.273071289999962,0.5147798310068911
2017_2018,2018-01-31,Chelsea,Bournemouth,1917.65893555,1661.62695312,256.03198242999997,0.8136401280358243
2017_2018,2018-01-31,Everton,Leicester,1687.48022461,1743.78540039,-56.3051757799999,0.4196723314971302
2017_2018,2018-01-31,Man City,West Brom,1975.41101074,1633.65319824,341.7578125,0.8773225448090761
2017_2018,2018-01-31,Newcastle,Burnley,1619.86010742,1679.87756348,-60.01745605999986,0.4144769347969412
2017_2018,2018-01-31,Southampton,Brighton,1663.53259277,1598.23632812,65.29626465000001,0.59287794317574
2017_2018,2018-01-31,Stoke,Watford,1634.71228027,1619.13415527,15.578125,0.5224037125626796
2017_2018,2018-01-31,Tottenham,Man United,1912.26281738,1914.02526855,-1.7624511700000767,0.4974636506361975
2017_2018,2018-02-03,Arsenal,Everton,1821.59777832,1695.5970459,126.00073242000008,0.6737771146048122
2017_2018,2018-02-03,Bournemouth,Stoke,1687.61157227,1632.81237793,54.799194339999985,0.5782148667662812
2017_2018,2018-02-03,Brighton,West Ham,1601.47021484,1669.4432373,-67.97302246000004,0.4034082010339678
2017_2018,2018-02-03,Burnley,Man City,1679.625,1977.55737305,-297.93237305,0.15251158589264655
2017_2018,2018-02-03,Leicester,Swansea,1735.6685791,1646.89904785,88.76953125,0.6250405166215823
2017_2018,2018-02-03,Man United,Huddersfield,1904.46704102,1536.82519531,367.64184570999987,0.8924789786098165
2017_2018,2018-02-03,West Brom,Southampton,1631.50683594,1660.29882812,-28.79199218000008,0.4586595834756352
2017_2018,2018-02-04,Crystal Palace,Newcastle,1662.70739746,1620.1126709,42.594726560000026,0.5609934646302598
2017_2018,2018-02-04,Liverpool,Tottenham,1889.9074707,1921.82104492,-31.9135742200001,0.45420140757631955
2017_2018,2018-02-05,Watford,Chelsea,1621.03393555,1891.67431641,-270.64038086000005,0.17394369727569847
2017_2018,2018-02-10,Everton,Crystal Palace,1687.91491699,1660.06201172,27.852905269999837,0.5399979037772809
2017_2018,2018-02-10,Man City,Leicester,1971.44921875,1731.84509277,239.60412597999994,0.7988740904398176
2017_2018,2018-02-10,Stoke,Brighton,1627.4128418,1613.61413574,13.798706060000086,0.5198474999088184
2017_2018,2018-02-10,Swansea,Burnley,1650.72253418,1685.7331543,-35.01062012000011,0.44978551726862454
2017_2018,2018-02-10,Tottenham,Arsenal,1922.38574219,1829.2800293,93.10571288999995,0.630872010349554
2017_2018,2018-02-10,West Ham,Watford,1657.29931641,1644.08703613,13.212280280000186,0.519004839495588
2017_2018,2018-02-11,Huddersfield,Bournemouth,1535.27331543,1693.0111084,-157.7377929700001,0.2874068717021282
2017_2018,2018-02-11,Newcastle,Man United,1622.75805664,1906.0189209,-283.26086426000006,0.16375083917841074
2017_2018,2018-02-11,Southampton,Liverpool,1669.03967285,1889.34277344,-220.30310058999999,0.21957126345941305
2017_2018,2018-02-12,Chelsea,West Brom,1868.62133789,1622.76599121,245.8553466799999,0.8045938087796658
2017_2018,2018-02-24,Bournemouth,Newcastle,1681.74365234,1643.61010742,38.13354491999985,0.5546592718461513
2017_2018,2018-02-24,Brighton,Swansea,1622.56762695,1665.52307129,-42.955444339999985,0.43849521054499263
2017_2018,2018-02-24,Burnley,Southampton,1685.03295898,1670.40734863,14.625610350000215,0.5210355212676273
2017_2018,2018-02-24,Leicester,Stoke,1734.72094727,1632.55969238,102.16125489000001,0.6429261991796826
2017_2018,2018-02-24,Liverpool,West Ham,1914.55493164,1673.15917969,241.39575194999998,0.8005260862762205
2017_2018,2018-02-24,Watford,Everton,1642.32751465,1703.43591309,-61.108398439999974,0.41295369853470165
2017_2018,2018-02-24,West Brom,Huddersfield,1626.24755859,1560.64135742,65.60620116999985,0.5933085156874632
2017_2018,2018-02-25,Crystal Palace,Tottenham,1658.64147949,1939.20910645,-280.5676269600001,0.1658849193054778
2017_2018,2018-02-25,Man United,Chelsea,1898.99780273,1878.58837891,20.40942382000003,0.5293377839245018
2017_2018,2018-03-01,Arsenal,Man City,1833.16357422,1986.2590332,-153.09545897999988,0.29291088178993835
2017_2018,2018-03-03,Burnley,Everton,1682.90710449,1695.44677734,-12.539672849999988,0.4819617918800152
2017_2018,2018-03-03,Leicester,Bournemouth,1730.35656738,1678.98181152,51.37475585999982,0.5734000293746738
2017_2018,2018-03-03,Liverpool,Newcastle,1917.91601562,1646.37182617,271.54418945,0.8268026026926425
2017_2018,2018-03-03,Southampton,Stoke,1672.53320312,1636.92419434,35.60900878000007,0.5510667994252683
2017_2018,2018-03-03,Swansea,West Ham,1652.16699219,1669.79821777,-17.63122558000009,0.47464838511891616
2017_2018,2018-03-03,Tottenham,Huddersfield,1942.26574707,1572.11816406,370.14758301000006,0.8938553113307076
2017_2018,2018-03-03,Watford,West Brom,1650.31665039,1614.77062988,35.54602051000006,0.5509770959258271
2017_2018,2018-03-04,Brighton,Arsenal,1635.92358398,1823.88623047,-187.96264649,0.2531277275945291
2017_2018,2018-03-04,Man City,Chelsea,1995.53637695,1872.44299316,123.09338378999996,0.6700878632882155
2017_2018,2018-03-05,Crystal Palace,Man United,1655.5847168,1905.14318848,-249.5584716799999,0.19207643852367337
2017_2018,2018-03-10,Chelsea,Crystal Palace,1866.34973145,1649.48815918,216.86157227000012,0.7770150707437606
2017_2018,2018-03-10,Everton,Brighton,1686.11303711,1645.02880859,41.084228520000124,0.5588509080448713
2017_2018,2018-03-10,Huddersfield,Swansea,1568.34741211,1661.79626465,-93.44885253999996,0.3686681224412666
2017_2018,2018-03-10,Man United,Liverpool,1906.53991699,1916.75183105,-10.211914060000026,0.48530810487572945
2017_2018,2018-03-10,Newcastle,Southampton,1641.57653809,1667.58947754,-26.012939449999976,0.4626341654135704
2017_2018,2018-03-10,West Brom,Leicester,1606.5480957,1724.99475098,-118.44665527999996,0.33585215001921404
2017_2018,2018-03-10,West Ham,Burnley,1655.46911621,1687.54101562,-32.071899410000015,0.453975480415335
2017_2018,2018-03-11,Arsenal,Watford,1820.23156738,1653.8392334,166.39233397999988,0.7226873791079018
2017_2018,2018-03-11,Bournemouth,Tottenham,1679.64379883,1926.31481934,-246.67102051000006,0.19466902443963371
2017_2018,2018-03-12,Stoke,Man City,1637.16821289,1995.77563477,-358.60742187999995,0.1126143758299264
2017_2018,2018-03-17,Bournemouth,West Brom,1666.79968262,1588.60107422,78.19860840000001,0.6106742731014071
2017_2018,2018-03-17,Huddersfield,Crystal Palace,1562.8034668,1640.44592285,-77.64245604999996,0.39008714945264084
2017_2018,2018-03-17,Liverpool,Watford,1903.35900879,1641.99719238,261.3618164100001,0.8182475846595417
2017_2018,2018-03-17,Stoke,Everton,1627.76025391,1687.59655762,-59.83630371000004,0.4147300293152425
2017_2018,2018-03-31,Brighton,Leicester,1630.29211426,1729.6887207,-99.39660643999991,0.3607355999056798
2017_2018,2018-03-31,Crystal Palace,Liverpool,1651.06921387,1907.41394043,-256.3447265599998,0.1860870468431863
2017_2018,2018-03-31,Everton,Man City,1695.41418457,1991.93054199,-296.51635741999985,0.15356813529303567
2017_2018,2018-03-31,Man United,Swansea,1888.82373047,1654.08728027,234.73645020000004,0.794334178652851
2017_2018,2018-03-31,Newcastle,Huddersfield,1647.59143066,1552.18017578,95.41125488000012,0.6339572360056025
2017_2018,2018-03-31,Watford,Bournemouth,1637.94238281,1671.68347168,-33.741088869999885,0.4515947483746499
2017_2018,2018-03-31,West Brom,Burnley,1583.71728516,1696.07373047,-112.35644531000003,0.3437164955683793
2017_2018,2018-03-31,West Ham,Southampton,1633.68334961,1648.3215332,-14.638183589999926,0.4789464164395077
2017_2018,2018-04-01,Arsenal,Stoke,1822.27612305,1619.94262695,202.33349610000005,0.7621902531992591
2017_2018,2018-04-01,Chelsea,Tottenham,1855.87475586,1925.90588379,-70.03112792999991,0.4005601776806018
2017_2018,2018-04-07,Bournemouth,Crystal Palace,1675.88415527,1651.29919434,24.58496093000008,0.5353216689025604
2017_2018,2018-04-07,Brighton,Huddersfield,1624.08239746,1551.21032715,72.87207031000003,0.6033600937536059
2017_2018,2018-04-07,Everton,Liverpool,1695.17919922,1931.77246094,-236.59326171999987,0.2039251346569053
2017_2018,2018-04-07,Leicester,Newcastle,1743.0793457,1655.74206543,87.33728027000006,0.6231062656232821
2017_2018,2018-04-07,Man City,Man United,1981.93859863,1895.61230469,86.32629393999991,0.6217385618394864
2017_2018,2018-04-07,Stoke,Tottenham,1619.08117676,1940.12426758,-321.04309081999986,0.13609935613670182
2017_2018,2018-04-07,Watford,Burnley,1640.92248535,1706.49853516,-65.57604981000009,0.4067333651441257
2017_2018,2018-04-07,West Brom,Swansea,1580.47338867,1654.47949219,-74.0061035199999,0.3950787010691812
2017_2018,2018-04-08,Arsenal,Southampton,1841.53088379,1639.96789551,201.5629882799999,0.7613853745268919
2017_2018,2018-04-08,Chelsea,West Ham,1848.83728027,1649.21789551,199.61938476,0.7593467729538833
2017_2018,2018-04-14,Burnley,Leicester,1714.59143066,1731.81811523,-17.22668457000009,0.4752291037703841
2017_2018,2018-04-14,Crystal Palace,Brighton,1653.79760742,1620.90075684,32.89685058000009,0.5472014011414122
2017_2018,2018-04-14,Huddersfield,Watford,1554.98388672,1633.42150879,-78.43762206999986,0.3889986612221608
2017_2018,2018-04-14,Liverpool,Bournemouth,1936.70825195,1673.97766113,262.7305908200001,0.8194164449283393
2017_2018,2018-04-14,Southampton,Chelsea,1637.66101074,1842.88549805,-205.2244873100001,0.2348064747236952
2017_2018,2018-04-14,Swansea,Everton,1654.1776123,1700.31237793,-46.13476562999995,0.43399422371038593
2017_2018,2018-04-14,Tottenham,Man City,1942.84851074,1961.22143555,-18.372924810000086,0.473583855034545
2017_2018,2018-04-15,Man United,West Brom,1907.44458008,1581.36706543,326.07751465,0.8672722681234012
2017_2018,2018-04-15,Newcastle,Arsenal,1667.59521484,1845.35791016,-177.76269532000015,0.2643881466056149
2017_2018,2018-04-16,West Ham,Stoke,1655.76159668,1616.94897461,38.81262206999986,0.5556246560071054
2017_2018,2018-04-17,Brighton,Tottenham,1614.9519043,1930.30310059,-315.35119628999996,0.13999789994223896
2017_2018,2018-04-18,Bournemouth,Man United,1670.93054199,1891.27636719,-220.34582520000004,0.219529121705806
2017_2018,2018-04-19,Burnley,Chelsea,1721.61669922,1847.35839844,-125.74169921999987,0.32655071961030174
2017_2018,2018-04-19,Leicester,Southampton,1724.79296875,1633.18798828,91.6049804700001,0.62885798105816
2017_2018,2018-04-21,Watford,Crystal Palace,1624.7088623,1659.74633789,-35.037475589999985,0.4497472592417698
2017_2018,2018-04-21,West Brom,Liverpool,1597.53527832,1939.75537109,-342.22009276999984,0.12239133467821636
2017_2018,2018-04-22,Arsenal,West Ham,1834.20800781,1653.0715332,181.13647461000005,0.7393716707934355
2017_2018,2018-04-22,Man City,Swansea,1973.7668457,1653.85778809,319.90905761,0.863131278361685
2017_2018,2018-04-22,Stoke,Burnley,1619.63903809,1715.22399902,-95.58496093000008,0.3658107553181463
2017_2018,2018-04-23,Everton,Newcastle,1700.63220215,1678.74523926,21.88696288999995,0.5314562715321532
2017_2018,2018-04-28,Burnley,Brighton,1716.41455078,1623.62927246,92.78527831999986,0.6304423571725792
2017_2018,2018-04-28,Crystal Palace,Leicester,1662.68603516,1723.12341309,-60.43737792999991,0.41389042052877284
2017_2018,2018-04-28,Huddersfield,Everton,1566.05737305,1709.08996582,-143.03259277000006,0.30505051156875873
2017_2018,2018-04-28,Liverpool,Stoke,1944.83947754,1623.17004395,321.6694335899999,0.8643240115635932
2017_2018,2018-04-28,Newcastle,West Brom,1675.0090332,1606.68029785,68.32873534999999,0.5970845088355635
2017_2018,2018-04-28,Southampton,Bournemouth,1639.57910156,1667.45019531,-27.87109375,0.45997608850937244
2017_2018,2018-04-28,Swansea,Chelsea,1653.18884277,1856.11193848,-202.92309570999987,0.23719510907478014
2017_2018,2018-04-29,Man United,Arsenal,1899.47839355,1839.27282715,60.20556639999995,0.5857858332063457
2017_2018,2018-04-29,West Ham,Man City,1650.59545898,1979.1574707,-328.5620117199999,0.13109005314792524
2017_2018,2018-04-30,Tottenham,Watford,1926.34741211,1626.49072266,299.85668945,0.8489146648270032
2017_2018,2018-05-04,Brighton,Man United,1625.2454834,1902.24487305,-276.99938965,0.16874657718410757
2017_2018,2018-05-05,Bournemouth,Swansea,1657.84338379,1646.21374512,11.62963866999985,0.5167301475586498
2017_2018,2018-05-05,Everton,Southampton,1714.91113281,1644.25830078,70.65283203000013,0.600298831488398
2017_2018,2018-05-05,Leicester,West Ham,1702.48400879,1644.19628906,58.287719729999935,0.5831045636150275
2017_2018,2018-05-05,Stoke,Crystal Palace,1628.68225098,1678.39794922,-49.715698240000165,0.4289377145645494
2017_2018,2018-05-05,Watford,Newcastle,1621.90771484,1661.02246094,-39.11474610000005,0.44394597536538216
2017_2018,2018-05-05,West Brom,Tottenham,1615.73925781,1926.00280762,-310.2635498100001,0.14356130755451366
2017_2018,2018-05-06,Arsenal,Burnley,1826.70788574,1709.87072754,116.83715819999998,0.6620781057796696
2017_2018,2018-05-06,Chelsea,Liverpool,1858.15930176,1931.55200195,-73.39270018999991,0.39592289999663743
2017_2018,2018-05-06,Man City,Huddersfield,1980.62902832,1555.30859375,425.3204345700001,0.9204400635908894
2017_2018,2018-05-08,Swansea,Southampton,1639.97473145,1647.80505371,-7.830322260000003,0.4887331679843919
2017_2018,2018-05-09,Chelsea,Huddersfield,1866.49987793,1564.14404297,302.3558349599998,0.8507505758012848
2017_2018,2018-05-09,Leicester,Arsenal,1686.80773926,1835.66223145,-148.85449218999997,0.29799259046995036
2017_2018,2018-05-09,Man City,Brighton,1971.7935791,1638.88037109,332.91320801000006,0.87173672556774
2017_2018,2018-05-09,Tottenham,Newcastle,1911.85742188,1653.40856934,258.44885253999996,0.8157404982473191
2017_2018,2018-05-10,West Ham,Man United,1659.87255859,1888.60998535,-228.73742676000006,0.2113647722059103
2017_2018,2018-05-13,Burnley,Bournemouth,1700.91638184,1664.08239746,36.83398437999995,0.5528106567381649
2017_2018,2018-05-13,Crystal Palace,West Brom,1686.72351074,1629.88464355,56.838867189999974,0.5810757036792188
2017_2018,2018-05-13,Huddersfield,Arsenal,1571.97375488,1821.48046875,-249.5067138700001,0.1921226783079915
2017_2018,2018-05-13,Liverpool,Brighton,1923.21142578,1637.17504883,286.03637695,0.8384252768124149
2017_2018,2018-05-13,Man United,Watford,1884.19995117,1629.52148438,254.67846679000013,0.8124558214968551
2017_2018,2018-05-13,Newcastle,Chelsea,1651.55688477,1858.67028809,-207.1134033200001,0.23285844798126287
2017_2018,2018-05-13,Southampton,Man City,1657.31555176,1973.4987793,-316.18322753999996,0.13942223822106692
2017_2018,2018-05-13,Swansea,Stoke,1630.46435547,1620.35656738,10.107788090000213,0.514542173874787
2017_2018,2018-05-13,Tottenham,Leicester,1913.70910645,1700.98950195,212.71960450000006,0.7728566862797239
2017_2018,2018-05-13,West Ham,Everton,1664.28259277,1711.36437988,-47.08178710999982,0.43265558610759086
2018_2019,2018-08-10,Man United,Leicester,1884.93444824,1697.49816895,187.4362792899999,0.7462990076712994
2018_2019,2018-08-11,Bournemouth,Cardiff,1673.78051758,1576.49035645,97.29016112999989,0.6364634583221894
2018_2019,2018-08-11,Fulham,Crystal Palace,1633.79968262,1692.95166016,-59.15197753999996,0.4156865313846538
2018_2019,2018-08-11,Huddersfield,Chelsea,1567.10131836,1837.00427246,-269.9029541,0.17455448993211634
2018_2019,2018-08-11,Newcastle,Tottenham,1670.87133789,1914.84887695,-243.97753906000003,0.19711129115782547
2018_2019,2018-08-11,Watford,Brighton,1626.43530273,1632.8684082,-6.433105469999873,0.4907430748872435
2018_2019,2018-08-11,Wolves,Everton,1593.07910156,1699.56262207,-106.48352051000006,0.35138235950172464
2018_2019,2018-08-12,Arsenal,Man City,1824.0012207,1974.96166992,-150.9604492200001,0.2954627984888366
2018_2019,2018-08-12,Liverpool,West Ham,1917.3302002,1673.73278809,243.59741211000005,0.8025421803299547
2018_2019,2018-08-12,Southampton,Burnley,1653.50097656,1692.93078613,-39.42980956999986,0.4434983068075002
2018_2019,2018-08-18,Cardiff,Newcastle,1573.3782959,1669.71362305,-96.33532715000001,0.36480925293946537
2018_2019,2018-08-18,Chelsea,Arsenal,1845.78881836,1818.83764648,26.951171879999947,0.538708244650278
2018_2019,2018-08-18,Everton,Southampton,1701.18139648,1655.48693848,45.69445800000017,0.5653830615408342
2018_2019,2018-08-18,Leicester,Wolves,1697.54724121,1596.94384766,100.60339354999996,0.6408648208886163
2018_2019,2018-08-18,Tottenham,Fulham,1921.48999023,1624.9140625,296.5759277300001,0.8464764331106304
2018_2019,2018-08-18,West Ham,Bournemouth,1672.72375488,1682.37609863,-9.65234375,0.486112733377742
2018_2019,2018-08-19,Brighton,Man United,1626.33166504,1890.36889648,-264.03723144000014,0.17947322902161159
2018_2019,2018-08-19,Burnley,Watford,1704.69567871,1638.45556641,66.24011229999996,0.5941887157704113
2018_2019,2018-08-19,Man City,Huddersfield,1985.60876465,1563.8001709,421.80859375,0.9189470195547673
2018_2019,2018-08-20,Crystal Palace,Liverpool,1707.32080078,1923.82275391,-216.50195313000017,0.22334381186692664
2018_2019,2018-08-25,Arsenal,West Ham,1809.38305664,1659.75830078,149.62475586000005,0.7029341384996742
2018_2019,2018-08-25,Bournemouth,Everton,1687.83105469,1702.81530762,-14.984252930000139,0.4784492866603749
2018_2019,2018-08-25,Huddersfield,Cardiff,1558.46765137,1570.50268555,-12.035034179999911,0.48268711760270744
2018_2019,2018-08-25,Liverpool,Brighton,1926.13427734,1635.78442383,290.34985351,0.8417608046607876
2018_2019,2018-08-25,Southampton,Leicester,1646.34265137,1699.57006836,-53.22741698999994,0.42399329929248386
2018_2019,2018-08-25,Wolves,Man City,1587.41052246,1983.4309082,-396.02038573999994,0.09282018198663318
2018_2019,2018-08-26,Fulham,Burnley,1619.11645508,1673.13830566,-54.02185058000009,0.42287682651416253
2018_2019,2018-08-26,Newcastle,Chelsea,1665.07873535,1847.73303223,-182.65429687999995,0.2589481681016505
2018_2019,2018-08-26,Watford,Crystal Palace,1651.18737793,1697.4987793,-46.31140137000011,0.4337444711735621
2018_2019,2018-08-27,Man United,Tottenham,1873.40563965,1919.77722168,-46.3715820299999,0.4336593869424404
2018_2019,2018-09-01,Brighton,Fulham,1631.77893066,1627.83398438,3.9449462800000674,0.5056769900960605
2018_2019,2018-09-01,Chelsea,Bournemouth,1850.36499023,1683.92297363,166.44201660000022,0.7227446920406168
2018_2019,2018-09-01,Crystal Palace,Southampton,1687.42492676,1635.48791504,51.9370117200001,0.5741915544525217
2018_2019,2018-09-01,Everton,Huddersfield,1701.75463867,1554.47644043,147.27819824000017,0.7001057451558038
2018_2019,2018-09-01,Leicester,Liverpool,1705.45605469,1925.17114258,-219.71508788999995,0.22015184493746762
2018_2019,2018-09-01,Man City,Newcastle,1973.53356934,1657.47814941,316.05541992999997,0.8604894639982752
2018_2019,2018-09-01,West Ham,Wolves,1652.85656738,1592.3392334,60.517333979999876,0.5862212282566417
2018_2019,2018-09-02,Burnley,Man United,1651.97192383,1856.07958984,-204.10766601,0.23596354652174706
2018_2019,2018-09-02,Cardiff,Arsenal,1569.52514648,1811.31616211,-241.79101562999995,0.19911082969058227
2018_2019,2018-09-02,Watford,Tottenham,1656.29248047,1932.13452148,-275.84204101,0.16968316005460166
2018_2019,2018-09-15,Bournemouth,Leicester,1679.80859375,1701.3458252,-21.537231450000036,0.46904507197668677
2018_2019,2018-09-15,Chelsea,Cardiff,1854.47924805,1565.7277832,288.75146485000005,0.8405313695912832
2018_2019,2018-09-15,Huddersfield,Crystal Palace,1559.91516113,1671.54382324,-111.62866211000005,0.3446621520335183
2018_2019,2018-09-15,Man City,Fulham,1974.85668945,1629.77966309,345.07702636,0.8793641984156307
2018_2019,2018-09-15,Newcastle,Arsenal,1656.15490723,1815.11352539,-158.95861816000001,0.2859697359002842
2018_2019,2018-09-15,Tottenham,Liverpool,1918.99401855,1929.28137207,-10.287353520000124,0.4851996331962426
2018_2019,2018-09-15,Watford,Man United,1669.4329834,1862.8314209,-193.3984375,0.24725787264135113
2018_2019,2018-09-16,Everton,West Ham,1696.31591797,1641.6151123,54.700805670000136,0.5780767327826548
2018_2019,2018-09-16,Wolves,Burnley,1603.58068848,1645.2199707,-41.63928222000004,0.4403615203956
2018_2019,2018-09-17,Southampton,Brighton,1651.36914062,1629.83312988,21.536010740000165,0.5309531780133246
2018_2019,2018-09-22,Brighton,Tottenham,1630.77624512,1898.22277832,-267.4465332,0.17660128252215576
2018_2019,2018-09-22,Burnley,Bournemouth,1636.1015625,1687.90441895,-51.802856450000036,0.42599727049320013
2018_2019,2018-09-22,Cardiff,Man City,1561.54931641,1960.09777832,-398.54846191,0.09160201123172063
2018_2019,2018-09-22,Crystal Palace,Newcastle,1677.04272461,1649.19812012,27.844604489999938,0.5399860344169143
2018_2019,2018-09-22,Fulham,Watford,1626.49182129,1663.09692383,-36.60510253999996,0.44751507872428997
2018_2019,2018-09-22,Leicester,Huddersfield,1690.37451172,1551.54077148,138.83374024,0.6898014554503565
2018_2019,2018-09-22,Liverpool,Southampton,1941.6619873,1647.55041504,294.11157226,0.8446238337057337
2018_2019,2018-09-22,Man United,Wolves,1875.65979004,1609.8236084,265.83618163999995,0.8220467033326226
2018_2019,2018-09-23,Arsenal,Everton,1820.64978027,1679.23352051,141.41625976,0.6929734432428564
2018_2019,2018-09-23,West Ham,Chelsea,1655.82202148,1861.375,-205.5529785199999,0.2344668940653122
2018_2019,2018-09-29,Arsenal,Watford,1825.24963379,1663.95581055,161.29382323999994,0.7167671908843561
2018_2019,2018-09-29,Chelsea,Liverpool,1857.56201172,1944.22155762,-86.65954590000001,0.3778103860304482
2018_2019,2018-09-29,Everton,Fulham,1674.63366699,1625.63293457,49.00073241999985,0.5700538569304726
2018_2019,2018-09-29,Huddersfield,Tottenham,1546.6809082,1901.68859863,-355.0076904299999,0.11470182849110439
2018_2019,2018-09-29,Man City,Brighton,1963.86547852,1627.31054688,336.55493163999995,0.8740624769018797
2018_2019,2018-09-29,Newcastle,Leicester,1651.84936523,1695.234375,-43.3850097699999,0.4378864632099514
2018_2019,2018-09-29,West Ham,Man United,1659.63513184,1868.23217773,-208.59704589000012,0.23133628860535108
2018_2019,2018-09-29,Wolves,Southampton,1617.25109863,1644.99084473,-27.739746100000048,0.4601639074439061
2018_2019,2018-09-30,Cardiff,Burnley,1557.78149414,1651.5892334,-93.80773926000006,0.3681874066156523
2018_2019,2018-10-01,Bournemouth,Crystal Palace,1672.41674805,1674.39160156,-1.9748535100000026,0.49715798794918353
2018_2019,2018-10-05,Brighton,West Ham,1621.3034668,1671.94067383,-50.6372070299999,0.4276388370647882
2018_2019,2018-10-06,Burnley,Huddersfield,1654.76477051,1539.18774414,115.57702637000011,0.6604532821374166
2018_2019,2018-10-06,Crystal Palace,Wolves,1663.70446777,1622.87841797,40.826049799999964,0.5584844743530748
2018_2019,2018-10-06,Leicester,Everton,1702.98901367,1679.19213867,23.796875,0.5341930030979126
2018_2019,2018-10-06,Man United,Newcastle,1842.73474121,1635.34155273,207.39318847999994,0.76742913353485
2018_2019,2018-10-06,Tottenham,Cardiff,1889.37658691,1545.85266113,343.5239257800001,0.8784125580577935
2018_2019,2018-10-06,Watford,Bournemouth,1655.43200684,1674.35046387,-18.918457030000127,0.4728010280106054
2018_2019,2018-10-07,Fulham,Arsenal,1612.32116699,1830.14172363,-217.82055663999995,0.22202992028021712
2018_2019,2018-10-07,Liverpool,Man City,1931.58300781,1965.34851074,-33.76550292999991,0.4515599432464578
2018_2019,2018-10-07,Southampton,Chelsea,1630.61047363,1854.29870605,-223.68823242000008,0.21625033431356194
2018_2019,2018-10-20,Bournemouth,Southampton,1692.60961914,1623.3034668,69.30615233999993,0.5984373507173926
2018_2019,2018-10-20,Cardiff,Fulham,1544.73974609,1604.18933105,-59.44958496000004,0.4152704785645682
2018_2019,2018-10-20,Chelsea,Man United,1861.60559082,1845.23461914,16.37097168000014,0.5235423014686671
2018_2019,2018-10-20,Huddersfield,Liverpool,1543.99169922,1930.77099609,-386.7792968699998,0.09739759723587074
2018_2019,2018-10-20,Man City,Burnley,1966.16052246,1649.96081543,316.1997070300001,0.8605891434696196
2018_2019,2018-10-20,Newcastle,Brighton,1632.8416748,1628.98706055,3.8546142499999405,0.505547008232668
2018_2019,2018-10-20,West Ham,Tottenham,1664.25720215,1890.48962402,-226.23242187000005,0.21377843641778502
2018_2019,2018-10-20,Wolves,Watford,1633.91796875,1637.17285156,-3.2548828100000264,0.4953159841317293
2018_2019,2018-10-21,Everton,Crystal Palace,1689.46643066,1652.66491699,36.80151367000008,0.5527644484776403
2018_2019,2018-10-22,Arsenal,Leicester,1838.27355957,1692.71472168,145.55883789000018,0.6980235960466015
2018_2019,2018-10-27,Brighton,Wolves,1641.92553711,1623.81054688,18.114990230000103,0.5260459689208514
2018_2019,2018-10-27,Fulham,Bournemouth,1596.07714844,1692.32751465,-96.25036621000004,0.3649225904636513
2018_2019,2018-10-27,Leicester,West Ham,1691.34777832,1663.54956055,27.798217770000065,0.5399197047920539
2018_2019,2018-10-27,Liverpool,Cardiff,1938.60510254,1559.3807373,379.22436524,0.8987116579841808
2018_2019,2018-10-27,Southampton,Newcastle,1630.11450195,1626.43200684,3.6824951099999907,0.5052993380241471
2018_2019,2018-10-27,Watford,Huddersfield,1653.80908203,1545.50097656,108.30810546999987,0.6510076912734435
2018_2019,2018-10-28,Burnley,Chelsea,1650.12390137,1863.87609863,-213.75219725999978,0.22610152747723639
2018_2019,2018-10-28,Crystal Palace,Arsenal,1647.82373047,1853.06958008,-205.24584960999982,0.23478438089925152
2018_2019,2018-10-28,Man United,Everton,1843.42260742,1700.83654785,142.5860595700001,0.6944042933952854
2018_2019,2018-10-29,Tottenham,Man City,1895.11303711,1981.5144043,-86.40136718999997,0.3781598090945906
2018_2019,2018-11-03,Arsenal,Liverpool,1849.14147949,1940.20043945,-91.05895996000004,0.37187591225779093
2018_2019,2018-11-03,Bournemouth,Man United,1704.27050781,1846.91186523,-142.64135742000008,0.3055281610595772
2018_2019,2018-11-03,Cardiff,Leicester,1557.78540039,1688.85229492,-131.06689453000013,0.31984554736340387
2018_2019,2018-11-03,Everton,Brighton,1697.34716797,1648.11474609,49.232421880000174,0.5703807090316402
2018_2019,2018-11-03,Newcastle,Watford,1628.26623535,1661.01123047,-32.74499512000011,0.4530151977733426
2018_2019,2018-11-03,West Ham,Burnley,1666.04504395,1641.27185059,24.77319336000005,0.5355911949400589
2018_2019,2018-11-03,Wolves,Tottenham,1617.62145996,1887.91430664,-270.2928466799999,0.17423134093445702
2018_2019,2018-11-04,Chelsea,Crystal Palace,1872.72802734,1651.75183105,220.97619628999996,0.7810919740683362
2018_2019,2018-11-04,Man City,Southampton,1988.71313477,1628.28039551,360.43273925999983,0.8884313845007309
2018_2019,2018-11-05,Huddersfield,Fulham,1538.29882812,1584.13415527,-45.83532715000001,0.4344176886181462
2018_2019,2018-11-10,Cardiff,Brighton,1551.46789551,1640.2989502,-88.83105468999997,0.3748764850045116
2018_2019,2018-11-10,Crystal Palace,Tottenham,1648.41015625,1893.38867188,-244.97851562999995,0.19620098398997113
2018_2019,2018-11-10,Huddersfield,West Ham,1545.76171875,1674.35888672,-128.5971679700001,0.3229462409300557
2018_2019,2018-11-10,Leicester,Burnley,1694.84667969,1632.6348877,62.21179198999994,0.5885852296227815
2018_2019,2018-11-10,Newcastle,Bournemouth,1635.48388672,1698.24353027,-62.759643549999964,0.41065131058980014
2018_2019,2018-11-10,Southampton,Watford,1625.82458496,1653.47045898,-27.645874020000065,0.4602981455901644
2018_2019,2018-11-11,Arsenal,Wolves,1843.78161621,1614.1184082,229.66320801000006,0.7895221883588739
2018_2019,2018-11-11,Chelsea,Everton,1878.13012695,1704.83972168,173.29040527000006,0.7305745911715362
2018_2019,2018-11-11,Liverpool,Fulham,1921.61437988,1576.34802246,345.26635741999985,0.8794797678502905
2018_2019,2018-11-11,Man City,Man United,1995.2520752,1866.71069336,128.54138183999999,0.6769835392018735
2018_2019,2018-11-24,Brighton,Leicester,1631.3996582,1691.34509277,-59.94543457000009,0.41457755323407264
2018_2019,2018-11-24,Everton,Cardiff,1710.78759766,1560.3671875,150.42041016000007,0.7038896661495554
2018_2019,2018-11-24,Fulham,Southampton,1574.84228516,1624.75866699,-49.916381829999864,0.4286547646468383
2018_2019,2018-11-24,Man United,Crystal Palace,1861.59301758,1644.60449219,216.98852538999995,0.7771416656115817
2018_2019,2018-11-24,Tottenham,Chelsea,1897.19433594,1872.18225098,25.01208496000004,0.5359332288196029
2018_2019,2018-11-24,Watford,Liverpool,1654.53625488,1923.12011719,-268.5838623100001,0.17565127774532957
2018_2019,2018-11-24,West Ham,Man City,1672.5435791,2000.36987305,-327.82629395000004,0.1315732119168565
2018_2019,2018-11-25,Bournemouth,Arsenal,1690.20666504,1836.88513184,-146.67846680000002,0.3006195988022238
2018_2019,2018-11-25,Wolves,Huddersfield,1621.01501465,1547.57714844,73.43786621000004,0.6041392811548166
2018_2019,2018-11-26,Burnley,Newcastle,1636.13635254,1643.52062988,-7.384277339999926,0.48937477049247496
2018_2019,2018-11-30,Cardiff,Wolves,1558.00402832,1605.4173584,-47.41333007999992,0.4321871733959262
2018_2019,2018-12-01,Crystal Palace,Burnley,1652.20874023,1627.46630859,24.742431640000177,0.5355471493003414
2018_2019,2018-12-01,Huddersfield,Brighton,1565.00915527,1632.20361328,-67.19445800999983,0.40448729580888715
2018_2019,2018-12-01,Leicester,Watford,1692.37548828,1649.64807129,42.72741698999994,0.5611815711431237
2018_2019,2018-12-01,Man City,Bournemouth,2001.50280762,1685.55383301,315.94897461000005,0.8604158889151037
2018_2019,2018-12-01,Newcastle,West Ham,1654.02514648,1668.66174316,-14.636596679999911,0.47894869613790036
2018_2019,2018-12-01,Southampton,Man United,1617.95922852,1858.05932617,-240.10009765000018,0.20066756909058217
2018_2019,2018-12-02,Arsenal,Tottenham,1847.61828613,1909.84069824,-62.22241211000005,0.41139996661815714
2018_2019,2018-12-02,Chelsea,Fulham,1868.63500977,1583.47607422,285.1589355499998,0.8377398616873817
2018_2019,2018-12-02,Liverpool,Everton,1923.57397461,1714.98522949,208.5887451200001,0.7686552145085728
2018_2019,2018-12-04,Bournemouth,Huddersfield,1683.71179199,1557.0267334,126.68505858999993,0.6746423848435917
2018_2019,2018-12-04,Brighton,Crystal Palace,1640.18603516,1660.8145752,-20.62854003999996,0.4703479797942671
2018_2019,2018-12-04,Watford,Man City,1641.85827637,2003.34484863,-361.4865722599998,0.11096872781258992
2018_2019,2018-12-04,West Ham,Cardiff,1684.6126709,1565.92993164,118.68273926000006,0.6644509166539481
2018_2019,2018-12-05,Burnley,Liverpool,1618.86047363,1926.00476074,-307.14428711000005,0.1457831747074503
2018_2019,2018-12-05,Everton,Newcastle,1712.55456543,1638.07409668,74.48046875,0.605573717569559
2018_2019,2018-12-05,Fulham,Leicester,1581.23657227,1700.16540527,-118.92883300000017,0.3352333110762841
2018_2019,2018-12-05,Man United,Arsenal,1853.26074219,1858.98242188,-5.721679689999974,0.4917665853266379
2018_2019,2018-12-05,Tottenham,Southampton,1898.4765625,1622.7578125,275.71875,0.8302168234796827
2018_2019,2018-12-05,Wolves,Chelsea,1597.49133301,1870.87463379,-273.3833007799999,0.17168661149108128
2018_2019,2018-12-08,Arsenal,Huddersfield,1860.55737305,1553.25805664,307.2993164100001,0.854327923670009
2018_2019,2018-12-08,Bournemouth,Liverpool,1687.48034668,1929.91967773,-242.4393310500002,0.19851637132341088
2018_2019,2018-12-08,Burnley,Brighton,1614.94555664,1650.23242188,-35.28686524,0.44939200975579197
2018_2019,2018-12-08,Cardiff,Southampton,1560.44299316,1620.35241699,-59.90942382999992,0.41462786511880806
2018_2019,2018-12-08,Chelsea,Man City,1857.59460449,2005.2791748,-147.68457031000003,0.29940333804696273
2018_2019,2018-12-08,Leicester,Tottenham,1698.51049805,1900.88195801,-202.37145996000004,0.23777013776987593
2018_2019,2018-12-08,Man United,Fulham,1851.68591309,1582.89147949,268.79443360000005,0.8245241694263965
2018_2019,2018-12-08,West Ham,Crystal Palace,1690.09973145,1650.76831055,39.33142090000001,0.5563619041500941
2018_2019,2018-12-09,Newcastle,Wolves,1641.78466797,1610.77124023,31.013427739999997,0.5445137440596506
2018_2019,2018-12-10,Everton,Watford,1708.84399414,1639.9239502,68.92004393999991,0.5979031163778932
2018_2019,2018-12-15,Crystal Palace,Leicester,1644.13684082,1691.03271484,-46.89587401999984,0.43291830180641955
2018_2019,2018-12-15,Fulham,West Ham,1578.77099609,1694.56726074,-115.79626465000001,0.33926375741699916
2018_2019,2018-12-15,Huddersfield,Newcastle,1550.75561523,1630.05444336,-79.29882812999995,0.387821019368484
2018_2019,2018-12-15,Man City,Everton,1991.24731445,1704.23144531,287.01586913999995,0.8391876460914223
2018_2019,2018-12-15,Tottenham,Burnley,1911.63012695,1621.37060547,290.2595214799999,0.8416915295211536
2018_2019,2018-12-15,Watford,Cardiff,1642.37268066,1567.49987793,74.8728027300001,0.6061130304132838
2018_2019,2018-12-15,Wolves,Bournemouth,1620.33764648,1679.0333252,-58.69567871999993,0.41632466678047175
2018_2019,2018-12-16,Brighton,Chelsea,1641.64343262,1863.2746582,-221.63122557999986,0.21826397576266454
2018_2019,2018-12-16,Liverpool,Man United,1940.56933594,1845.85742188,94.71191406000003,0.6330225407337114
2018_2019,2018-12-16,Southampton,Arsenal,1611.13171387,1861.60473633,-250.4730224599998,0.19126078929618415
2018_2019,2018-12-21,Wolves,Liverpool,1631.70861816,1946.77770996,-315.0690918,0.14019353226118683
2018_2019,2018-12-22,Arsenal,Burnley,1848.92272949,1619.76037598,229.16235351,0.7890426754442541
2018_2019,2018-12-22,Bournemouth,Brighton,1667.66247559,1637.41503906,30.24743652999996,0.5434199182821081
2018_2019,2018-12-22,Cardiff,Man United,1562.58093262,1839.64904785,-277.0681152299999,0.16869109090345508
2018_2019,2018-12-22,Chelsea,Leicester,1867.50317383,1683.26257324,184.24060058999999,0.7428002510356592
2018_2019,2018-12-22,Huddersfield,Southampton,1543.0769043,1623.81384277,-80.73693847000004,0.3858574237313735
2018_2019,2018-12-22,Man City,Crystal Palace,1993.47717285,1651.90698242,341.5701904299999,0.8772062552704222
2018_2019,2018-12-22,Newcastle,Fulham,1637.73303223,1569.71105957,68.02197265999985,0.5966596131198026
2018_2019,2018-12-22,West Ham,Watford,1703.62719727,1647.29162598,56.33557128999996,0.5803702815550376
2018_2019,2018-12-23,Everton,Tottenham,1702.00146484,1913.24035645,-211.2388916100001,0.2286431162338995
2018_2019,2018-12-26,Brighton,Arsenal,1629.26281738,1851.98046875,-222.7176513700001,0.2171987737005478
2018_2019,2018-12-26,Burnley,Everton,1616.70251465,1693.52038574,-76.81787108999993,0.3912170659733608
2018_2019,2018-12-26,Crystal Palace,Cardiff,1667.96911621,1556.00695801,111.96215819999998,0.6557713345538995
2018_2019,2018-12-26,Fulham,Wolves,1573.28710938,1627.96179199,-54.67468260999999,0.42195994506215845
2018_2019,2018-12-26,Leicester,Man City,1696.94494629,1977.41491699,-280.4699707,0.16596271762777115
2018_2019,2018-12-26,Liverpool,Newcastle,1950.52453613,1634.15710449,316.36743163999995,0.8607049395182602
2018_2019,2018-12-26,Man United,Huddersfield,1846.22302246,1532.18811035,314.03491211000005,0.8590873328459883
2018_2019,2018-12-26,Tottenham,Bournemouth,1921.72131348,1675.8145752,245.9067382799999,0.8046403163559617
2018_2019,2018-12-26,Watford,Chelsea,1662.83093262,1853.82080078,-190.9898681599998,0.2498474492292462
2018_2019,2018-12-27,Southampton,West Ham,1634.70263672,1688.08776855,-53.385131829999864,0.4237715895443597
2018_2019,2018-12-29,Brighton,Everton,1633.75305176,1708.48339844,-74.73034667999991,0.39408276368569867
2018_2019,2018-12-29,Fulham,Huddersfield,1573.28527832,1530.09484863,43.1904296900002,0.5618378158125551
2018_2019,2018-12-29,Leicester,Cardiff,1710.35510254,1560.46777344,149.8873291,0.7032496682161786
2018_2019,2018-12-29,Liverpool,Arsenal,1953.38354492,1847.49023438,105.89331054000013,0.6478429113857325
2018_2019,2018-12-29,Tottenham,Wolves,1926.15759277,1627.96362305,298.19396972000004,0.8476829488785145
2018_2019,2018-12-29,Watford,Newcastle,1658.13989258,1631.2980957,26.841796879999947,0.5385517809314762
2018_2019,2018-12-30,Burnley,West Ham,1601.73962402,1696.17163086,-94.43200683999999,0.3673518467863833
2018_2019,2018-12-30,Crystal Palace,Chelsea,1663.50830078,1858.51184082,-195.0035400400002,0.24554218296882174
2018_2019,2018-12-30,Man United,Bournemouth,1848.31628418,1671.3782959,176.9379882799999,0.7346875142811358
2018_2019,2018-12-30,Southampton,Man City,1626.61889648,1964.00488281,-337.3859863299999,0.12541186225417272
2018_2019,2019-01-01,Arsenal,Fulham,1839.2722168,1578.94140625,260.33081055,0.8173632807595588
2018_2019,2019-01-01,Cardiff,Tottenham,1573.44006348,1904.3137207,-330.87365722000004,0.12958175115091658
2018_2019,2019-01-01,Everton,Leicester,1699.81750488,1697.3828125,2.4346923799998876,0.5035037466354955
2018_2019,2019-01-02,Bournemouth,Watford,1666.25073242,1655.81176758,10.438964840000153,0.5150183590269561
2018_2019,2019-01-02,Chelsea,Southampton,1863.14819336,1623.5090332,239.63916016000007,0.7989064921425937
2018_2019,2019-01-02,Huddersfield,Burnley,1524.43859863,1614.6583252,-90.21972657000015,0.37300505800138983
2018_2019,2019-01-02,Newcastle,Man United,1633.6262207,1853.44384766,-219.8176269600001,0.2200505224822756
2018_2019,2019-01-02,West Ham,Brighton,1683.25292969,1642.41906738,40.833862310000086,0.5584955636043799
2018_2019,2019-01-02,Wolves,Crystal Palace,1649.80761719,1658.87194824,-9.064331049999964,0.48695833782414644
2018_2019,2019-01-03,Man City,Liverpool,1967.11462402,1961.60144043,5.513183590000153,0.5079334430982493
2018_2019,2019-01-12,Brighton,Liverpool,1645.03662109,1955.12426758,-310.08764649,0.14368585079367602
2018_2019,2019-01-12,Burnley,Fulham,1621.90197754,1575.79089355,46.11108399,0.5659722892934825
2018_2019,2019-01-12,Cardiff,Huddersfield,1569.41967773,1517.19494629,52.22473144000014,0.5745964499392636
2018_2019,2019-01-12,Chelsea,Newcastle,1856.28894043,1627.75183105,228.53710937999995,0.7884429506645777
2018_2019,2019-01-12,Crystal Palace,Watford,1671.99584961,1657.59753418,14.398315430000139,0.5207089876074634
2018_2019,2019-01-12,Leicester,Southampton,1706.72546387,1630.36828613,76.35717774000022,0.6081511437261027
2018_2019,2019-01-12,West Ham,Arsenal,1680.63525391,1842.42272949,-161.78747557999986,0.28265626725396864
2018_2019,2019-01-13,Everton,Bournemouth,1690.47473145,1664.46496582,26.009765629999947,0.5373612925978352
2018_2019,2019-01-13,Tottenham,Man United,1908.33410645,1859.31811523,49.01599121999993,0.570075384913939
2018_2019,2019-01-14,Man City,Wolves,1973.59179688,1636.68371582,336.90808105999986,0.874286081919592
2018_2019,2019-01-19,Arsenal,Chelsea,1831.83288574,1858.67785645,-26.844970710000098,0.4614436787168452
2018_2019,2019-01-19,Bournemouth,West Ham,1656.10742188,1691.22509766,-35.11767578000013,0.4496330104144409
2018_2019,2019-01-19,Liverpool,Crystal Palace,1957.6907959,1662.41320801,295.27758788999995,0.8455026593973992
2018_2019,2019-01-19,Man United,Brighton,1870.07958984,1642.47021484,227.609375,0.7875507848007801
2018_2019,2019-01-19,Newcastle,Cardiff,1625.36303711,1566.54162598,58.821411130000115,0.5838511984965816
2018_2019,2019-01-19,Southampton,Everton,1641.73193359,1698.83227539,-57.100341800000024,0.41855794276586544
2018_2019,2019-01-19,Watford,Burnley,1667.18017578,1627.58117676,39.59899901999984,0.556742053914429
2018_2019,2019-01-19,Wolves,Leicester,1634.53015137,1695.36181641,-60.83166503999996,0.4133399330902621
2018_2019,2019-01-20,Fulham,Tottenham,1570.11169434,1897.57263184,-327.4609375,0.13181370891079516
2018_2019,2019-01-20,Huddersfield,Man City,1520.07299805,1975.7454834,-455.67248535,0.06766887692275905
2018_2019,2019-01-29,Arsenal,Cardiff,1842.01342773,1557.12768555,284.8857421800001,0.8375259780713871
2018_2019,2019-01-29,Fulham,Brighton,1567.77075195,1640.12304688,-72.35229492999997,0.3973561789451507
2018_2019,2019-01-29,Huddersfield,Everton,1518.08154297,1690.67944336,-172.59790038999995,0.2702107899228581
2018_2019,2019-01-29,Man United,Burnley,1872.42675781,1630.21582031,242.2109375,0.8012743607699068
2018_2019,2019-01-29,Newcastle,Man City,1634.77697754,1977.73693848,-342.95996094,0.12193460096595038
2018_2019,2019-01-29,Wolves,West Ham,1642.82080078,1680.82897949,-38.00817871000004,0.44551899558187646
2018_2019,2019-01-30,Bournemouth,Chelsea,1666.50354004,1848.49743652,-181.9938964800001,0.2596783349132071
2018_2019,2019-01-30,Liverpool,Leicester,1959.2767334,1687.07104492,272.20568847999994,0.82734721502129
2018_2019,2019-01-30,Southampton,Crystal Palace,1649.88464355,1660.82727051,-10.942626960000098,0.4842574988987586
2018_2019,2019-01-30,Tottenham,Watford,1899.91357422,1664.54553223,235.36804199000017,0.7949275035470574
2018_2019,2019-02-02,Brighton,Watford,1628.03015137,1662.44018555,-34.41003417999991,0.4506412601844641
2018_2019,2019-02-02,Burnley,Southampton,1637.17419434,1648.53186035,-11.357666010000003,0.4836608245143127
2018_2019,2019-02-02,Cardiff,Bournemouth,1555.50073242,1688.95263672,-133.45190430000002,0.31686624857088636
2018_2019,2019-02-02,Chelsea,Huddersfield,1826.04846191,1512.8840332,313.16442871000004,0.8584796390759899
2018_2019,2019-02-02,Crystal Palace,Fulham,1662.18005371,1579.86364746,82.31640625,0.6162949073084144
2018_2019,2019-02-02,Everton,Wolves,1695.87695312,1655.88720703,39.98974609000015,0.5572970710293411
2018_2019,2019-02-02,Tottenham,Newcastle,1902.0189209,1649.35449219,252.66442871000004,0.8106828655823348
2018_2019,2019-02-03,Leicester,Man United,1694.47375488,1865.46838379,-170.99462891000007,0.2720346092541809
2018_2019,2019-02-03,Man City,Arsenal,1963.15930176,1843.64038086,119.51892090000001,0.6655232524598979
2018_2019,2019-02-04,West Ham,Liverpool,1667.76269531,1951.87402344,-284.11132812999995,0.1630815472347588
2018_2019,2019-02-06,Everton,Man City,1680.71203613,1968.37414551,-287.6621093800002,0.1603109588623456
2018_2019,2019-02-09,Brighton,Burnley,1627.3137207,1635.80175781,-8.48803711000005,0.4877871623276294
2018_2019,2019-02-09,Crystal Palace,West Ham,1668.7980957,1673.41796875,-4.619873050000024,0.4933518600585114
2018_2019,2019-02-09,Fulham,Man United,1573.2454834,1870.75415039,-297.50866698999994,0.15282710451910794
2018_2019,2019-02-09,Huddersfield,Arsenal,1509.64794922,1838.42553711,-328.77758788999995,0.13094876617291007
2018_2019,2019-02-09,Liverpool,Bournemouth,1946.21875,1674.83911133,271.3796386700001,0.8266669172466329
2018_2019,2019-02-09,Southampton,Cardiff,1649.90429688,1569.61425781,80.29003906999992,0.6135327742741095
2018_2019,2019-02-09,Watford,Everton,1663.15661621,1676.55200195,-13.395385739999938,0.48073203656269886
2018_2019,2019-02-10,Man City,Chelsea,1972.53417969,1829.28442383,143.24975586000005,0.695214436540074
2018_2019,2019-02-10,Tottenham,Leicester,1903.97949219,1689.18811035,214.79138183999999,0.7749434900838603
2018_2019,2019-02-11,Wolves,Newcastle,1671.05200195,1647.3939209,23.658081049999964,0.5339941912428101
2018_2019,2019-02-22,Cardiff,Watford,1583.26477051,1671.76611328,-88.50134276999984,0.37532136963197543
2018_2019,2019-02-22,West Ham,Fulham,1676.91540527,1570.19067383,106.72473144000014,0.6489340370271327
2018_2019,2019-02-23,Bournemouth,Wolves,1673.83764648,1670.58007812,3.2575683600000502,0.5046878803459373
2018_2019,2019-02-23,Burnley,Tottenham,1651.18920898,1921.0345459,-269.8453369199999,0.17460228400113667
2018_2019,2019-02-23,Leicester,Crystal Palace,1687.70825195,1669.05578613,18.65246582000009,0.5268172967808215
2018_2019,2019-02-23,Newcastle,Huddersfield,1651.62109375,1509.06274414,142.55834961000005,0.6943704429248503
2018_2019,2019-02-24,Arsenal,Southampton,1844.55407715,1640.00891113,204.54516602000012,0.7644901901032465
2018_2019,2019-02-24,Man United,Liverpool,1865.41711426,1949.02819824,-83.61108397999988,0.38194423093647345
2018_2019,2019-02-26,Cardiff,Everton,1568.64978027,1671.69763184,-103.04785156999992,0.35590299927563224
2018_2019,2019-02-26,Huddersfield,Wolves,1503.89086914,1672.32177734,-168.43090819999998,0.27496696701432144
2018_2019,2019-02-26,Leicester,Brighton,1670.48095703,1615.68139648,54.799560549999796,0.5782153808884686
2018_2019,2019-02-26,Newcastle,Burnley,1656.79284668,1664.44555664,-7.652709960000038,0.4889886457641847
2018_2019,2019-02-27,Arsenal,Bournemouth,1848.08496094,1672.09594727,175.98901367000008,0.7336213436992266
2018_2019,2019-02-27,Chelsea,Tottenham,1827.09875488,1907.77807617,-80.67932129000019,0.3859360233068517
2018_2019,2019-02-27,Crystal Palace,Man United,1686.28295898,1866.14257812,-179.85961913999995,0.26204720600438364
2018_2019,2019-02-27,Liverpool,Watford,1948.30285645,1686.38110352,261.92175293000014,0.8187264504037841
2018_2019,2019-02-27,Man City,West Ham,1984.84216309,1682.66210938,302.18005371000004,0.8506220479371381
2018_2019,2019-02-27,Southampton,Fulham,1636.47802734,1564.4440918,72.0339355399999,0.6022048906958346
2018_2019,2019-03-02,Bournemouth,Man City,1666.56054688,1986.2454834,-319.68493652000006,0.13702120516928007
2018_2019,2019-03-02,Brighton,Huddersfield,1610.37792969,1514.85913086,95.51879882999992,0.6341008832973005
2018_2019,2019-03-02,Burnley,Crystal Palace,1654.72839355,1678.99865723,-24.27026367999997,0.4651289854402018
2018_2019,2019-03-02,Man United,Southampton,1873.42687988,1643.35534668,230.07153319999998,0.7899125228084494
2018_2019,2019-03-02,Tottenham,Arsenal,1895.67883301,1853.62036133,42.05847168000014,0.5602330732676272
2018_2019,2019-03-02,West Ham,Newcastle,1681.25866699,1666.51000977,14.748657220000041,0.5212122838824746
2018_2019,2019-03-02,Wolves,Cardiff,1661.35351562,1556.60925293,104.74426269000014,0.6463324025255697
2018_2019,2019-03-03,Everton,Liverpool,1683.73815918,1952.33862305,-268.6004638700001,0.1756374403796776
2018_2019,2019-03-03,Fulham,Chelsea,1557.56677246,1839.19812012,-281.6313476600001,0.1650393927971771
2018_2019,2019-03-03,Watford,Leicester,1682.34533691,1675.78442383,6.560913080000091,0.5094407907439069
2018_2019,2019-03-09,Cardiff,West Ham,1557.3104248,1696.42602539,-139.11560058999999,0.3098514724301206
2018_2019,2019-03-09,Crystal Palace,Brighton,1698.48034668,1621.32861328,77.15173340000001,0.6092405618611682
2018_2019,2019-03-09,Huddersfield,Bournemouth,1516.97070312,1670.61340332,-153.64270020000004,0.29225886230564546
2018_2019,2019-03-09,Leicester,Fulham,1676.17419434,1560.92529297,115.24890136999988,0.660029572667761
2018_2019,2019-03-09,Man City,Watford,1995.25488281,1695.01782227,300.23706054000013,0.8491952842371973
2018_2019,2019-03-09,Newcastle,Everton,1664.4050293,1695.49584961,-31.090820310000026,0.4553757640332767
2018_2019,2019-03-09,Southampton,Tottenham,1647.70959473,1903.76269531,-256.0531005800001,0.18634143965393424
2018_2019,2019-03-10,Arsenal,Man United,1851.28515625,1903.37463379,-52.08947753999996,0.4255938745814436
2018_2019,2019-03-10,Chelsea,Wolves,1855.17749023,1673.71472168,181.4627685500002,0.7397334584822364
2018_2019,2019-03-10,Liverpool,Burnley,1953.64331055,1648.30883789,305.3344726600001,0.8529146574612143
2018_2019,2019-03-16,Bournemouth,Newcastle,1690.96105957,1683.61279297,7.348266599999988,0.5105734291755375
2018_2019,2019-03-16,Burnley,Leicester,1658.42419434,1693.50732422,-35.083129880000115,0.4496822219733808
2018_2019,2019-03-16,West Ham,Huddersfield,1694.45068359,1520.77307129,173.67761229999996,0.7310131003848813
2018_2019,2019-03-17,Everton,Chelsea,1700.43798828,1866.07897949,-165.64099121000004,0.2781802452280846
2018_2019,2019-03-17,Fulham,Liverpool,1567.74206543,1984.49609375,-416.7540283200001,0.0832467675819118
2018_2019,2019-03-30,Brighton,Southampton,1645.25769043,1672.51586914,-27.25817871000004,0.46085261511640874
2018_2019,2019-03-30,Burnley,Wolves,1649.65637207,1691.97375488,-42.3173828099998,0.4393997639437702
2018_2019,2019-03-30,Crystal Palace,Huddersfield,1698.70129395,1517.85498047,180.84631347999994,0.7390496729728326
2018_2019,2019-03-30,Fulham,Man City,1566.27319336,2010.86181641,-444.58862305,0.07180699207442973
2018_2019,2019-03-30,Leicester,Bournemouth,1702.27514648,1688.88330078,13.391845700000204,0.5192628764736842
2018_2019,2019-03-30,Man United,Watford,1904.83959961,1705.13781738,199.70178223000016,0.7594334388011331
2018_2019,2019-03-30,West Ham,Everton,1697.36877441,1715.33312988,-17.964355469999873,0.47417022854397956
2018_2019,2019-03-31,Cardiff,Chelsea,1583.43566895,1851.18371582,-267.74804687000005,0.17634903731080084
2018_2019,2019-03-31,Liverpool,Tottenham,1985.96496582,1903.10632324,82.85864258000015,0.6170327647805296
2018_2019,2019-04-01,Arsenal,Newcastle,1888.32275391,1685.69055176,202.63220215,0.7625017810652897
2018_2019,2019-04-02,Watford,Fulham,1702.65136719,1564.53796387,138.11340331999986,0.6889134890182586
2018_2019,2019-04-02,Wolves,Man United,1681.4074707,1907.3260498,-225.9185791,0.21408224580185106
2018_2019,2019-04-03,Chelsea,Brighton,1854.65600586,1636.11437988,218.54162598000016,0.7786862325315763
2018_2019,2019-04-03,Man City,Cardiff,2012.59692383,1579.96350098,432.63342285,0.9234687760933742
2018_2019,2019-04-03,Tottenham,Crystal Palace,1898.61083984,1702.66918945,195.94165038999995,0.7554568349592395
2018_2019,2019-04-05,Southampton,Liverpool,1681.65917969,1990.46044922,-308.8012695300001,0.1445993674801602
2018_2019,2019-04-06,Bournemouth,Burnley,1680.55334473,1660.22265625,20.330688479999935,0.529224863265974
2018_2019,2019-04-06,Huddersfield,Leicester,1513.88720703,1710.60510254,-196.71789551000006,0.24371860253642028
2018_2019,2019-04-06,Newcastle,Crystal Palace,1682.22216797,1699.11755371,-16.895385739999938,0.4757047332402404
2018_2019,2019-04-07,Everton,Arsenal,1728.38818359,1891.7911377,-163.4029541100001,0.28077451349299115
2018_2019,2019-04-08,Chelsea,West Ham,1858.56970215,1684.31384277,174.25585937999995,0.7316671206508787
2018_2019,2019-04-12,Leicester,Newcastle,1722.99194336,1676.57141113,46.42053223000016,0.5664098166284907
2018_2019,2019-04-13,Brighton,Bournemouth,1636.04333496,1669.70800781,-33.66467284999999,0.4517036915025078
2018_2019,2019-04-13,Burnley,Cardiff,1678.75354004,1582.90344238,95.85009766000007,0.634543251734524
2018_2019,2019-04-13,Fulham,Everton,1562.52294922,1742.63916016,-180.11621093999997,0.26176167459324123
2018_2019,2019-04-13,Man United,West Ham,1894.33374023,1684.21875,210.1149902300001,0.7702138501827586
2018_2019,2019-04-13,Southampton,Wolves,1681.49572754,1697.3927002,-15.896972660000074,0.4771383689807018
2018_2019,2019-04-13,Tottenham,Huddersfield,1912.01721191,1509.18603516,402.83117674999994,0.9104288651461131
2018_2019,2019-04-14,Crystal Palace,Man City,1712.45385742,2011.33056641,-298.87670899,0.15181029505527655
2018_2019,2019-04-14,Liverpool,Chelsea,2002.90039062,1869.91918945,132.98120117000008,0.6825469383291195
2018_2019,2019-04-15,Watford,Arsenal,1712.35192871,1893.81140137,-181.45947266000007,0.26027019430170634
2018_2019,2019-04-16,Brighton,Cardiff,1616.32910156,1576.8939209,39.435180660000015,0.5565093240935914
2018_2019,2019-04-20,Bournemouth,Fulham,1691.15869141,1579.54846191,111.61022950000006,0.6553138812501537
2018_2019,2019-04-20,Huddersfield,Watford,1509.32873535,1708.90661621,-199.57788086000005,0.2406968890189695
2018_2019,2019-04-20,Man City,Tottenham,2012.11706543,1920.52038574,91.59667968999997,0.6288468286160394
2018_2019,2019-04-20,Newcastle,Southampton,1689.43481445,1692.81945801,-3.384643560000086,0.4951292604517087
2018_2019,2019-04-20,West Ham,Leicester,1683.62426758,1713.60144043,-29.977172849999988,0.4569661153545201
2018_2019,2019-04-20,Wolves,Brighton,1689.54187012,1602.36035156,87.18151856000009,0.622895671934733
2018_2019,2019-04-21,Arsenal,Crystal Palace,1906.23242188,1709.96728516,196.26513671999987,0.7558006858435106
2018_2019,2019-04-21,Cardiff,Liverpool,1594.33569336,2013.81982422,-419.48413086000005,0.08205522262759868
2018_2019,2019-04-21,Everton,Man United,1729.08654785,1892.70043945,-163.6138916,0.2805293721402898
2018_2019,2019-04-22,Chelsea,Burnley,1868.23144531,1686.49951172,181.73193358999993,0.7400316577523258
2018_2019,2019-04-23,Tottenham,Brighton,1916.35754395,1606.59057617,309.76696777999996,0.8560868705905372
2018_2019,2019-04-23,Watford,Southampton,1713.80627441,1683.56860352,30.237670890000118,0.5434059703449485
2018_2019,2019-04-24,Man United,Man City,1871.63256836,2016.2800293,-144.64746093999997,0.30308340306779225
2018_2019,2019-04-24,Wolves,Arsenal,1685.31152344,1892.03210449,-206.72058104999996,0.23326263424103166
2018_2019,2019-04-26,Liverpool,Huddersfield,2015.98327637,1504.42907715,511.5541992200001,0.950014423982371
2018_2019,2019-04-27,Brighton,Newcastle,1605.25134277,1698.68579102,-93.43444824999983,0.3686874219204194
2018_2019,2019-04-27,Crystal Palace,Everton,1724.16760254,1750.15441895,-25.986816410000074,0.4626715497438747
2018_2019,2019-04-27,Fulham,Cardiff,1591.83703613,1592.17224121,-0.3352050800001507,0.4995176012619877
2018_2019,2019-04-27,Southampton,Bournemouth,1686.41711426,1678.87011719,7.546997070000089,0.5108592939281758
2018_2019,2019-04-27,Tottenham,West Ham,1917.69677734,1682.4876709,235.2091064399999,0.7947783172756432
2018_2019,2019-04-27,Watford,Wolves,1710.9576416,1701.61376953,9.343872070000089,0.5134436718232301
2018_2019,2019-04-28,Burnley,Man City,1692.68444824,2024.86499023,-332.18054199000017,0.12873558775906085
2018_2019,2019-04-28,Leicester,Arsenal,1714.73815918,1875.72998047,-160.9918212900002,0.28358587089351206
2018_2019,2019-04-28,Man United,Chelsea,1863.04760742,1862.04663086,1.0009765600000264,0.5014405170803106
2018_2019,2019-05-03,Everton,Burnley,1747.39538574,1686.12341309,61.27197264999995,0.5872745503259211
2018_2019,2019-05-04,Bournemouth,Tottenham,1677.0447998,1888.15014648,-211.10534668000014,0.22877872481637124
2018_2019,2019-05-04,Cardiff,Crystal Palace,1581.8704834,1718.77075195,-136.90026854999996,0.3125850987067857
2018_2019,2019-05-04,Newcastle,Liverpool,1693.99401855,2000.27160645,-306.27758790000007,0.1464055708583415
2018_2019,2019-05-04,West Ham,Southampton,1693.11535645,1680.08666992,13.028686529999959,0.5187410032934138
2018_2019,2019-05-04,Wolves,Fulham,1707.67565918,1593.98291016,113.69274901999984,0.6580166251111119
2018_2019,2019-05-05,Arsenal,Brighton,1862.13378906,1601.78723145,260.34655761,0.8173768122584538
2018_2019,2019-05-05,Chelsea,Watford,1862.09265137,1696.73986816,165.3527832100001,0.7214864998796534
2018_2019,2019-05-05,Huddersfield,Man United,1499.45239258,1856.98010254,-357.52770996000004,0.11323698474904596
2018_2019,2019-05-06,Man City,Leicester,2023.2701416,1728.4777832,294.7923584,0.845137436572867
2018_2019,2019-05-12,Brighton,Man City,1623.02709961,2038.48815918,-415.46105956999986,0.08381655225093809
2018_2019,2019-05-12,Burnley,Arsenal,1692.92578125,1877.94006348,-185.01428222999994,0.2563498046327548
2018_2019,2019-05-12,Crystal Palace,Bournemouth,1739.00500488,1702.40527344,36.599731439999914,0.5524772767993322
2018_2019,2019-05-12,Fulham,Newcastle,1604.00646973,1704.90222168,-100.89575194999998,0.3587479280587105
2018_2019,2019-05-12,Leicester,Chelsea,1740.91040039,1874.41162109,-133.50122069999998,0.3168048007893757
2018_2019,2019-05-12,Liverpool,Wolves,2041.96081543,1725.30273438,316.65808104999996,0.8609054112009904
2018_2019,2019-05-12,Man United,Cardiff,1864.02929688,1589.28686523,274.74243164999984,0.8294231553721677
2018_2019,2019-05-12,Southampton,Huddersfield,1683.68078613,1520.05395508,163.62683104999996,0.719485661211586
2018_2019,2019-05-12,Tottenham,Everton,1906.6829834,1768.24365234,138.4393310600001,0.6893154360821513
2018_2019,2019-05-12,Watford,West Ham,1705.56555176,1717.17175293,-11.60620116999985,0.48330354402816716
2019_2020,2019-08-09,Liverpool,Norwich,2050.40185547,1634.85314941,415.5487060600001,0.9162221834364674
2019_2020,2019-08-10,West Ham,Man City,1733.62585449,2041.45385742,-307.82800293000014,0.14529373268540316
2019_2020,2019-08-10,Bournemouth,Sheffield United,1695.07556152,1623.74536133,71.33020019000014,0.6012340498542181
2019_2020,2019-08-10,Burnley,Southampton,1685.84460449,1677.9675293,7.877075189999914,0.5113340805221249
2019_2020,2019-08-10,Crystal Palace,Everton,1746.71411133,1773.84375,-27.129638670000077,0.4610364704561774
2019_2020,2019-08-10,Watford,Brighton,1689.49072266,1620.44067383,69.05004883000015,0.5980830221390059
2019_2020,2019-08-10,Tottenham,Aston Villa,1894.99633789,1616.38537598,278.61096191,0.8325507163213957
2019_2020,2019-08-11,Leicester,Wolves,1742.85253906,1724.2980957,18.55444336000005,0.5266766347958705
2019_2020,2019-08-11,Newcastle,Arsenal,1719.76818848,1871.06481934,-151.29663086000005,0.29506011444596014
2019_2020,2019-08-11,Man United,Chelsea,1842.4074707,1887.18469238,-44.77722167999991,0.43591482081344607
2019_2020,2019-08-17,Arsenal,Burnley,1876.90087891,1696.7902832,180.1105957100001,0.7382320790147006
2019_2020,2019-08-17,Aston Villa,Bournemouth,1614.17553711,1691.47058105,-77.29504393999991,0.39056306008347647
2019_2020,2019-08-17,Brighton,West Ham,1640.47888184,1727.70458984,-87.22570799999994,0.37704457812897235
2019_2020,2019-08-17,Everton,Watford,1775.0020752,1669.6583252,105.34375,0.6471208399060381
2019_2020,2019-08-17,Norwich,Newcastle,1633.75634766,1714.13769531,-80.38134764999995,0.38634260456358227
2019_2020,2019-08-17,Southampton,Liverpool,1667.22753906,2051.7043457,-384.47680663999995,0.09856902497957767
2019_2020,2019-08-17,Man City,Tottenham,2047.58081055,1897.41186523,150.16894531999992,0.703587866145213
2019_2020,2019-08-18,Sheffield United,Crystal Palace,1627.55615234,1745.76147461,-118.20532227000012,0.3361620947860743
2019_2020,2019-08-18,Chelsea,Leicester,1872.140625,1740.62561035,131.51501465,0.6807153662426
2019_2020,2019-08-19,Wolves,Man United,1727.05090332,1857.65710449,-130.60620116999985,0.32042274266824755
2019_2020,2019-08-23,Aston Villa,Everton,1609.71691895,1782.04272461,-172.32580566000001,0.2705197712279268
2019_2020,2019-08-24,Norwich,Chelsea,1648.70080566,1869.96850586,-221.26770020000004,0.21862123920987817
2019_2020,2019-08-24,Brighton,Southampton,1644.1192627,1668.41455078,-24.295288079999864,0.4650931477792699
2019_2020,2019-08-24,Man United,Crystal Palace,1858.8314209,1739.2833252,119.54809569999998,0.6655606360216221
2019_2020,2019-08-24,Sheffield United,Leicester,1639.97070312,1748.73425293,-108.76354980999986,0.3483968922774229
2019_2020,2019-08-24,Watford,West Ham,1668.55407715,1730.00061035,-61.446533199999976,0.412481912025913
2019_2020,2019-08-24,Liverpool,Arsenal,2056.45385742,1882.62329102,173.83056640000018,0.7311861954770751
2019_2020,2019-08-25,Bournemouth,Man City,1701.86572266,2045.06591797,-343.20019531,0.12178661600123153
2019_2020,2019-08-25,Tottenham,Newcastle,1905.86303711,1705.12963867,200.73339843999997,0.760516689510694
2019_2020,2019-08-25,Wolves,Burnley,1741.046875,1697.00439453,44.0424804700001,0.5630448913894387
2019_2020,2019-08-31,Southampton,Man United,1682.74060059,1847.31396484,-164.57336424999994,0.27941596889883863
2019_2020,2019-08-31,Chelsea,Sheffield United,1875.37658691,1634.08447266,241.29211424999994,0.8004308038253515
2019_2020,2019-08-31,Crystal Palace,Aston Villa,1753.17590332,1625.97106934,127.2048339800001,0.6752988003130547
2019_2020,2019-08-31,Leicester,Bournemouth,1756.99560547,1700.01367188,56.98193359000015,0.5812761659245574
2019_2020,2019-08-31,Man City,Brighton,2049.29321289,1632.16833496,417.12487793000014,0.916916007146018
2019_2020,2019-08-31,Newcastle,Watford,1720.53259277,1658.2376709,62.29492187000005,0.5887011030017887
2019_2020,2019-08-31,West Ham,Norwich,1742.69213867,1645.66796875,97.02416992000008,0.6361091060694951
2019_2020,2019-08-31,Burnley,Liverpool,1701.16247559,2061.48413086,-360.32165526999984,0.11163201428991137
2019_2020,2019-09-01,Everton,Wolves,1768.16381836,1742.95507812,25.208740239999997,0.5362147653498495
2019_2020,2019-09-01,Arsenal,Tottenham,1879.96801758,1892.83532715,-12.867309570000089,0.48149091456722126
2019_2020,2019-09-14,Liverpool,Newcastle,2065.00097656,1717.11645508,347.8845214799999,0.8810681442233409
2019_2020,2019-09-14,Brighton,Burnley,1630.68847656,1697.64562988,-66.95715331999986,0.4048163856952365
2019_2020,2019-09-14,Man United,Leicester,1844.42773438,1764.15539551,80.27233886999988,0.6135086146968208
2019_2020,2019-09-14,Sheffield United,Southampton,1641.10388184,1685.62683105,-44.52294920999998,0.4362747706870991
2019_2020,2019-09-14,Tottenham,Crystal Palace,1894.2088623,1756.89135742,137.3175048799999,0.6879307583449566
2019_2020,2019-09-14,Wolves,Chelsea,1737.02600098,1868.35717773,-131.33117675000017,0.3195146811647149
2019_2020,2019-09-14,Norwich,Man City,1639.78759766,2050.77294922,-410.98535156,0.08581635577529817
2019_2020,2019-09-15,Bournemouth,Everton,1692.85388184,1774.09289551,-81.23901367000008,0.3851727605321006
2019_2020,2019-09-15,Watford,Arsenal,1661.65380859,1878.59448242,-216.94067383000015,0.22290604489467578
2019_2020,2019-09-16,Aston Villa,West Ham,1622.25561523,1748.57263184,-126.31701660999988,0.32582282426666886
2019_2020,2019-09-20,Southampton,Bournemouth,1686.10791016,1696.83068848,-10.722778319999861,0.48457357914280336
2019_2020,2019-09-21,Leicester,Tottenham,1751.4552002,1890.74951172,-139.29431152000006,0.30963152547291206
2019_2020,2019-09-21,Burnley,Norwich,1689.4654541,1647.44519043,42.02026367000008,0.5601788847617889
2019_2020,2019-09-21,Everton,Sheffield United,1754.08837891,1624.59509277,129.49328614,0.6781806371581729
2019_2020,2019-09-21,Man City,Watford,2033.51879883,1657.83178711,375.6870117199999,0.8968429595454088
2019_2020,2019-09-21,Newcastle,Brighton,1707.50024414,1622.84094238,84.65930176000006,0.6194791602144897
2019_2020,2019-09-22,Crystal Palace,Wolves,1741.7479248,1705.54748535,36.200439449999976,0.5519089109123785
2019_2020,2019-09-22,West Ham,Man United,1738.71398926,1842.23120117,-103.51721191000001,0.3552838780445648
2019_2020,2019-09-22,Arsenal,Aston Villa,1878.61181641,1616.08642578,262.5253906300002,0.8192415890765029
2019_2020,2019-09-22,Chelsea,Liverpool,1859.19213867,2041.2199707,-182.0278320299999,0.25964078176278815
2019_2020,2019-09-28,Sheffield United,Liverpool,1642.6105957,2046.09814453,-403.4875488299999,0.08926349229674477
2019_2020,2019-09-28,Aston Villa,Burnley,1614.28503418,1697.10217285,-82.81713867000008,0.3830236933764348
2019_2020,2019-09-28,Bournemouth,West Ham,1709.87976074,1751.78112793,-41.901367189999974,0.43998974932912704
2019_2020,2019-09-28,Chelsea,Brighton,1854.31384277,1626.79516602,227.51867675000017,0.7874634165781915
2019_2020,2019-09-28,Crystal Palace,Norwich,1739.09228516,1639.80847168,99.28381348000016,0.6391146571144549
2019_2020,2019-09-28,Tottenham,Southampton,1880.5970459,1673.05871582,207.53833007999992,0.7675782220345857
2019_2020,2019-09-28,Wolves,Watford,1708.203125,1655.25231934,52.950805660000015,0.5756177767796632
2019_2020,2019-09-28,Everton,Man City,1736.07287598,2036.09838867,-300.02551269000014,0.15096073260152523
2019_2020,2019-09-29,Leicester,Newcastle,1761.60778809,1703.54602051,58.06176757999992,0.5827883412063288
2019_2020,2019-09-30,Man United,Arsenal,1829.16418457,1880.41333008,-51.249145509999835,0.4267768522368617
2019_2020,2019-10-05,Brighton,Tottenham,1622.07006836,1862.49963379,-240.4295654299999,0.20036353193616938
2019_2020,2019-10-05,Burnley,Everton,1694.89123535,1730.64294434,-35.75170899,0.448729989188458
2019_2020,2019-10-05,Liverpool,Leicester,2047.96130371,1771.94616699,276.0151367200001,0.8304571799989845
2019_2020,2019-10-05,Norwich,Aston Villa,1632.28063965,1613.44152832,18.839111329999923,0.5270851208325211
2019_2020,2019-10-05,Watford,Sheffield United,1646.25720215,1639.50512695,6.752075200000036,0.5097157941855031
2019_2020,2019-10-05,West Ham,Crystal Palace,1750.74645996,1743.5657959,7.180664060000026,0.510332335152828
2019_2020,2019-10-06,Arsenal,Bournemouth,1882.16320801,1707.86010742,174.30310058999999,0.7317205078058802
2019_2020,2019-10-06,Man City,Wolves,2039.91918945,1719.90148926,320.0177001899999,0.8632051432766227
2019_2020,2019-10-06,Southampton,Chelsea,1669.04675293,1861.44934082,-192.40258789000018,0.2483263720927461
2019_2020,2019-10-06,Newcastle,Man United,1690.15319824,1824.25561523,-134.10241699000017,0.3160562300231219
2019_2020,2019-10-19,Everton,West Ham,1723.21374512,1741.13806152,-17.924316399999952,0.474227695966168
2019_2020,2019-10-19,Aston Villa,Brighton,1633.25549316,1643.91918945,-10.663696289999962,0.48465852452767305
2019_2020,2019-10-19,Bournemouth,Norwich,1705.13085938,1612.46679688,92.6640625,0.6302797715692284
2019_2020,2019-10-19,Chelsea,Newcastle,1869.82348633,1700.28808594,169.53540038999995,0.7262987431822683
2019_2020,2019-10-19,Leicester,Burnley,1770.26086426,1702.32043457,67.94042968999997,0.5965466438626912
2019_2020,2019-10-19,Tottenham,Watford,1840.6505127,1644.38378906,196.26672364,0.7558023718585246
2019_2020,2019-10-19,Wolves,Southampton,1742.23803711,1660.67272949,81.56530762000011,0.6152719522365251
2019_2020,2019-10-19,Crystal Palace,Man City,1753.17407227,2017.5826416,-264.4085693300001,0.17915865723295774
2019_2020,2019-10-20,Man United,Liverpool,1814.12060547,2049.64672852,-235.52612305000002,0.20492419209672752
2019_2020,2019-10-21,Sheffield United,Arsenal,1641.37866211,1884.89257812,-243.51391601,0.19753399726227455
2019_2020,2019-10-25,Southampton,Leicester,1673.70129395,1784.35632324,-110.6550292899999,0.3459291819820141
2019_2020,2019-10-26,Man City,Aston Villa,2034.31018066,1649.1895752,385.12060546,0.9017597756901163
2019_2020,2019-10-26,Brighton,Everton,1646.25756836,1742.05834961,-95.80078125,0.3655225838889466
2019_2020,2019-10-26,Watford,Bournemouth,1659.81762695,1710.10717773,-50.28955078000013,0.42812874648185817
2019_2020,2019-10-26,West Ham,Sheffield United,1740.56604004,1662.80358887,77.76245116999985,0.6100771801180735
2019_2020,2019-10-26,Burnley,Chelsea,1706.49755859,1892.25524902,-185.75769043000014,0.2555348536709294
2019_2020,2019-10-27,Newcastle,Wolves,1706.39758301,1750.01477051,-43.6171875,0.4375575163801387
2019_2020,2019-10-27,Arsenal,Crystal Palace,1882.70019531,1757.5534668,125.14672851,0.6726956394768764
2019_2020,2019-10-27,Liverpool,Tottenham,2056.80932617,1850.55249023,206.25683593999997,0.766259576984103
2019_2020,2019-10-27,Norwich,Man United,1625.76293945,1830.49499512,-204.73205567000014,0.23531616847332845
2019_2020,2019-11-02,Bournemouth,Man United,1710.5189209,1837.0982666,-126.57934569999998,0.3254912022144931
2019_2020,2019-11-02,Arsenal,Wolves,1877.68005371,1750.67626953,127.00378418000014,0.6750449794689113
2019_2020,2019-11-02,Aston Villa,Liverpool,1647.73779297,2059.15966797,-411.421875,0.0856194244579572
2019_2020,2019-11-02,Brighton,Norwich,1655.20654297,1619.15966797,36.046875,0.5516902858229564
2019_2020,2019-11-02,Man City,Southampton,2035.76184082,1652.9095459,382.8522949200001,0.9005969449705765
2019_2020,2019-11-02,Sheffield United,Burnley,1666.6862793,1699.38806152,-32.70178222000004,0.4530768377144948
2019_2020,2019-11-02,West Ham,Newcastle,1736.68347168,1705.73608398,30.94738769999981,0.5444194564789983
2019_2020,2019-11-02,Watford,Chelsea,1659.40600586,1899.36486816,-239.95886229999996,0.20079800867635297
2019_2020,2019-11-03,Crystal Palace,Leicester,1762.5736084,1805.14794922,-42.57434082000009,0.4390354364498448
2019_2020,2019-11-03,Everton,Tottenham,1733.109375,1848.20214844,-115.09277343999997,0.34017212611290576
2019_2020,2019-11-08,Norwich,Watford,1611.23303223,1655.33679199,-44.10375976,0.43686832462265224
2019_2020,2019-11-09,Chelsea,Crystal Palace,1900.35766602,1750.32189941,150.03576660999988,0.7034279572627442
2019_2020,2019-11-09,Burnley,West Ham,1686.68933105,1725.81066895,-39.12133790000007,0.4439366082491911
2019_2020,2019-11-09,Newcastle,Bournemouth,1716.24853516,1719.94750977,-3.698974609999823,0.49467694874494567
2019_2020,2019-11-09,Southampton,Everton,1651.88085938,1734.3482666,-82.46740722000004,0.3834995615425825
2019_2020,2019-11-09,Tottenham,Sheffield United,1857.83361816,1679.02478027,178.80883788999995,0.7367814071517703
2019_2020,2019-11-09,Leicester,Arsenal,1817.03942871,1865.85241699,-48.8129882799999,0.43021104484737677
2019_2020,2019-11-10,Man United,Brighton,1829.26647949,1662.77282715,166.49365233999993,0.7228042503178046
2019_2020,2019-11-10,Wolves,Aston Villa,1756.56213379,1646.01953125,110.54260253999996,0.6539243709712944
2019_2020,2019-11-10,Liverpool,Man City,2061.02612305,2030.48242188,30.543701170000077,0.5438430306969733
2019_2020,2019-11-23,West Ham,Tottenham,1713.08752441,1851.82275391,-138.73522950000006,0.31031989737037435
2019_2020,2019-11-23,Arsenal,Southampton,1855.1673584,1644.41088867,210.75646972999994,0.7708667402073869
2019_2020,2019-11-23,Bournemouth,Wolves,1713.38012695,1760.5612793,-47.18115235000005,0.43251518758396673
2019_2020,2019-11-23,Brighton,Leicester,1658.3770752,1827.7244873,-169.34741209999993,0.27391642839506875
2019_2020,2019-11-23,Crystal Palace,Liverpool,1745.69934082,2068.90942383,-323.21008300999983,0.13463933096917172
2019_2020,2019-11-23,Everton,Norwich,1741.8182373,1599.4543457,142.3638916,0.6941328340982099
2019_2020,2019-11-23,Watford,Burnley,1667.11560059,1699.41247559,-32.296875,0.4536544769703816
2019_2020,2019-11-23,Man City,Chelsea,2022.59899902,1904.98034668,117.61865234000015,0.6630838550042073
2019_2020,2019-11-24,Sheffield United,Man United,1685.03564453,1833.66223145,-148.62658692000014,0.2982671093864243
2019_2020,2019-11-25,Aston Villa,Newcastle,1642.02038574,1722.81591797,-80.79553223000016,0.3857774980388175
2019_2020,2019-11-30,Newcastle,Man City,1697.79858398,2006.15869141,-308.36010742999997,0.14491376692436778
2019_2020,2019-11-30,Burnley,Crystal Palace,1701.82678223,1730.30285645,-28.4760742200001,0.45911115180040984
2019_2020,2019-11-30,Chelsea,West Ham,1887.44018555,1694.2388916,193.20129395000004,0.7525308469841705
2019_2020,2019-11-30,Liverpool,Brighton,2050.96191406,1637.92700195,413.0349121099998,0.9151047253539998
2019_2020,2019-11-30,Tottenham,Bournemouth,1849.00244141,1692.14807129,156.8543701200001,0.7115504941507251
2019_2020,2019-11-30,Southampton,Watford,1638.18261719,1639.05334473,-0.8707275399999617,0.4987469249649033
2019_2020,2019-12-01,Norwich,Arsenal,1604.76806641,1823.32739258,-218.55932616999985,0.22129620877399184
2019_2020,2019-12-01,Wolves,Sheffield United,1753.89624023,1674.70056152,79.19567871000004,0.6120379994450078
2019_2020,2019-12-01,Leicester,Everton,1822.52648926,1710.85656738,111.66992188000017,0.6553914924812528
2019_2020,2019-12-01,Man United,Aston Villa,1803.59814453,1641.38977051,162.20837401999984,0.7178347424665672
2019_2020,2019-12-03,Crystal Palace,Bournemouth,1742.86584473,1689.08081055,53.78503417999991,0.5767904407988823
2019_2020,2019-12-03,Burnley,Man City,1689.26367188,2000.07397461,-310.8103027300001,0.143174768661376
2019_2020,2019-12-04,Chelsea,Aston Villa,1873.69384766,1647.06738281,226.62646485000005,0.7866025645561777
2019_2020,2019-12-04,Leicester,Watford,1826.49633789,1632.59069824,193.90563965,0.7532851431571667
2019_2020,2019-12-04,Man United,Tottenham,1797.92053223,1852.06982422,-54.149291990000165,0.42269779723031764
2019_2020,2019-12-04,Southampton,Norwich,1644.6451416,1609.0012207,35.64392090000001,0.55111651740026
2019_2020,2019-12-04,Wolves,West Ham,1750.05163574,1707.98510742,42.06652831999986,0.5602444994131419
2019_2020,2019-12-04,Liverpool,Everton,2051.72119141,1706.88671875,344.83447265999985,0.8792160016836981
2019_2020,2019-12-05,Sheffield United,Newcastle,1678.54516602,1703.88330078,-25.338134760000003,0.4636000028561077
2019_2020,2019-12-05,Arsenal,Brighton,1819.09423828,1637.16784668,181.9263916,0.7402469535624754
2019_2020,2019-12-07,Everton,Chelsea,1704.92724609,1875.87243652,-170.94519043000014,0.2720909709268384
2019_2020,2019-12-07,Bournemouth,Liverpool,1683.89880371,2053.68041992,-369.78161621000004,0.106344731601771
2019_2020,2019-12-07,Tottenham,Burnley,1844.1394043,1684.6361084,159.5032959,0.7146700583260082
2019_2020,2019-12-07,Watford,Crystal Palace,1628.91638184,1748.04785156,-119.13146972000004,0.33497341079505255
2019_2020,2019-12-07,Man City,Man United,2004.70166016,1805.85083008,198.85083008000015,0.7585373785589508
2019_2020,2019-12-08,Aston Villa,Leicester,1644.88891602,1830.1706543,-185.28173828000013,0.2560564135962974
2019_2020,2019-12-08,Newcastle,Southampton,1716.76538086,1650.11987305,66.64550781000003,0.5947512999366263
2019_2020,2019-12-08,Norwich,Sheffield United,1603.52648926,1665.66320801,-62.13671875,0.4115194221802659
2019_2020,2019-12-08,Brighton,Wolves,1650.84753418,1757.78039551,-106.93286133000015,0.35079306400572907
2019_2020,2019-12-09,West Ham,Arsenal,1700.25622559,1805.41467285,-105.15844726,0.3531227824026946
2019_2020,2019-12-14,Liverpool,Watford,2065.80029297,1634.62524414,431.17504883000015,0.9228733475883846
2019_2020,2019-12-14,Burnley,Newcastle,1681.72888184,1725.78393555,-44.05505371000004,0.4369373020203356
2019_2020,2019-12-14,Chelsea,Bournemouth,1866.9354248,1684.74768066,182.18774413999995,0.7405361298478643
2019_2020,2019-12-14,Leicester,Norwich,1842.72680664,1599.66149902,243.06530761999988,0.8020563360068362
2019_2020,2019-12-14,Sheffield United,Aston Villa,1677.64453125,1640.44897461,37.19555663999995,0.5533251394217669
2019_2020,2019-12-14,Southampton,West Ham,1649.21765137,1694.65771484,-45.440063469999814,0.43497681572705615
2019_2020,2019-12-15,Man United,Everton,1830.25720215,1724.22399902,106.03320312999995,0.6480266095551226
2019_2020,2019-12-15,Wolves,Tottenham,1765.2364502,1849.09313965,-83.85668944999998,0.38161053662949307
2019_2020,2019-12-15,Arsenal,Man City,1815.04003906,2000.02990723,-184.9898681699999,0.25637659707251137
2019_2020,2019-12-16,Crystal Palace,Brighton,1750.45532227,1656.16137695,94.29394531999992,0.6324634312300059
2019_2020,2019-12-21,Everton,Arsenal,1728.64599609,1806.84753418,-78.20153808999999,0.3893217173149031
2019_2020,2019-12-21,Aston Villa,Southampton,1632.5670166,1640.89074707,-8.3237304700001,0.4880234802292085
2019_2020,2019-12-21,Bournemouth,Burnley,1698.25817871,1689.36816406,8.890014650000012,0.5127909681221318
2019_2020,2019-12-21,Brighton,Sheffield United,1660.27185059,1685.52648926,-25.254638670000077,0.463719528646056
2019_2020,2019-12-21,Newcastle,Crystal Palace,1718.14465332,1746.34484863,-28.2001953099998,0.459505543874638
2019_2020,2019-12-21,Norwich,Wolves,1606.7121582,1757.91967773,-151.20751953000013,0.2951668224169994
2019_2020,2019-12-21,Man City,Leicester,2008.22253418,1835.67602539,172.54650878999996,0.729730868591723
2019_2020,2019-12-22,Watford,Man United,1633.67041016,1825.83520508,-192.16479491999985,0.24858196949721353
2019_2020,2019-12-22,Tottenham,Chelsea,1856.41003418,1853.42504883,2.984985349999988,0.5042956335396738
2019_2020,2019-12-26,Tottenham,Brighton,1843.15283203,1651.33776855,191.81506347999994,0.7510417936431699
2019_2020,2019-12-26,Aston Villa,Norwich,1619.42358398,1601.2064209,18.21716308000009,0.5261926062217063
2019_2020,2019-12-26,Bournemouth,Arsenal,1688.64782715,1806.25622559,-117.60839843999997,0.3369293317901056
2019_2020,2019-12-26,Chelsea,Southampton,1866.68225098,1654.03405762,212.64819335999982,0.7727845141869908
2019_2020,2019-12-26,Crystal Palace,West Ham,1738.99035645,1702.98449707,36.00585937999995,0.5516318897338093
2019_2020,2019-12-26,Everton,Burnley,1729.23730469,1698.97851562,30.25878906999992,0.5434361326499025
2019_2020,2019-12-26,Sheffield United,Watford,1694.46057129,1650.12487793,44.33569336000005,0.5634601056728962
2019_2020,2019-12-26,Man United,Newcastle,1809.38085938,1725.49914551,83.88171386999988,0.6184234567818199
2019_2020,2019-12-26,Leicester,Liverpool,1831.53344727,2066.75512695,-235.22167968000008,0.20520987780861255
2019_2020,2019-12-27,Wolves,Man City,1763.42541504,2012.3651123,-248.93969726,0.19262979953579978
2019_2020,2019-12-28,Brighton,Bournemouth,1648.62683105,1690.37475586,-41.747924810000086,0.44020740127355024
2019_2020,2019-12-28,Newcastle,Everton,1717.23693848,1735.05212402,-17.81518554000013,0.4743843331662725
2019_2020,2019-12-28,Southampton,Crystal Palace,1674.03710938,1744.68225098,-70.64514159999999,0.399711790630663
2019_2020,2019-12-28,Watford,Aston Villa,1652.96154785,1625.35754395,27.604003899999952,0.5396419778014815
2019_2020,2019-12-28,Norwich,Tottenham,1595.27258301,1845.86376953,-250.59118651999984,0.1911555969035146
2019_2020,2019-12-28,West Ham,Leicester,1697.29272461,1823.93688965,-126.64416503999996,0.3254092880714611
2019_2020,2019-12-28,Burnley,Man United,1693.16357422,1817.64294434,-124.47937011999988,0.3281507551774488
2019_2020,2019-12-29,Arsenal,Chelsea,1804.5291748,1846.67919922,-42.150024420000136,0.43963708791352835
2019_2020,2019-12-29,Liverpool,Wolves,2074.3515625,1776.21203613,298.1395263700001,0.8476424791929769
2019_2020,2019-12-29,Man City,Sheffield United,1999.57836914,1691.62390137,307.95446776999984,0.8547966483092792
2019_2020,2020-01-01,Brighton,Chelsea,1659.32214355,1855.0423584,-195.72021485000005,0.24477872940342985
2019_2020,2020-01-01,Burnley,Aston Villa,1683.97790527,1615.33764648,68.64025878999996,0.5975158495727808
2019_2020,2020-01-01,Newcastle,Leicester,1708.01550293,1830.19836426,-122.18286133000015,0.3310718823680894
2019_2020,2020-01-01,Southampton,Tottenham,1674.34790039,1840.8659668,-166.51806641000007,0.27716759247685874
2019_2020,2020-01-01,Watford,Wolves,1662.98144531,1774.71240234,-111.7309570299999,0.34452915900557296
2019_2020,2020-01-01,Man City,Everton,2001.57202148,1744.27368164,257.29833984000015,0.8147429439372081
2019_2020,2020-01-01,Norwich,Crystal Palace,1600.27038574,1744.37133789,-144.10095215,0.30374831569048266
2019_2020,2020-01-01,West Ham,Bournemouth,1691.03125,1679.67944336,11.35180663999995,0.5163307521744369
2019_2020,2020-01-01,Arsenal,Man United,1796.1661377,1826.82861328,-30.662475579999864,0.4559873585329976
2019_2020,2020-01-02,Liverpool,Sheffield United,2075.85131836,1689.63024902,386.22106933999976,0.9023195414690798
2019_2020,2020-01-10,Sheffield United,West Ham,1688.32421875,1703.38427734,-15.060058589999926,0.47834039723781513
2019_2020,2020-01-11,Crystal Palace,Arsenal,1741.9309082,1806.4329834,-64.50207520000004,0.40822601704763584
2019_2020,2020-01-11,Chelsea,Burnley,1851.26318359,1672.70043945,178.56274413999995,0.7365065815862907
2019_2020,2020-01-11,Everton,Brighton,1742.39196777,1663.10144043,79.29052734000015,0.6121676360831892
2019_2020,2020-01-11,Leicester,Southampton,1841.3951416,1685.04577637,156.34936522999988,0.7109534675717037
2019_2020,2020-01-11,Man United,Norwich,1816.56176758,1602.71081543,213.85095215,0.7739979292500543
2019_2020,2020-01-11,Wolves,Newcastle,1765.18786621,1696.81872559,68.36914062000005,0.5971404631618381
2019_2020,2020-01-11,Tottenham,Liverpool,1830.16821289,2077.15722656,-246.98901366999985,0.19438220938336992
2019_2020,2020-01-12,Bournemouth,Watford,1667.32641602,1672.50598145,-5.179565430000139,0.4925465583208288
2019_2020,2020-01-12,Aston Villa,Man City,1626.61523438,2003.45373535,-376.83850097000004,0.10254541102340806
2019_2020,2020-01-18,Watford,Tottenham,1688.63903809,1826.59460449,-137.95556639999995,0.3112812642182541
2019_2020,2020-01-18,Arsenal,Sheffield United,1806.22546387,1695.27478027,110.95068360000005,0.6544557977941774
2019_2020,2020-01-18,Brighton,Aston Villa,1658.27880859,1622.75268555,35.5261230399999,0.5509487586477959
2019_2020,2020-01-18,Man City,Crystal Palace,2007.31616211,1742.13842773,265.17773437999995,0.8214915548562037
2019_2020,2020-01-18,Norwich,Bournemouth,1597.93200684,1651.19335938,-53.26135253999996,0.42394559135200466
2019_2020,2020-01-18,Southampton,Wolves,1698.03857422,1761.72094727,-63.682373049999796,0.4093664128810664
2019_2020,2020-01-18,West Ham,Everton,1696.43371582,1747.21459961,-50.78088378999996,0.4274364123644982
2019_2020,2020-01-18,Newcastle,Chelsea,1700.28564453,1856.31433105,-156.02868652000006,0.28942602545148344
2019_2020,2020-01-19,Burnley,Leicester,1667.64929199,1828.40234375,-160.75305176000006,0.2838651976041225
2019_2020,2020-01-19,Liverpool,Man United,2080.73095703,1821.34057617,259.3903808599998,0.8165537544392648
2019_2020,2020-01-21,Aston Villa,Watford,1625.25854492,1691.02490234,-65.76635741999985,0.4064690468867929
2019_2020,2020-01-21,Bournemouth,Brighton,1643.27380371,1655.77294922,-12.499145510000062,0.4820200397469288
2019_2020,2020-01-21,Crystal Palace,Southampton,1749.38342285,1690.34143066,59.041992189999974,0.584159679514405
2019_2020,2020-01-21,Everton,Newcastle,1747.29089355,1710.97521973,36.31567382000003,0.5520729534477085
2019_2020,2020-01-21,Sheffield United,Man City,1699.68200684,2000.07128906,-300.38928222000004,0.1506925341165051
2019_2020,2020-01-21,Chelsea,Arsenal,1845.62475586,1801.8182373,43.806518560000086,0.5627106851380449
2019_2020,2020-01-22,Leicester,West Ham,1817.69519043,1696.35742188,121.33776854999996,0.6678498712051781
2019_2020,2020-01-22,Tottenham,Norwich,1824.20874023,1605.85144043,218.3572998000002,0.7785033205945467
2019_2020,2020-01-22,Man United,Burnley,1818.5970459,1678.35632324,140.24072266000007,0.6915318245638578
2019_2020,2020-01-23,Wolves,Liverpool,1769.41809082,2083.47436523,-314.0562744099998,0.14089778136427292
2019_2020,2020-01-29,West Ham,Liverpool,1689.6151123,2086.02832031,-396.41320800999983,0.09262994817065583
2019_2020,2020-02-01,Leicester,Chelsea,1824.4375,1842.85314941,-18.415649410000015,0.47352254141313566
2019_2020,2020-02-01,Bournemouth,Aston Villa,1653.1048584,1633.54638672,19.55847167999991,0.5281172085296112
2019_2020,2020-02-01,Crystal Palace,Sheffield United,1733.7220459,1696.93310547,36.78894042999991,0.5527465555673893
2019_2020,2020-02-01,Liverpool,Southampton,2088.26196289,1706.00280762,382.25915527000006,0.9002908636232355
2019_2020,2020-02-01,Newcastle,Norwich,1713.54675293,1603.51818848,110.02856444999998,0.6532544137473648
2019_2020,2020-02-01,Watford,Everton,1682.73706055,1744.71948242,-61.98242187000005,0.4117345365469868
2019_2020,2020-02-01,West Ham,Brighton,1687.38146973,1645.94189453,41.439575200000036,0.5593551475648265
2019_2020,2020-02-01,Man United,Wolves,1800.49267578,1766.86425781,33.62841796999987,0.5482446198096994
2019_2020,2020-02-02,Burnley,Arsenal,1696.46069336,1804.58984375,-108.12915038999995,0.34922639137895367
2019_2020,2020-02-02,Tottenham,Man City,1826.54199219,2002.82019043,-176.27819823999994,0.2660534692604986
2019_2020,2020-02-08,Everton,Crystal Palace,1752.50488281,1723.13879395,29.36608885999999,0.5421608472812932
2019_2020,2020-02-08,Brighton,Watford,1648.64099121,1674.95153809,-26.310546879999947,0.462208293191601
2019_2020,2020-02-09,Sheffield United,Bournemouth,1707.51635742,1659.10217285,48.41418457000009,0.5692261217487391
2019_2020,2020-02-14,Wolves,Leicester,1769.3536377,1823.3963623,-54.04272459999993,0.42284750136923344
2019_2020,2020-02-15,Southampton,Burnley,1704.12854004,1698.06872559,6.059814449999976,0.508719889810822
2019_2020,2020-02-15,Norwich,Liverpool,1607.93395996,2090.13623047,-482.20227051000006,0.058647131364877564
2019_2020,2020-02-16,Aston Villa,Tottenham,1627.54907227,1842.43591309,-214.8868408200001,0.22496068719924125
2019_2020,2020-02-16,Arsenal,Newcastle,1802.98193359,1709.13098145,93.85095213999989,0.6318704578404043
2019_2020,2020-02-17,Chelsea,Man United,1843.89428711,1798.00317383,45.89111328000013,0.5656612112179061
2019_2020,2020-02-19,Man City,West Ham,1984.5892334,1682.34533691,302.24389649,0.850668739096809
2019_2020,2020-02-22,Chelsea,Tottenham,1829.71386719,1838.09423828,-8.380371089999926,0.4879420149110914
2019_2020,2020-02-22,Burnley,Bournemouth,1708.20202637,1654.1496582,54.052368170000136,0.5771660463448733
2019_2020,2020-02-22,Crystal Palace,Newcastle,1715.27600098,1700.24511719,15.030883789999962,0.5216176954864233
2019_2020,2020-02-22,Sheffield United,Brighton,1713.69445801,1648.51831055,65.17614746000004,0.5927110345962637
2019_2020,2020-02-22,Southampton,Aston Villa,1695.22070312,1624.22436523,70.99633788999995,0.6007731897813096
2019_2020,2020-02-22,Leicester,Man City,1823.90759277,1989.73254395,-165.82495117999997,0.2779676605140371
2019_2020,2020-02-23,Man United,Watford,1814.52392578,1676.29992676,138.22399901999984,0.6890499120081776
2019_2020,2020-02-23,Wolves,Norwich,1781.91577148,1607.64501953,174.2707519500002,0.731683951427351
2019_2020,2020-02-23,Arsenal,Everton,1818.53051758,1761.59338379,56.93713378999996,0.5812133960774184
2019_2020,2020-02-24,Liverpool,West Ham,2084.23266602,1683.10168457,401.13098145000004,0.9096275319032457
2019_2020,2020-02-28,Norwich,Leicester,1599.62561035,1816.39953613,-216.7739257799999,0.22307235832918149
2019_2020,2020-02-29,Brighton,Crystal Palace,1648.91821289,1719.31896973,-70.40075683999999,0.40004938702087717
2019_2020,2020-02-29,Bournemouth,Chelsea,1641.85009766,1824.78210449,-182.93200682999986,0.25864151938647634
2019_2020,2020-02-29,Newcastle,Burnley,1690.91394043,1715.21337891,-24.299438480000163,0.4650872039901592
2019_2020,2020-02-29,West Ham,Southampton,1679.60266113,1699.92797852,-20.32531739000001,0.4707828399535948
2019_2020,2020-02-29,Watford,Liverpool,1667.05371094,2082.44335938,-415.38964844,0.08384812469024037
2019_2020,2020-03-01,Everton,Man United,1753.54528809,1831.31542969,-77.77014159999999,0.38991228892982116
2019_2020,2020-03-01,Tottenham,Wolves,1828.44250488,1783.18969727,45.25280760999999,0.5647582403931537
2019_2020,2020-03-07,Liverpool,Bournemouth,2054.52685547,1645.48535156,409.0415039100001,0.9133017137753193
2019_2020,2020-03-07,Arsenal,West Ham,1804.78137207,1689.68945312,115.09191895000004,0.6598267698277805
2019_2020,2020-03-07,Crystal Palace,Watford,1726.92858887,1694.97033691,31.958251960000098,0.5458623486587337
2019_2020,2020-03-07,Sheffield United,Norwich,1708.00634766,1611.60131836,96.40502930000002,0.6352837182349421
2019_2020,2020-03-07,Southampton,Newcastle,1689.84118652,1690.15893555,-0.317749029999959,0.4995427225151212
2019_2020,2020-03-07,Wolves,Brighton,1793.74438477,1641.30871582,152.4356689499998,0.7063018688681428
2019_2020,2020-03-07,Burnley,Tottenham,1715.96838379,1817.88793945,-101.91955566000001,0.3573932754501064
2019_2020,2020-03-08,Chelsea,Everton,1821.14697266,1754.28430176,66.86267090000001,0.5950525639418229
2019_2020,2020-03-08,Man United,Man City,1830.57641602,1997.88037109,-167.30395507000003,0.2762621550102243
2019_2020,2020-03-09,Leicester,Aston Villa,1804.42370605,1614.22900391,190.1947021399999,0.7492936661457463
2019_2020,2020-06-17,Aston Villa,Sheffield United,1602.37646484,1706.29711914,-103.92065430000002,0.3547520942186289
2019_2020,2020-06-17,Man City,Arsenal,1975.79089355,1802.5333252,173.25756834999993,0.7305373828436131
2019_2020,2020-06-19,Norwich,Southampton,1600.69494629,1674.08850098,-73.39355468999997,0.3959217235545954
2019_2020,2020-06-19,Tottenham,Man United,1798.41308594,1851.97485352,-53.56176757999992,0.42352331790569364
2019_2020,2020-06-20,Watford,Leicester,1682.66589355,1803.66064453,-120.99475097999994,0.3325882851915623
2019_2020,2020-06-20,Brighton,Arsenal,1640.24560547,1797.33056641,-157.08496093999997,0.28817714088935625
2019_2020,2020-06-20,West Ham,Wolves,1679.32177734,1784.2911377,-104.96936036000011,0.35337145854813723
2019_2020,2020-06-20,Bournemouth,Crystal Palace,1638.36486816,1726.61730957,-88.25244141000007,0.3756573550454076
2019_2020,2020-06-21,Newcastle,Sheffield United,1693.29589844,1704.81323242,-11.517333980000103,0.4834312926747508
2019_2020,2020-06-21,Aston Villa,Chelsea,1603.86035156,1825.25744629,-221.39709472999994,0.21849402531897166
2019_2020,2020-06-21,Everton,Liverpool,1737.55810547,2026.43139648,-288.87329101,0.15937465337692514
2019_2020,2020-06-22,Man City,Burnley,1980.99365234,1711.14550781,269.8481445299999,0.8254000451806062
2019_2020,2020-06-23,Leicester,Brighton,1801.68737793,1651.0012207,150.68615722999994,0.7042084136694531
2019_2020,2020-06-23,Tottenham,West Ham,1798.44421387,1669.8927002,128.55151367000008,0.6769962930685268
2019_2020,2020-06-24,Man United,Sheffield United,1851.94372559,1692.14135742,159.8023681699999,0.7150209913164539
2019_2020,2020-06-24,Newcastle,Aston Villa,1705.96777344,1600.01013184,105.95764159999999,0.6479273923318956
2019_2020,2020-06-24,Norwich,Everton,1587.91662598,1743.5958252,-155.6791992200001,0.28983994682108555
2019_2020,2020-06-24,Wolves,Bournemouth,1793.72021484,1628.26281738,165.45739746000004,0.721607493666022
2019_2020,2020-06-24,Liverpool,Crystal Palace,2020.39367676,1736.71936035,283.6743164100001,0.8365748119280476
2019_2020,2020-06-25,Burnley,Watford,1706.9309082,1684.63903809,22.29187010999999,0.5320366306957514
2019_2020,2020-06-25,Southampton,Arsenal,1686.86682129,1786.57495117,-99.70812988000012,0.36032216476498585
2019_2020,2020-06-25,Chelsea,Man City,1829.10766602,1985.20812988,-156.10046386,0.28934105808765387
2019_2020,2020-06-27,Aston Villa,Wolves,1604.17993164,1796.95837402,-192.77844238000012,0.24792273505451612
2019_2020,2020-06-28,Watford,Southampton,1678.38256836,1677.421875,0.9606933600000502,0.5013825453575091
2019_2020,2020-06-29,Crystal Palace,Burnley,1733.14013672,1713.18737793,19.95275879000019,0.5286828025827903
2019_2020,2020-06-30,Brighton,Man United,1656.17468262,1857.93896484,-201.7642822199998,0.23840417184328275
2019_2020,2020-07-01,Arsenal,Norwich,1796.01977539,1582.65014648,213.36962890999985,0.7735128928888548
2019_2020,2020-07-01,Bournemouth,Newcastle,1625.02478027,1701.79797363,-76.77319335999982,0.391278320643551
2019_2020,2020-07-01,Everton,Leicester,1748.86230469,1796.51391602,-47.65161132999992,0.43185059814601223
2019_2020,2020-07-01,West Ham,Chelsea,1664.45556641,1839.75415039,-175.29858397999988,0.2671560650086235
2019_2020,2020-07-02,Sheffield United,Tottenham,1686.14624023,1803.88122559,-117.73498535999988,0.3367665553504002
2019_2020,2020-07-02,Man City,Liverpool,1974.56164551,2023.97290039,-49.41125487999989,0.4293670471923659
2019_2020,2020-07-04,Norwich,Brighton,1577.60510254,1648.52258301,-70.9174804700001,0.3993356902816949
2019_2020,2020-07-04,Leicester,Crystal Palace,1788.40332031,1723.21203613,65.19128418000014,0.592732068971775
2019_2020,2020-07-04,Man United,Bournemouth,1865.59106445,1612.39379883,253.19726562000005,0.8111531676772489
2019_2020,2020-07-04,Wolves,Arsenal,1801.5333252,1801.06481934,0.46850586000005023,0.5006742337220923
2019_2020,2020-07-04,Chelsea,Watford,1828.39135742,1665.08496094,163.3063964800001,0.7191132283368744
2019_2020,2020-07-05,Burnley,Sheffield United,1723.11547852,1700.34838867,22.76708984999982,0.5327176591115839
2019_2020,2020-07-05,Newcastle,West Ham,1714.42895508,1675.81848145,38.61047362999989,0.5553373229336855
2019_2020,2020-07-05,Liverpool,Aston Villa,2007.7401123,1599.60498047,408.13513182999986,0.9128876916613867
2019_2020,2020-07-05,Southampton,Man City,1690.71960449,1990.79443359,-300.0748291,0.15092434982080571
2019_2020,2020-07-06,Tottenham,Everton,1789.67907715,1756.97290039,32.70617676000006,0.5469294308309769
2019_2020,2020-07-07,Crystal Palace,Chelsea,1713.8737793,1834.12036133,-120.2465820299999,0.3335449696590281
2019_2020,2020-07-07,Watford,Norwich,1659.35583496,1570.15783691,89.19799805000002,0.6256183880829879
2019_2020,2020-07-07,Arsenal,Leicester,1814.2121582,1797.74145508,16.470703120000053,0.5236855064192948
2019_2020,2020-07-08,Man City,Newcastle,1976.93554688,1712.03991699,264.89562989,0.8212532931401503
2019_2020,2020-07-08,Sheffield United,Wolves,1702.30285645,1788.38598633,-86.08312987999989,0.3785906905220232
2019_2020,2020-07-08,West Ham,Burnley,1678.20739746,1721.16088867,-42.95349121000004,0.43849797879600644
2019_2020,2020-07-08,Brighton,Liverpool,1655.96984863,2008.93481445,-352.9649658200001,0.1159013071240253
2019_2020,2020-07-09,Bournemouth,Tottenham,1608.83251953,1795.57617188,-186.74365235000005,0.25445663456394557
2019_2020,2020-07-09,Everton,Southampton,1751.07580566,1704.57836914,46.497436520000065,0.5665185351911772
2019_2020,2020-07-09,Aston Villa,Man United,1598.41015625,1869.15246582,-270.7423095700001,0.17385940505789432
2019_2020,2020-07-11,Norwich,West Ham,1565.40881348,1670.08618164,-104.67736816000001,0.3537556257050643
2019_2020,2020-07-11,Watford,Newcastle,1664.1048584,1707.63769531,-43.532836910000015,0.43767701702454936
2019_2020,2020-07-11,Liverpool,Burnley,2011.77062988,1729.28222656,282.48840331999986,0.8356393423536715
2019_2020,2020-07-11,Sheffield United,Chelsea,1711.59411621,1840.31481934,-128.72070312999995,0.3227907715126621
2019_2020,2020-07-11,Brighton,Man City,1653.1340332,1981.33776855,-328.20373535,0.13132515105998854
2019_2020,2020-07-12,Wolves,Everton,1779.09472656,1748.52026367,30.57446288999995,0.5438869596468251
2019_2020,2020-07-12,Aston Villa,Crystal Palace,1593.16552734,1707.67944336,-114.51391602000012,0.34092044660443516
2019_2020,2020-07-12,Tottenham,Arsenal,1791.69165039,1812.39782715,-20.706176760000062,0.47023664599487724
2019_2020,2020-07-12,Bournemouth,Leicester,1612.71704102,1799.5559082,-186.83886718000008,0.25435266923618577
2019_2020,2020-07-13,Man United,Southampton,1874.39709473,1707.13391113,167.26318360000005,0.7236909163950476
2019_2020,2020-07-14,Chelsea,Norwich,1822.50512695,1552.53137207,269.9737548799999,0.825504225946886
2019_2020,2020-07-15,Burnley,Wolves,1736.63659668,1789.93664551,-53.30004883000015,0.4238911923045338
2019_2020,2020-07-15,Man City,Bournemouth,1986.37036133,1632.91418457,353.45617675999983,0.8843881212425359
2019_2020,2020-07-15,Newcastle,Tottenham,1699.4597168,1799.15148926,-99.69177246000004,0.3603438682009698
2019_2020,2020-07-15,Arsenal,Liverpool,1804.93798828,2004.41625977,-199.47827149,0.2408016998374601
2019_2020,2020-07-16,Everton,Aston Villa,1737.67834473,1607.38085938,130.29748535,0.679190164386747
2019_2020,2020-07-16,Leicester,Sheffield United,1779.35888672,1729.40380859,49.955078130000174,0.571399789089501
2019_2020,2020-07-16,Crystal Palace,Man United,1693.46411133,1868.95715332,-175.49304199000017,0.26693696376434056
2019_2020,2020-07-16,Southampton,Brighton,1712.57385254,1648.1015625,64.47229003999996,0.5917325621015938
2019_2020,2020-07-17,West Ham,Watford,1682.96362305,1672.28283691,10.68078614000001,0.5153660465522644
2019_2020,2020-07-18,Norwich,Burnley,1550.65283203,1736.86779785,-186.2149658200001,0.2550344178254659
2019_2020,2020-07-19,Bournemouth,Southampton,1631.78234863,1709.51147461,-77.72912598000016,0.3899684551844985
2019_2020,2020-07-19,Tottenham,Leicester,1808.64135742,1787.41174316,21.229614260000062,0.5305139040228847
2019_2020,2020-07-20,Brighton,Newcastle,1651.16394043,1689.96984863,-38.805908199999976,0.4443848864677104
2019_2020,2020-07-20,Sheffield United,Everton,1721.35083008,1733.01135254,-11.660522460000038,0.48322545698759495
2019_2020,2020-07-20,Wolves,Crystal Palace,1789.70544434,1686.54663086,103.15881347999994,0.644243411337616
2019_2020,2020-07-21,Watford,Man City,1662.97302246,1987.5020752,-324.52905274,0.13375715654691087
2019_2020,2020-07-21,Aston Villa,Arsenal,1612.04785156,1816.83776855,-204.78991698999994,0.23525623914356558
2019_2020,2020-07-22,Man United,West Ham,1875.87451172,1692.27355957,183.60095215,0.7420961620116647
2019_2020,2020-07-22,Liverpool,Chelsea,1992.51635742,1824.38366699,168.13269043000014,0.7246906633579739
2019_2020,2020-07-26,Arsenal,Watford,1804.91430664,1658.36547852,146.54882812000005,0.6992234785419802
2019_2020,2020-07-26,Burnley,Brighton,1743.51489258,1650.88720703,92.62768555000002,0.6302309737505813
2019_2020,2020-07-26,Chelsea,Wolves,1819.88391113,1796.16149902,23.722412109999823,0.5340863419761501
2019_2020,2020-07-26,Crystal Palace,Tottenham,1680.09057617,1819.37927246,-139.28869628999996,0.30963843505917393
2019_2020,2020-07-26,Everton,Bournemouth,1742.0567627,1621.64343262,120.41333007999992,0.666668370340046
2019_2020,2020-07-26,Leicester,Man United,1776.67382812,1870.03283691,-93.35900878999996,0.36878850577431704
2019_2020,2020-07-26,Man City,Norwich,1992.10949707,1544.00561523,448.10388184,0.9295300852452097
2019_2020,2020-07-26,Newcastle,Liverpool,1690.24658203,1997.01611328,-306.76953125,0.14605202559545505
2019_2020,2020-07-26,Southampton,Sheffield United,1719.65039062,1712.30541992,7.344970699999976,0.5105686881143081
2019_2020,2020-07-26,West Ham,Aston Villa,1698.11523438,1623.97143555,74.14379882999992,0.6051107169102667
2020_2021,2020-09-12,Fulham,Arsenal,1591.54626465,1799.52392578,-207.9776611299999,0.2319709062010298
2020_2021,2020-09-12,Crystal Palace,Southampton,1673.68884277,1720.21118164,-46.522338869999885,0.43344626206265935
2020_2021,2020-09-12,Liverpool,Leeds,1991.63098145,1624.62426758,367.0067138700001,0.8921276333391065
2020_2021,2020-09-12,West Ham,Newcastle,1685.76428223,1677.56347656,8.200805669999909,0.5117997167700514
2020_2021,2020-09-13,West Brom,Leicester,1593.79064941,1757.98510742,-164.19445801000006,0.27985534065990236
2020_2021,2020-09-13,Tottenham,Everton,1807.71264648,1715.9395752,91.77307128000007,0.6290837884685574
2020_2021,2020-09-14,Sheffield United,Wolves,1693.6763916,1778.44799805,-84.77160645000004,0.3803684607644341
2020_2021,2020-09-14,Brighton,Chelsea,1653.63110352,1818.56286621,-164.93176269000014,0.2790007664436962
2020_2021,2020-09-19,Everton,West Brom,1727.68505859,1585.65991211,142.02514647999988,0.693718673776622
2020_2021,2020-09-19,Leeds,Fulham,1623.89941406,1584.77734375,39.122070310000026,0.5560644325216687
2020_2021,2020-09-19,Man United,Crystal Palace,1861.09973145,1682.27844238,178.82128907000015,0.7367953071280506
2020_2021,2020-09-19,Arsenal,West Ham,1807.03344727,1672.734375,134.2990722699999,0.6841884258193295
2020_2021,2020-09-20,Southampton,Tottenham,1712.36206055,1797.82580566,-85.46374510999999,0.3794298634860609
2020_2021,2020-09-20,Newcastle,Brighton,1691.3338623,1647.08032227,44.25354003000007,0.5633437785448017
2020_2021,2020-09-20,Chelsea,Liverpool,1825.85424805,1993.09631348,-167.2420654299999,0.2763333928836362
2020_2021,2020-09-20,Leicester,Burnley,1766.85632324,1723.07312012,43.783203119999826,0.5626776590605829
2020_2021,2020-09-21,Aston Villa,Sheffield United,1618.62438965,1684.03930664,-65.41491698999994,0.4069572047697413
2020_2021,2020-09-21,Wolves,Man City,1788.82556152,1968.14929199,-179.32373046999987,0.2626441821124294
2020_2021,2020-09-26,Brighton,Man United,1665.40490723,1842.53186035,-177.12695312000005,0.26510050998309515
2020_2021,2020-09-26,Crystal Palace,Everton,1701.51806641,1734.72106934,-33.20300292999991,0.4523619731214276
2020_2021,2020-09-26,West Brom,Chelsea,1579.29553223,1819.50024414,-240.20471191000001,0.20057099226731198
2020_2021,2020-09-26,Burnley,Southampton,1715.0760498,1700.82922363,14.246826170000077,0.5204913471069131
2020_2021,2020-09-27,Sheffield United,Leeds,1675.4967041,1630.20825195,45.28845215000001,0.5648086758632882
2020_2021,2020-09-27,Tottenham,Newcastle,1811.04370117,1673.68103027,137.3626709,0.6879865721962742
2020_2021,2020-09-27,Man City,Leicester,1974.95031738,1775.52526855,199.42504882999992,0.7591422855243665
2020_2021,2020-09-27,West Ham,Wolves,1669.17089844,1782.69641113,-113.52551268999991,0.34220004261366127
2020_2021,2020-09-28,Fulham,Aston Villa,1579.14025879,1627.83874512,-48.69848633000015,0.43037262355304634
2020_2021,2020-09-28,Liverpool,Arsenal,2000.12207031,1811.26867676,188.85339354999996,0.7478404294221779
2020_2021,2020-10-03,Chelsea,Crystal Palace,1815.06933594,1694.03198242,121.0373535199999,0.6674661492950539
2020_2021,2020-10-03,Everton,Brighton,1743.82592773,1661.48156738,82.34436035000022,0.6163329594606896
2020_2021,2020-10-03,Leeds,Man City,1641.18554688,1952.78857422,-311.60302734000015,0.14261587467374004
2020_2021,2020-10-03,Newcastle,Burnley,1679.04284668,1706.42272949,-27.379882810000026,0.4606785472776368
2020_2021,2020-10-04,Leicester,West Ham,1799.30566406,1690.32470703,108.98095703000013,0.6518871641571604
2020_2021,2020-10-04,Southampton,West Brom,1711.10119629,1585.34521484,125.75598145000004,0.673467360499558
2020_2021,2020-10-04,Arsenal,Sheffield United,1807.7097168,1666.13818359,141.5715332100001,0.6931635819348786
2020_2021,2020-10-04,Wolves,Fulham,1763.16113281,1566.82507324,196.3360595700001,0.7558760297682301
2020_2021,2020-10-04,Man United,Tottenham,1848.07385254,1809.74047852,38.333374020000065,0.5549433944384748
2020_2021,2020-10-04,Aston Villa,Liverpool,1641.77258301,2005.29968262,-363.52709961000005,0.10981519290860539
2020_2021,2020-10-17,Everton,Liverpool,1751.31311035,1970.78283691,-219.46972656000003,0.22039443098264652
2020_2021,2020-10-17,Chelsea,Southampton,1823.93395996,1717.05957031,106.87438965000001,0.649130278039922
2020_2021,2020-10-17,Man City,Arsenal,1946.1237793,1811.67236328,134.45141602000012,0.6843778842486657
2020_2021,2020-10-17,Newcastle,Man United,1690.57775879,1825.89160156,-135.31384277000006,0.31455073690025687
2020_2021,2020-10-18,Sheffield United,Fulham,1662.17553711,1563.79821777,98.37731933999999,0.6379102228153807
2020_2021,2020-10-18,Crystal Palace,Brighton,1685.16723633,1653.99438477,31.172851560000026,0.5447413456331571
2020_2021,2020-10-18,Tottenham,West Ham,1831.92260742,1710.3807373,121.54187012000011,0.66811044433352
2020_2021,2020-10-18,Leicester,Aston Villa,1779.24963379,1676.28942871,102.96020507999992,0.643981334990801
2020_2021,2020-10-19,West Brom,Burnley,1579.38684082,1694.88781738,-115.5009765599998,0.3396448985278586
2020_2021,2020-10-19,Leeds,Wolves,1647.85021973,1766.18798828,-118.33776854999996,0.33599197611413323
2020_2021,2020-10-23,Aston Villa,Leeds,1697.99694824,1652.54064941,45.45629882999992,0.5650461535517277
2020_2021,2020-10-24,West Ham,Man City,1724.90808105,1963.61413574,-238.70605468999997,0.20195783315774066
2020_2021,2020-10-24,Fulham,Crystal Palace,1577.75646973,1693.84655762,-116.09008789000018,0.3388847137192085
2020_2021,2020-10-24,Man United,Chelsea,1857.42102051,1829.97412109,27.446899420000136,0.5394172994398315
2020_2021,2020-10-24,Liverpool,Sheffield United,1980.85180664,1669.06201172,311.78979491999985,0.8575155369004399
2020_2021,2020-10-25,Southampton,Everton,1731.33239746,1766.61462402,-35.282226560000026,0.4493986169725362
2020_2021,2020-10-25,Wolves,Newcastle,1782.34204102,1691.50292969,90.83911132999992,0.6278284272297565
2020_2021,2020-10-25,Arsenal,Leicester,1822.73681641,1781.93603516,40.80078125,0.5584486072090472
2020_2021,2020-10-26,Brighton,West Brom,1666.15979004,1592.27856445,73.88122558999999,0.6047494856937745
2020_2021,2020-10-26,Burnley,Tottenham,1702.84069824,1842.87402344,-140.03332520000004,0.3087229059281317
2020_2021,2020-10-30,Wolves,Crystal Palace,1785.84106445,1706.33447266,79.5065917899999,0.6124628880412929
2020_2021,2020-10-31,Sheffield United,Man City,1674.0703125,1970.61279297,-296.5424804700001,0.15354858964520615
2020_2021,2020-10-31,Burnley,Chelsea,1704.46203613,1845.58056641,-141.1185302800002,0.30739132214505815
2020_2021,2020-10-31,Liverpool,West Ham,1990.51208496,1737.07470703,253.43737793000014,0.8113648067684756
2020_2021,2020-11-01,Aston Villa,Southampton,1687.51098633,1749.70825195,-62.19726562000005,0.41143501945529154
2020_2021,2020-11-01,Newcastle,Everton,1701.44250488,1761.67724609,-60.23474121000004,0.41417341738707786
2020_2021,2020-11-01,Man United,Arsenal,1877.63330078,1820.20324707,57.43005370999981,0.5819038903876873
2020_2021,2020-11-01,Tottenham,Brighton,1841.12817383,1670.10522461,171.02294921999987,0.7279976736392146
2020_2021,2020-11-02,Fulham,West Brom,1578.70690918,1601.77148438,-23.064575200000036,0.46685608214041924
2020_2021,2020-11-02,Leeds,Leicester,1676.46508789,1802.62866211,-126.1635742200001,0.32601687862151
2020_2021,2020-11-06,Brighton,Burnley,1671.99133301,1700.85021973,-28.858886719999873,0.45856397412353755
2020_2021,2020-11-06,Southampton,Newcastle,1762.21875,1715.76208496,46.45666503999996,0.5664608978938679
2020_2021,2020-11-07,Everton,Man United,1758.12219238,1858.57263184,-100.4504394600001,0.35933785169919763
2020_2021,2020-11-07,Crystal Palace,Leeds,1703.8848877,1672.3659668,31.518920900000012,0.5452353474211702
2020_2021,2020-11-07,Chelsea,Sheffield United,1864.44091797,1676.97277832,187.46813965,0.7463337310348569
2020_2021,2020-11-07,West Ham,Fulham,1740.24194336,1595.41516113,144.82678223000016,0.6971345897605105
2020_2021,2020-11-08,West Brom,Tottenham,1595.82775879,1853.67468262,-257.84692383000015,0.18478088566933062
2020_2021,2020-11-08,Leicester,Wolves,1823.21496582,1799.05517578,24.15979004000019,0.534712800000722
2020_2021,2020-11-08,Man City,Liverpool,1981.78881836,2009.21520996,-27.426391599999988,0.46061203040105886
2020_2021,2020-11-08,Arsenal,Aston Villa,1838.49658203,1685.76501465,152.7315673799999,0.7066550822976292
2020_2021,2020-11-21,Newcastle,Chelsea,1707.09851074,1870.15246582,-163.05395508000015,0.28118038992980027
2020_2021,2020-11-21,Aston Villa,Brighton,1707.10498047,1672.07275391,35.032226560000026,0.550245263090704
2020_2021,2020-11-21,Tottenham,Man City,1856.58508301,1981.80700684,-125.22192382999992,0.327209062379092
2020_2021,2020-11-21,Man United,West Brom,1867.10644531,1592.91748047,274.1889648399999,0.8289719240947482
2020_2021,2020-11-22,Fulham,Everton,1591.43115234,1749.58850098,-158.15734864,0.2869124916610513
2020_2021,2020-11-22,Sheffield United,West Ham,1671.26123047,1744.22607422,-72.96484375,0.39651210697886713
2020_2021,2020-11-22,Leeds,Arsenal,1660.91833496,1817.15661621,-156.23828125,0.28917795641657523
2020_2021,2020-11-22,Liverpool,Leicester,2009.19702148,1829.91906738,179.27795410000022,0.7373047827715902
2020_2021,2020-11-23,Burnley,Crystal Palace,1700.76879883,1715.33251953,-14.563720699999976,0.4790533881186489
2020_2021,2020-11-23,Wolves,Southampton,1792.35107422,1770.88232422,21.46875,0.5308567518337475
2020_2021,2020-11-27,Crystal Palace,Newcastle,1705.75830078,1698.83154297,6.926757809999799,0.5099670852719662
2020_2021,2020-11-28,Brighton,Liverpool,1680.0020752,1993.03588867,-313.03381347000004,0.14161173342861177
2020_2021,2020-11-28,Man City,Burnley,1969.2557373,1706.93945312,262.3162841799999,0.8190632688936669
2020_2021,2020-11-28,Everton,Leeds,1752.68164062,1662.72888184,89.95275878000007,0.6266354592913385
2020_2021,2020-11-28,West Brom,Sheffield United,1589.14501953,1662.57763672,-73.4326171900002,0.39586794512500895
2020_2021,2020-11-29,Southampton,Man United,1770.61157227,1869.97351074,-99.36193847000004,0.36078162192830493
2020_2021,2020-11-29,Chelsea,Tottenham,1878.91589355,1871.95007324,6.965820310000026,0.5100232782637601
2020_2021,2020-11-29,Arsenal,Wolves,1817.45996094,1789.21838379,28.241577150000012,0.5405536181873851
2020_2021,2020-11-30,Leicester,Fulham,1819.21240234,1584.93432617,234.27807616999985,0.7939027805388345
2020_2021,2020-11-30,West Ham,Aston Villa,1749.50598145,1695.7722168,53.73376465000001,0.5767183967029385
2020_2021,2020-12-05,Burnley,Everton,1698.61682129,1738.34924316,-39.73242187000005,0.4430684162787323
2020_2021,2020-12-05,Man City,Fulham,1966.70556641,1595.67956543,371.02600098000016,0.8943341149386761
2020_2021,2020-12-05,West Ham,Man United,1751.85791016,1859.64489746,-107.78698729999996,0.34967416107361676
2020_2021,2020-12-05,Chelsea,Leeds,1892.29907227,1670.23352051,222.06555175999983,0.7821623169036996
2020_2021,2020-12-06,West Brom,Crystal Palace,1595.09777832,1689.54101562,-94.44323729999996,0.36733682249525323
2020_2021,2020-12-06,Sheffield United,Leicester,1649.79724121,1787.9407959,-138.14355468999997,0.3110493151413808
2020_2021,2020-12-06,Tottenham,Arsenal,1864.92089844,1808.41418457,56.506713869999885,0.5806101928831299
2020_2021,2020-12-06,Liverpool,Wolves,1985.58764648,1795.51257324,190.07507324000017,0.7491642812082372
2020_2021,2020-12-07,Brighton,Southampton,1683.33178711,1760.94519043,-77.61340331999986,0.39012694001299053
2020_2021,2020-12-11,Leeds,West Ham,1662.37219238,1739.3536377,-76.98144532000015,0.3909928294620599
2020_2021,2020-12-12,Wolves,Aston Villa,1784.9309082,1682.43151855,102.49938965000001,0.643372927704726
2020_2021,2020-12-12,Newcastle,West Brom,1704.06018066,1577.91564941,126.14453125,0.6739590340980628
2020_2021,2020-12-12,Man United,Man City,1857.39709473,1967.20983887,-109.81274414000018,0.347027050958395
2020_2021,2020-12-12,Everton,Chelsea,1733.90563965,1883.63244629,-149.72680663999995,0.2969432058317332
2020_2021,2020-12-13,Southampton,Sheffield United,1763.63269043,1640.25109863,123.38159180000002,0.6704545280334866
2020_2021,2020-12-13,Crystal Palace,Tottenham,1698.40112305,1871.13952637,-172.7384033200001,0.2700513267239044
2020_2021,2020-12-13,Fulham,Liverpool,1589.88110352,1980.26416016,-390.3830566400002,0.09558905493770052
2020_2021,2020-12-13,Arsenal,Burnley,1796.85424805,1694.73840332,102.11584472999994,0.642866186355775
2020_2021,2020-12-13,Leicester,Brighton,1792.07055664,1672.32214355,119.74841308999999,0.6658172595166258
2020_2021,2020-12-15,Wolves,Chelsea,1773.47094727,1872.5489502,-99.07800293000014,0.36115864493300925
2020_2021,2020-12-15,Man City,West Brom,1964.96386719,1573.51916504,391.44470215,0.904937975654645
2020_2021,2020-12-16,Arsenal,Southampton,1785.37438965,1771.36047363,14.013916020000124,0.5201567162837684
2020_2021,2020-12-16,Leeds,Newcastle,1655.55664062,1708.45654297,-52.89990235000005,0.42445380503799296
2020_2021,2020-12-16,Leicester,Everton,1799.8536377,1744.98913574,54.8645019600001,0.5783065494466004
2020_2021,2020-12-16,Fulham,Brighton,1597.640625,1664.5390625,-66.8984375,0.404897824960205
2020_2021,2020-12-16,Liverpool,Tottenham,1972.5045166,1867.26586914,105.23864746000004,0.64698266825355
2020_2021,2020-12-16,West Ham,Crystal Palace,1746.16918945,1702.2746582,43.89453125,0.562835349182424
2020_2021,2020-12-17,Aston Villa,Burnley,1693.89135742,1706.21826172,-12.326904300000024,0.4822675986353702
2020_2021,2020-12-17,Sheffield United,Man United,1632.52331543,1859.64306641,-227.11975098000016,0.21292117384554257
2020_2021,2020-12-19,Crystal Palace,Liverpool,1704.43713379,1977.1730957,-272.73596191,0.17221718998215216
2020_2021,2020-12-19,Southampton,Man City,1772.68969727,1956.57165527,-183.88195800000017,0.2575943677340936
2020_2021,2020-12-19,Everton,Arsenal,1759.51171875,1784.04516602,-24.533447269999897,0.4647520960206157
2020_2021,2020-12-19,Newcastle,Fulham,1693.6451416,1598.62915039,95.01599121000004,0.6334290746894427
2020_2021,2020-12-20,Brighton,Sheffield United,1663.55053711,1628.87817383,34.67236328000013,0.5497325547994873
2020_2021,2020-12-20,Tottenham,Leicester,1862.59741211,1785.33105469,77.26635742000008,0.6093976336901584
2020_2021,2020-12-20,Man United,Leeds,1863.28820801,1670.36804199,192.92016602000012,0.7522293503306431
2020_2021,2020-12-20,West Brom,Aston Villa,1581.91149902,1693.25830078,-111.34680175999983,0.34502872286761244
2020_2021,2020-12-21,Burnley,Wolves,1706.85131836,1783.2401123,-76.38879393999991,0.3918054865228234
2020_2021,2020-12-21,Chelsea,West Ham,1862.77978516,1744.00671387,118.77307128999996,0.6645668422354174
2020_2021,2020-12-26,Leicester,Man United,1800.66589355,1869.20751953,-68.54162597999994,0.40262070283136003
2020_2021,2020-12-26,Aston Villa,Crystal Palace,1703.8215332,1696.8112793,7.010253899999952,0.510087197478513
2020_2021,2020-12-26,Fulham,Southampton,1602.19494629,1768.33215332,-166.13720703000013,0.2776070455094395
2020_2021,2020-12-26,Arsenal,Chelsea,1776.20861816,1870.24853516,-94.03991700000006,0.36787655228858024
2020_2021,2020-12-26,Man City,Newcastle,1960.92919922,1690.0793457,270.8498535200001,0.8262294958389402
2020_2021,2020-12-26,Sheffield United,Everton,1630.92272949,1767.34814453,-136.42541503999996,0.31317275695479535
2020_2021,2020-12-27,Leeds,Burnley,1664.4486084,1716.18078613,-51.732177729999876,0.4260967602152179
2020_2021,2020-12-27,West Ham,Brighton,1736.53796387,1661.50598145,75.03198242000008,0.6063317694678262
2020_2021,2020-12-27,Liverpool,West Brom,1984.79907227,1571.34814453,413.45092774,0.9152905862141116
2020_2021,2020-12-27,Wolves,Tottenham,1773.91064453,1847.26257324,-73.35192871000004,0.3959790339687752
2020_2021,2020-12-28,Crystal Palace,Leicester,1684.89709473,1801.5715332,-116.67443847000004,0.3381314923371241
2020_2021,2020-12-28,Chelsea,Aston Villa,1856.9453125,1715.73571777,141.20959472999994,0.6927202716996922
2020_2021,2020-12-29,Brighton,Arsenal,1664.6706543,1789.51184082,-124.84118652000006,0.3276917330588436
2020_2021,2020-12-29,Burnley,Sheffield United,1707.75341797,1625.36425781,82.38916016000007,0.6163939396436636
2020_2021,2020-12-29,Southampton,West Ham,1764.77709961,1733.37329102,31.403808590000153,0.5450710384891144
2020_2021,2020-12-29,West Brom,Leeds,1579.9699707,1672.87609863,-92.90612792999991,0.3693955778781519
2020_2021,2020-12-29,Man United,Wolves,1868.30187988,1774.90112305,93.40075682999986,0.6312674352439342
2020_2021,2020-12-30,Newcastle,Liverpool,1687.26013184,1976.17724609,-288.91711424999994,0.15934085898817194
2020_2021,2021-01-01,Everton,West Ham,1772.90673828,1735.35742188,37.54931639999995,0.5538283951563772
2020_2021,2021-01-01,Man United,Aston Villa,1873.15600586,1720.49475098,152.66125488000012,0.7065711728979606
2020_2021,2021-01-02,Tottenham,Leeds,1846.27209473,1687.71728516,158.55480956999986,0.7135553841089282
2020_2021,2021-01-02,Crystal Palace,Sheffield United,1687.10571289,1620.09265137,67.01306151999984,0.5952611545105908
2020_2021,2021-01-02,Brighton,Wolves,1658.84899902,1770.046875,-111.19787597999994,0.3452224813667231
2020_2021,2021-01-02,West Brom,Arsenal,1565.12866211,1795.33349609,-230.20483397999988,0.2099601647261196
2020_2021,2021-01-03,Newcastle,Leicester,1693.43273926,1799.36279297,-105.93005371000004,0.35210883555161726
2020_2021,2021-01-03,Chelsea,Man City,1852.1862793,1963.74841309,-111.56213378999996,0.34474865817304556
2020_2021,2021-01-04,Southampton,Liverpool,1762.79296875,1970.00476074,-207.21179198999994,0.23275728943565022
2020_2021,2021-01-12,Sheffield United,Newcastle,1612.2845459,1687.15759277,-74.87304687000005,0.39388663406563906
2020_2021,2021-01-12,Burnley,Man United,1713.02502441,1876.74841309,-163.72338867999997,0.2804021714245803
2020_2021,2021-01-12,Wolves,Everton,1768.01257324,1762.93579102,5.076782220000041,0.5073055569712328
2020_2021,2021-01-13,Man City,Brighton,1972.24780273,1660.88330078,311.3645019500002,0.8572161495266949
2020_2021,2021-01-13,Tottenham,Fulham,1852.28308105,1605.75,246.53308104999996,0.8052064608226787
2020_2021,2021-01-14,Arsenal,Crystal Palace,1802.57470703,1694.91394043,107.66076659999999,0.6501605939549778
2020_2021,2021-01-16,Wolves,West Brom,1758.83056641,1557.88757324,200.94299317000014,0.7607363659697172
2020_2021,2021-01-16,Leeds,Brighton,1681.70629883,1659.25720215,22.44909667999991,0.5322619624559148
2020_2021,2021-01-16,West Ham,Burnley,1745.32836914,1708.12573242,37.20263671999987,0.5533352125608637
2020_2021,2021-01-16,Fulham,Chelsea,1612.45031738,1843.68688965,-231.23657227000012,0.20897669182759468
2020_2021,2021-01-16,Leicester,Southampton,1805.63793945,1774.9395752,30.69836424999994,0.544063888757126
2020_2021,2021-01-17,Sheffield United,Tottenham,1621.51782227,1845.58276367,-224.06494140000018,0.21588302790053068
2020_2021,2021-01-17,Liverpool,Man United,1957.8581543,1881.64770508,76.2104492200001,0.60794984547866
2020_2021,2021-01-17,Man City,Crystal Palace,1973.8737793,1698.79870605,275.07507325000006,0.8296938966625651
2020_2021,2021-01-18,Arsenal,Newcastle,1798.68981934,1677.92431641,120.76550292999991,0.6671187212883622
2020_2021,2021-01-19,West Ham,West Brom,1751.60070801,1571.47119141,180.1295166,0.7382531262630614
2020_2021,2021-01-19,Leicester,Chelsea,1814.64123535,1847.18725586,-32.54602051000006,0.45329903196858384
2020_2021,2021-01-20,Man City,Aston Villa,1977.91381836,1716.90234375,261.01147461000005,0.8179474672023639
2020_2021,2021-01-20,Fulham,Man United,1608.94995117,1884.65588379,-275.7059326199999,0.16979357696056024
2020_2021,2021-01-21,Liverpool,Burnley,1954.84985352,1701.85339355,252.99645996999993,0.8109760343087433
2020_2021,2021-01-23,Aston Villa,Newcastle,1713.92614746,1670.15527344,43.770874020000065,0.5626601947944703
2020_2021,2021-01-26,Crystal Palace,West Ham,1694.75878906,1754.86621094,-60.10742187999995,0.41435125705455744
2020_2021,2021-01-26,Newcastle,Leeds,1661.51196289,1672.19189453,-10.67993163999995,0.48463518201075245
2020_2021,2021-01-26,Southampton,Arsenal,1765.9362793,1806.4588623,-40.52258299999994,0.4419463182413162
2020_2021,2021-01-26,West Brom,Man City,1568.20568848,1980.89001465,-412.6843261700001,0.08505219104662803
2020_2021,2021-01-27,Burnley,Aston Villa,1716.50854492,1722.56933594,-6.060791019999897,0.4912787052194902
2020_2021,2021-01-27,Chelsea,Wolves,1835.80603027,1745.24682617,90.55920409999999,0.627451859280602
2020_2021,2021-01-27,Brighton,Fulham,1668.77160645,1606.11364746,62.65795899,0.5892070190663293
2020_2021,2021-01-27,Everton,Leicester,1772.11779785,1826.02246094,-53.904663089999985,0.42304146900515865
2020_2021,2021-01-27,Man United,Sheffield United,1887.49230957,1616.33154297,271.1607666,0.8264863093285225
2020_2021,2021-01-28,Tottenham,Liverpool,1850.76904297,1940.19458008,-89.42553710999982,0.3740748763351297
2020_2021,2021-01-30,Everton,Newcastle,1772.82104492,1652.98876953,119.83227539000018,0.6659246650756775
2020_2021,2021-01-30,Crystal Palace,Wolves,1687.46252441,1748.56945801,-61.10693360000005,0.4129557427184118
2020_2021,2021-01-30,Man City,Sheffield United,1983.7286377,1631.07202148,352.65661621999993,0.8839166874867576
2020_2021,2021-01-30,West Brom,Fulham,1565.3671875,1608.70385742,-43.33666992000008,0.43795495745184776
2020_2021,2021-01-30,Arsenal,Man United,1817.34863281,1872.75183105,-55.40319823999994,0.42093740346217673
2020_2021,2021-01-30,Southampton,Aston Villa,1755.04650879,1715.01342773,40.03308105999986,0.5573586152311993
2020_2021,2021-01-31,Chelsea,Burnley,1832.48352051,1724.0645752,108.41894531000003,0.6511526390994758
2020_2021,2021-01-31,Leicester,Leeds,1825.31921387,1680.71520996,144.60400391000007,0.6968637548292121
2020_2021,2021-01-31,West Ham,Liverpool,1762.16247559,1949.32849121,-187.16601562000005,0.2539956683217718
2020_2021,2021-01-31,Brighton,Tottenham,1666.18139648,1841.63513184,-175.45373535999988,0.26698124242203186
2020_2021,2021-02-02,Sheffield United,West Brom,1629.71191406,1565.80126953,63.91064453000013,0.5909512642246596
2020_2021,2021-02-02,Wolves,Arsenal,1739.53710938,1818.12878418,-78.59167479999996,0.3887879087933662
2020_2021,2021-02-02,Man United,Southampton,1871.97167969,1745.27954102,126.69213867000008,0.6746513307709981
2020_2021,2021-02-02,Newcastle,Crystal Palace,1669.75671387,1696.49487305,-26.73815917999991,0.46159648244284474
2020_2021,2021-02-03,Burnley,Man City,1717.2722168,1985.08862305,-267.81640625,0.17629188749926514
2020_2021,2021-02-03,Fulham,Leicester,1608.26965332,1808.24291992,-199.9732666,0.2402811642199212
2020_2021,2021-02-03,Leeds,Everton,1697.79150391,1756.05297852,-58.26147460999982,0.41693216320219173
2020_2021,2021-02-03,Aston Villa,West Ham,1724.78039551,1756.2232666,-31.442871089999926,0.45487320340382115
2020_2021,2021-02-03,Liverpool,Brighton,1955.2677002,1677.98449707,277.28320312999995,0.8314824684757582
2020_2021,2021-02-04,Tottenham,Chelsea,1829.83203125,1839.27575684,-9.443725589999985,0.486412732409195
2020_2021,2021-02-06,Aston Villa,Arsenal,1713.74157715,1808.64489746,-94.90332031000003,0.36672153781865025
2020_2021,2021-02-06,Burnley,Brighton,1713.1652832,1692.84667969,20.318603510000003,0.5292075309772746
2020_2021,2021-02-06,Newcastle,Southampton,1661.63391113,1732.07617188,-70.44226075000006,0.39999204626046964
2020_2021,2021-02-06,Fulham,West Ham,1602.63061523,1767.26208496,-164.63146972999994,0.27934862835783153
2020_2021,2021-02-06,Man United,Everton,1885.17504883,1763.25097656,121.9240722699999,0.6685981186612208
2020_2021,2021-02-07,Tottenham,West Brom,1821.4765625,1559.98510742,261.4914550799999,0.8183585409774745
2020_2021,2021-02-07,Wolves,Leicester,1749.02099609,1813.88208008,-64.86108399,0.4077268627543399
2020_2021,2021-02-07,Liverpool,Man City,1940.40539551,1989.19555664,-48.79016112999989,0.4302432560510982
2020_2021,2021-02-07,Sheffield United,Chelsea,1635.52819824,1847.63122559,-212.10302735000005,0.22776699454191796
2020_2021,2021-02-08,Leeds,Crystal Palace,1690.59350586,1704.61767578,-14.02416991999985,0.47982855116740314
2020_2021,2021-02-13,Leicester,Liverpool,1812.77124023,1927.53271484,-114.76147460999982,0.34060031682959824
2020_2021,2021-02-13,Crystal Palace,Burnley,1693.57128906,1711.84997559,-18.27868652999996,0.4737190982071436
2020_2021,2021-02-13,Man City,Tottenham,2002.06835938,1824.56140137,177.50695800999983,0.7353254414842578
2020_2021,2021-02-13,Brighton,Aston Villa,1694.16210938,1723.52783203,-29.365722649999952,0.4578396759901276
2020_2021,2021-02-14,Southampton,Wolves,1722.8026123,1750.13171387,-27.329101570000148,0.4607511762119976
2020_2021,2021-02-14,West Brom,Man United,1556.90026855,1881.16577148,-324.26550293000014,0.13393303651741564
2020_2021,2021-02-14,Arsenal,Leeds,1798.85876465,1701.64001465,97.21875,0.6363683392718772
2020_2021,2021-02-14,Everton,Fulham,1767.26013184,1606.43029785,160.82983399,0.7162246449015306
2020_2021,2021-02-15,West Ham,Sheffield United,1763.46240234,1631.75354004,131.70886229999996,0.6809578441612432
2020_2021,2021-02-15,Chelsea,Newcastle,1851.40588379,1670.9074707,180.49841308999999,0.7386632615948635
2020_2021,2021-02-17,Burnley,Fulham,1730.12731934,1627.97814941,102.14916992999997,0.6429102284653123
2020_2021,2021-02-17,Everton,Man City,1753.01708984,2011.69641113,-258.67932128999996,0.18406017402603014
2020_2021,2021-02-19,Wolves,Leeds,1766.0793457,1702.51098633,63.56835937000005,0.5904748900786454
2020_2021,2021-02-20,Southampton,Chelsea,1722.74926758,1864.21386719,-141.46459961000005,0.3069673555985047
2020_2021,2021-02-20,Burnley,West Brom,1730.96496582,1571.8059082,159.1590576200001,0.714265806084448
2020_2021,2021-02-20,Liverpool,Everton,1932.38391113,1753.23779297,179.1461181599998,0.7371577659823197
2020_2021,2021-02-20,Fulham,Sheffield United,1635.73010254,1631.98217773,3.7479248099998586,0.5053934881652489
2020_2021,2021-02-21,West Ham,Tottenham,1779.12805176,1829.82678223,-50.69873046999987,0.4275521543566797
2020_2021,2021-02-21,Aston Villa,Leicester,1731.34118652,1833.84924316,-102.50805663999995,0.3566156251293749
2020_2021,2021-02-21,Arsenal,Man City,1814.42419434,2020.06530762,-205.64111328000013,0.23437584197537298
2020_2021,2021-02-21,Man United,Newcastle,1893.39782715,1673.99377441,219.40405274,0.7795406055152702
2020_2021,2021-02-22,Brighton,Crystal Palace,1702.24291992,1686.89331055,15.349609370000053,0.5220755027652753
2020_2021,2021-02-23,Leeds,Southampton,1696.70385742,1725.96862793,-29.264770509999835,0.45798392837870394
2020_2021,2021-02-27,Man City,West Ham,2026.13208008,1786.4119873,239.72009277999996,0.7989813285302046
2020_2021,2021-02-27,West Brom,Brighton,1575.41516113,1691.65307617,-116.23791504000019,0.3386940888693516
2020_2021,2021-02-27,Leeds,Aston Villa,1709.41308594,1723.99633789,-14.583251949999976,0.47902532978682016
2020_2021,2021-02-27,Newcastle,Wolves,1668.88513184,1770.63085938,-101.74572753999996,0.35762311740881164
2020_2021,2021-02-28,Crystal Palace,Fulham,1694.9720459,1641.92236328,53.04968262000011,0.5757568115682203
2020_2021,2021-02-28,Leicester,Arsenal,1815.51342773,1815.36376953,0.14965820000020358,0.5002153754494073
2020_2021,2021-02-28,Tottenham,Burnley,1821.40075684,1724.84448242,96.55627441999991,0.6354854195676729
2020_2021,2021-02-28,Chelsea,Man United,1868.37902832,1895.47717285,-27.0981445299999,0.4610815192511053
2020_2021,2021-02-28,Sheffield United,Liverpool,1623.27856445,1912.77612305,-289.49755860000005,0.15889379578791754
2020_2021,2021-03-01,Everton,Southampton,1770.33435059,1710.74829102,59.58605957000009,0.5849202715065114
2020_2021,2021-03-02,Man City,Wolves,2028.56567383,1768.55395508,260.01171875,0.8170889164071753
2020_2021,2021-03-03,Burnley,Leicester,1714.8079834,1803.03857422,-88.23059082000009,0.3756868563046263
2020_2021,2021-03-03,Sheffield United,Aston Villa,1619.51647949,1732.34509277,-112.82861328000013,0.3431036382511453
2020_2021,2021-03-03,Crystal Palace,Man United,1692.60180664,1895.58666992,-202.98486328000013,0.2371307818482179
2020_2021,2021-03-04,Fulham,Tottenham,1644.29272461,1831.43725586,-187.14453125,0.2540191030106758
2020_2021,2021-03-04,West Brom,Everton,1585.81567383,1776.04931641,-190.23364258000015,0.25066422730519355
2020_2021,2021-03-04,Liverpool,Chelsea,1916.53820801,1868.26953125,48.26867676000006,0.5690207213221768
2020_2021,2021-03-06,Burnley,Arsenal,1716.44042969,1827.83862305,-111.39819336000005,0.3449618722492585
2020_2021,2021-03-06,Sheffield United,Southampton,1629.86962891,1705.0333252,-75.16369628999996,0.3934872662488397
2020_2021,2021-03-06,Aston Villa,Wolves,1721.99194336,1764.69824219,-42.70629882999992,0.4388483655111363
2020_2021,2021-03-06,Brighton,Leicester,1681.25256348,1801.40612793,-120.15356444999998,0.3336640074006491
2020_2021,2021-03-07,West Brom,Newcastle,1581.60620117,1670.96203613,-89.35583495999981,0.37416882805494955
2020_2021,2021-03-07,Liverpool,Fulham,1906.39257812,1639.96740723,266.4251708900001,0.8225421435226873
2020_2021,2021-03-07,Man City,Man United,2032.42138672,1891.00476074,141.41662598000016,0.6929738917714275
2020_2021,2021-03-07,Tottenham,Crystal Palace,1835.76245117,1697.18359375,138.57885742000008,0.689487418316693
2020_2021,2021-03-08,Chelsea,Everton,1878.41516113,1780.25878906,98.15637206999986,0.6376163927118342
2020_2021,2021-03-08,West Ham,Leeds,1783.97839355,1701.06433105,82.9140625,0.6171081480933268
2020_2021,2021-03-10,Man City,Southampton,2015.33532715,1714.93103027,300.40429687999995,0.8493185274023956
2020_2021,2021-03-12,Newcastle,Aston Villa,1675.0447998,1728.15466309,-53.10986329000002,0.42415857188909706
2020_2021,2021-03-13,Leeds,Chelsea,1699.48022461,1891.21850586,-191.73828125,0.24904085869703244
2020_2021,2021-03-13,Crystal Palace,West Brom,1695.84960938,1589.0802002,106.76940917999991,0.6489926264925773
2020_2021,2021-03-13,Everton,Burnley,1779.01208496,1724.53747559,54.47460937000005,0.5777591154079424
2020_2021,2021-03-13,Fulham,Man City,1660.53234863,2024.15002441,-363.6176757800001,0.10976423355597602
2020_2021,2021-03-14,Southampton,Brighton,1717.67297363,1681.26708984,36.40588378999996,0.5522013644513089
2020_2021,2021-03-14,Leicester,Sheffield United,1812.94824219,1625.75024414,187.19799805000002,0.7460392147839695
2020_2021,2021-03-14,Arsenal,Tottenham,1839.19262695,1854.40942383,-15.216796879999947,0.47811526040547775
2020_2021,2021-03-14,Man United,West Ham,1911.12927246,1797.11901855,114.01025391000007,0.6584277960822389
2020_2021,2021-03-15,Wolves,Liverpool,1770.09228516,1905.01672363,-134.9244384699998,0.3150342439977539
2020_2021,2021-03-19,Fulham,Leeds,1655.9362793,1702.24511719,-46.30883788999995,0.4337480955430274
2020_2021,2021-03-20,Brighton,Newcastle,1689.45178223,1674.12109375,15.330688479999935,0.5220483264288998
2020_2021,2021-03-21,West Ham,Arsenal,1790.91699219,1842.52282715,-51.60583496000004,0.4262746194111291
2020_2021,2021-03-21,Aston Villa,Tottenham,1725.88525391,1821.1105957,-95.2253417899999,0.3662911457428342
2020_2021,2021-04-03,Chelsea,West Brom,1898.07263184,1582.69042969,315.38220215,0.8600235878900754
2020_2021,2021-04-03,Leeds,Sheffield United,1709.88879395,1616.64477539,93.24401856000009,0.6310573928125515
2020_2021,2021-04-03,Leicester,Man City,1818.86047363,2026.04296875,-207.1824951200001,0.23278740788137406
2020_2021,2021-04-03,Arsenal,Liverpool,1841.80371094,1908.83166504,-67.02795409999999,0.404718191472749
2020_2021,2021-04-04,Southampton,Burnley,1706.29516602,1733.34460449,-27.04943847000004,0.46115118899678026
2020_2021,2021-04-04,Newcastle,Tottenham,1661.96191406,1829.94616699,-167.9842529299999,0.27547984917174
2020_2021,2021-04-04,Aston Villa,Fulham,1717.04968262,1648.29260254,68.75708008000015,0.5976775634956236
2020_2021,2021-04-04,Man United,Brighton,1922.33935547,1701.61096191,220.7283935600001,0.7808479684964633
2020_2021,2021-04-05,Everton,Crystal Palace,1767.01184082,1699.04614258,67.96569824000017,0.5965816518915371
2020_2021,2021-04-05,Wolves,West Ham,1763.08410645,1791.6361084,-28.552001949999976,0.4590026156998393
2020_2021,2021-04-09,Fulham,Wolves,1640.58728027,1755.49389648,-114.90661621000004,0.3404126949315122
2020_2021,2021-04-10,Man City,Leeds,2032.45214844,1715.47607422,316.9760742199999,0.8611244657225111
2020_2021,2021-04-10,Liverpool,Aston Villa,1911.07653809,1725.67797852,185.3985595700001,0.744071666634749
2020_2021,2021-04-10,Crystal Palace,Chelsea,1702.20068359,1881.99719238,-179.79650878999996,0.2621174650006457
2020_2021,2021-04-11,Burnley,Newcastle,1725.61877441,1666.29077148,59.32800292999991,0.5845595652778683
2020_2021,2021-04-11,West Ham,Leicester,1800.14941406,1813.91369629,-13.764282229999935,0.48020196209954596
2020_2021,2021-04-11,Tottenham,Man United,1826.54016113,1929.2364502,-102.69628907000015,0.3563670523820371
2020_2021,2021-04-11,Sheffield United,Arsenal,1611.98046875,1827.29821777,-215.31774902000006,0.22452849750692
2020_2021,2021-04-12,West Brom,Southampton,1610.22570801,1714.94384766,-104.71813965000001,0.35370197227362143
2020_2021,2021-04-12,Brighton,Everton,1699.26049805,1764.78015137,-65.51965332000009,0.40681170461666394
2020_2021,2021-04-16,Everton,Tottenham,1768.11047363,1822.58850098,-54.47802735000005,0.4222360846981423
2020_2021,2021-04-17,Newcastle,West Ham,1681.24072266,1812.3470459,-131.10632323999994,0.3197961733579358
2020_2021,2021-04-17,Wolves,Sheffield United,1765.91943359,1610.0333252,155.8861083899999,0.710405151969824
2020_2021,2021-04-18,Arsenal,Fulham,1855.18212891,1639.15686035,216.0252685600001,0.7761798459206161
2020_2021,2021-04-18,Man United,Burnley,1943.4831543,1719.66394043,223.8192138700001,0.7838774291633059
2020_2021,2021-04-19,Leeds,Liverpool,1735.45275879,1915.24682617,-179.79406738000012,0.2621201831984581
2020_2021,2021-04-20,Chelsea,Brighton,1891.16381836,1704.92529297,186.23852538999995,0.7449913479745076
2020_2021,2021-04-21,Tottenham,Southampton,1821.76062012,1701.94238281,119.81823731000009,0.6659066871845188
2020_2021,2021-04-21,Aston Villa,Man City,1726.86450195,2024.60778809,-297.74328614,0.15265232604634538
2020_2021,2021-04-22,Leicester,West Brom,1810.71105957,1632.22241211,178.48864746000004,0.7364237979198583
2020_2021,2021-04-23,Arsenal,Everton,1849.18591309,1768.93823242,80.24768066999991,0.613474956988053
2020_2021,2021-04-24,Liverpool,Newcastle,1911.06506348,1691.95483398,219.11022949999983,0.7792497920730918
2020_2021,2021-04-24,West Ham,Chelsea,1801.63293457,1885.72998047,-84.09704590000001,0.38128408208829084
2020_2021,2021-04-24,Sheffield United,Brighton,1606.05847168,1710.35913086,-104.30065918000014,0.3542515317263474
2020_2021,2021-04-25,Wolves,Burnley,1769.89428711,1715.71606445,54.178222660000074,0.5773428416558373
2020_2021,2021-04-25,Leeds,Man United,1739.63464355,1947.43103027,-207.7963867200001,0.23215686846861927
2020_2021,2021-04-25,Aston Villa,West Brom,1724.45935059,1626.23474121,98.22460937999995,0.6377071501298075
2020_2021,2021-04-26,Leicester,Crystal Palace,1816.69873047,1699.05566406,117.64306641000007,0.6631152511404402
2020_2021,2021-04-30,Southampton,Leicester,1699.85192871,1823.75415039,-123.90222167999991,0.32888364061492514
2020_2021,2021-05-01,Crystal Palace,Man City,1696.72973633,2033.76318359,-337.03344726,0.1256346212595207
2020_2021,2021-05-01,Brighton,Leeds,1702.29736328,1746.87561035,-44.57824707000009,0.4361964849257366
2020_2021,2021-05-01,Chelsea,Fulham,1896.9498291,1647.51782227,249.4320068300001,0.807810564390254
2020_2021,2021-05-01,Everton,Aston Villa,1782.09887695,1723.47924805,58.61962889999995,0.5835689499648431
2020_2021,2021-05-02,Newcastle,Arsenal,1700.34399414,1835.23681641,-134.89282227000012,0.31507351813109646
2020_2021,2021-05-02,Tottenham,Sheffield United,1828.58044434,1618.84985352,209.7305908200001,0.7698219881765698
2020_2021,2021-05-03,West Brom,Wolves,1631.94445801,1751.57324219,-119.62878417999991,0.33433598342678444
2020_2021,2021-05-03,Burnley,West Ham,1738.76672363,1797.57910156,-58.81237793000014,0.4161614357701391
2020_2021,2021-05-07,Leicester,Newcastle,1824.29003906,1696.33081055,127.95922851,0.6762502874734199
2020_2021,2021-05-08,Leeds,Tottenham,1737.94372559,1837.98962402,-100.04589843000008,0.3598741326763117
2020_2021,2021-05-08,Sheffield United,Crystal Palace,1616.25646973,1697.47851562,-81.22204589000012,0.3851958915241365
2020_2021,2021-05-08,Man City,Chelsea,2043.67529297,1919.58557129,124.08972168000014,0.6713545457083963
2020_2021,2021-05-08,Liverpool,Southampton,1910.81323242,1706.13183594,204.6813964800001,0.7646313530603058
2020_2021,2021-05-09,Wolves,Brighton,1752.31396484,1718.04492188,34.26904295999998,0.5491578064164151
2020_2021,2021-05-09,Aston Villa,Man United,1737.13415527,1953.38745117,-216.2532959,0.22359220035331742
2020_2021,2021-05-09,West Ham,Everton,1808.17797852,1775.25964355,32.91833496999993,0.5472320439426404
2020_2021,2021-05-09,Arsenal,West Brom,1839.06408691,1638.01940918,201.0446777300001,0.7608428918897835
2020_2021,2021-05-10,Fulham,Burnley,1647.39782715,1734.98352051,-87.58569336000005,0.37655796994374924
2020_2021,2021-05-11,Man United,Leicester,1958.42248535,1807.52746582,150.8950195299999,0.7044587916382152
2020_2021,2021-05-11,Southampton,Crystal Palace,1701.82263184,1706.98596191,-5.163330070000029,0.4925699177063209
2020_2021,2021-05-12,Chelsea,Arsenal,1931.40734863,1843.48974609,87.91760253999996,0.6238904659160169
2020_2021,2021-05-13,Aston Villa,Everton,1732.09912109,1784.72961426,-52.630493170000136,0.4248327093116314
2020_2021,2021-05-13,Man United,Liverpool,1946.3605957,1915.12243652,31.23815917999991,0.5448345767301248
2020_2021,2021-05-14,Newcastle,Man City,1713.09338379,2031.85351562,-318.7601318300001,0.1376519193908213
2020_2021,2021-05-15,Burnley,Leeds,1744.23291016,1752.07336426,-7.840454099999988,0.4887185945078099
2020_2021,2021-05-15,Southampton,Fulham,1712.61169434,1638.1484375,74.46325683999999,0.6055500517161122
2020_2021,2021-05-15,Brighton,West Ham,1711.24755859,1798.70800781,-87.4604492200001,0.3767272398164539
2020_2021,2021-05-16,Crystal Palace,Aston Villa,1696.19689941,1733.03125,-36.834350589999985,0.4471888221226849
2020_2021,2021-05-16,Tottenham,Wolves,1823.85998535,1759.11132812,64.74865722999994,0.5921168431132795
2020_2021,2021-05-16,West Brom,Liverpool,1633.59375,1928.49035645,-294.89660645000004,0.15478403851346034
2020_2021,2021-05-16,Everton,Sheffield United,1783.79748535,1606.74890137,177.04858397999988,0.7348115907395156
2020_2021,2021-05-18,Man United,Fulham,1932.99255371,1630.04516602,302.94738769000014,0.8511824380562133
2020_2021,2021-05-18,Southampton,Leeds,1720.71496582,1768.94812012,-48.233154300000024,0.43102942618290496
2020_2021,2021-05-18,Brighton,Man City,1713.19116211,2033.8984375,-320.70727538999995,0.13632680391218943
2020_2021,2021-05-18,Chelsea,Leicester,1920.43591309,1819.58935547,100.84655761999988,0.6411869231594292
2020_2021,2021-05-19,Everton,Wolves,1770.79492188,1750.77075195,20.02416992999997,0.5287852320719767
2020_2021,2021-05-19,Newcastle,Sheffield United,1711.04846191,1619.75146484,91.29699707000009,0.6284441006942434
2020_2021,2021-05-19,Tottenham,Aston Villa,1832.20056152,1724.51477051,107.68579101,0.650193358151329
2020_2021,2021-05-19,Crystal Palace,Arsenal,1704.71337891,1854.46118164,-149.74780272999988,0.2969179740879116
2020_2021,2021-05-19,Burnley,Liverpool,1727.35827637,1930.85375977,-203.49548339999978,0.23659946217519218
2020_2021,2021-05-19,West Brom,West Ham,1631.23022461,1796.7644043,-165.53417968999997,0.27830372279540927
2020_2021,2021-05-23,Arsenal,Brighton,1861.24194336,1728.19091797,133.05102538999995,0.6826340230497621
2020_2021,2021-05-23,Aston Villa,Chelsea,1735.6920166,1925.52844238,-189.8364257799999,0.2510939612038212
2020_2021,2021-05-23,Fulham,Newcastle,1637.33166504,1716.44616699,-79.11450194999998,0.388072963434361
2020_2021,2021-05-23,Leeds,West Brom,1779.06689453,1624.96850586,154.09838866999985,0.7082834244766699
2020_2021,2021-05-23,Leicester,Tottenham,1814.4967041,1821.02331543,-6.526611329999923,0.49060855593527664
2020_2021,2021-05-23,Liverpool,Crystal Palace,1937.44934082,1697.93261719,239.51672363000012,0.7987932384959474
2020_2021,2021-05-23,Man City,Everton,2018.89868164,1777.90686035,240.99182128999996,0.8001545275174919
2020_2021,2021-05-23,Sheffield United,Burnley,1614.3536377,1720.76269531,-106.40905760999999,0.35148005892829376
2020_2021,2021-05-23,West Ham,Southampton,1803.02624512,1710.59619141,92.43005371000004,0.6299658142533338
2020_2021,2021-05-23,Wolves,Man United,1743.65881348,1925.70617676,-182.04736328000013,0.25961917003961005
2021_2022,2021-08-13,Brentford,Arsenal,1671.97888184,1866.67456055,-194.69567871000004,0.24587063177573412
2021_2022,2021-08-14,Man United,Leeds,1925.87194824,1783.74121094,142.13073729999996,0.6938478059963388
2021_2022,2021-08-14,Burnley,Brighton,1709.37329102,1720.88342285,-11.510131830000091,0.48344164602749345
2021_2022,2021-08-14,Chelsea,Crystal Palace,1923.20202637,1693.30944824,229.89257813000017,0.7897415179090321
2021_2022,2021-08-14,Everton,Southampton,1771.19372559,1700.75109863,70.4426269600001,0.6000084596738824
2021_2022,2021-08-14,Leicester,Wolves,1801.89501953,1738.54443359,63.350585939999974,0.5901717162126084
2021_2022,2021-08-14,Watford,Aston Villa,1673.33557129,1747.11230469,-73.77673340000001,0.3953942997200666
2021_2022,2021-08-14,Norwich,Liverpool,1655.1998291,1940.19763184,-284.99780274,0.1623862620243846
2021_2022,2021-08-15,Newcastle,West Ham,1724.89587402,1810.99633789,-86.10046386999988,0.37856721600513
2021_2022,2021-08-15,Tottenham,Man City,1831.75012207,2012.76818848,-181.01806640999985,0.26075969816325045
2021_2022,2021-08-21,Liverpool,Burnley,1943.6619873,1699.87084961,243.7911376899999,0.8027188403706833
2021_2022,2021-08-21,Aston Villa,Newcastle,1736.67785645,1714.88562012,21.792236329999923,0.5313204862910609
2021_2022,2021-08-21,Crystal Palace,Brentford,1687.65771484,1688.47338867,-0.8156738300001507,0.4988261531555594
2021_2022,2021-08-21,Leeds,Everton,1774.58105469,1778.28283691,-3.701782220000041,0.4946729087276554
2021_2022,2021-08-21,Man City,Norwich,1999.91394043,1649.83251953,350.0814209,0.882386947179589
2021_2022,2021-08-21,Brighton,Watford,1728.48291016,1681.86706543,46.61584473000016,0.5666859147665713
2021_2022,2021-08-22,Southampton,Man United,1691.75891113,1933.12902832,-241.3701171900002,0.19949747863510733
2021_2022,2021-08-22,Wolves,Tottenham,1731.72937012,1839.69018555,-107.96081542999991,0.3494466487381832
2021_2022,2021-08-22,Arsenal,Chelsea,1848.27709961,1926.95080566,-78.67370604999996,0.38867570258187406
2021_2022,2021-08-23,West Ham,Leicester,1819.10351562,1806.80700684,12.296508780000067,0.517688713577105
2021_2022,2021-08-28,Man City,Arsenal,2004.32531738,1840.1817627,164.14355467999985,0.7200856007264674
2021_2022,2021-08-28,Aston Villa,Brentford,1747.72070312,1690.28027344,57.44042968000008,0.5819184218616229
2021_2022,2021-08-28,Brighton,Everton,1738.98205566,1780.00695801,-41.02490235000005,0.44123328807624906
2021_2022,2021-08-28,Newcastle,Southampton,1706.37316895,1698.64099121,7.732177739999997,0.5111256615203575
2021_2022,2021-08-28,Norwich,Leicester,1647.95153809,1795.91125488,-147.9597167899999,0.2990712094217755
2021_2022,2021-08-28,West Ham,Crystal Palace,1832.52966309,1688.38110352,144.1485595700001,0.6963096388038941
2021_2022,2021-08-28,Liverpool,Chelsea,1948.56152344,1937.57653809,10.984985349999988,0.5158033990619293
2021_2022,2021-08-29,Burnley,Leeds,1697.50183105,1775.3873291,-77.88549805000002,0.3897543369706628
2021_2022,2021-08-29,Tottenham,Watford,1850.74133301,1673.89819336,176.84313965,0.7345810747997817
2021_2022,2021-08-29,Wolves,Man United,1727.20849609,1928.77746582,-201.56896973000016,0.238608370004412
2021_2022,2021-09-11,Crystal Palace,Tottenham,1692.80249023,1854.27062988,-161.46813964999978,0.2830291418856646
2021_2022,2021-09-11,Arsenal,Norwich,1831.81542969,1643.1583252,188.65710448999994,0.7476272929462855
2021_2022,2021-09-11,Brentford,Brighton,1692.49621582,1728.14624023,-35.650024410000015,0.4488747907615991
2021_2022,2021-09-11,Leicester,Man City,1800.70446777,2012.69165039,-211.98718261999988,0.22788430857427086
2021_2022,2021-09-11,Man United,Newcastle,1932.66455078,1705.55249023,227.1120605499998,0.7870714070938097
2021_2022,2021-09-11,Southampton,West Ham,1699.46166992,1828.10827637,-128.64660645000004,0.32288401773479947
2021_2022,2021-09-11,Watford,Wolves,1670.36889648,1723.32141113,-52.952514649999785,0.42437982004046904
2021_2022,2021-09-11,Chelsea,Aston Villa,1938.4901123,1745.50476074,192.98535156000003,0.7522992807273191
2021_2022,2021-09-12,Leeds,Liverpool,1773.81274414,1947.64782715,-173.83508301000006,0.26880869423665105
2021_2022,2021-09-13,Everton,Burnley,1790.84277344,1699.07641602,91.76635742000008,0.6290747703808723
2021_2022,2021-09-17,Newcastle,Leeds,1700.48547363,1765.60998535,-65.1245117200001,0.4073607223129932
2021_2022,2021-09-18,Wolves,Brentford,1733.48962402,1684.2208252,49.26879882000003,0.5704320216364734
2021_2022,2021-09-18,Burnley,Arsenal,1691.24206543,1834.64782715,-143.4057617200001,0.30459530953522596
2021_2022,2021-09-18,Liverpool,Crystal Palace,1958.3972168,1712.28137207,246.11584472999994,0.8048294638448201
2021_2022,2021-09-18,Man City,Southampton,2019.66699219,1701.95385742,317.7131347699999,0.8616310887986897
2021_2022,2021-09-18,Norwich,Watford,1639.43786621,1659.31262207,-19.87475586000005,0.47142908468527456
2021_2022,2021-09-18,Aston Villa,Everton,1739.44042969,1797.7890625,-58.348632810000026,0.4168101995767306
2021_2022,2021-09-19,Brighton,Leicester,1735.53356934,1795.1081543,-59.57458496000004,0.4150957655353858
2021_2022,2021-09-19,West Ham,Man United,1832.21252441,1924.76879883,-92.55627441999991,0.3698648283695319
2021_2022,2021-09-19,Tottenham,Chelsea,1829.84399414,1945.27099609,-115.42700194999998,0.33974041332654437
2021_2022,2021-09-25,Chelsea,Man City,1955.01025391,2012.0925293,-57.08227538999995,0.4185832528312614
2021_2022,2021-09-25,Man United,Aston Villa,1930.84777832,1754.82507324,176.02270508000015,0.7336592425977106
2021_2022,2021-09-25,Everton,Norwich,1782.40441895,1627.60180664,154.8026123100001,0.7091203124897795
2021_2022,2021-09-25,Leeds,West Ham,1764.4954834,1826.13366699,-61.638183589999926,0.412214580866975
2021_2022,2021-09-25,Leicester,Burnley,1786.04162598,1686.12023926,99.92138671999987,0.6399607375045075
2021_2022,2021-09-25,Watford,Newcastle,1671.14855957,1701.59997559,-30.451416019999897,0.45628876022823867
2021_2022,2021-09-25,Brentford,Liverpool,1698.66809082,1962.58874512,-263.9206543,0.17957207407369788
2021_2022,2021-09-26,Southampton,Wolves,1709.52844238,1719.0423584,-9.513916020000124,0.4863117954090485
2021_2022,2021-09-26,Arsenal,Tottenham,1839.76965332,1820.10473633,19.664916990000165,0.5282699085839205
2021_2022,2021-09-27,Crystal Palace,Brighton,1708.08972168,1744.60009766,-36.51037598000016,0.44764990296554913
2021_2022,2021-10-02,Man United,Everton,1916.83361816,1782.85241699,133.98120117000008,0.6837929164449703
2021_2022,2021-10-02,Burnley,Norwich,1684.43347168,1616.99633789,67.43713378999996,0.5958491538054772
2021_2022,2021-10-02,Chelsea,Southampton,1933.44311523,1695.90124512,237.54187011,0.7969599089523445
2021_2022,2021-10-02,Leeds,Watford,1752.49060059,1666.29040527,86.20019531999992,0.621567834031201
2021_2022,2021-10-02,Wolves,Newcastle,1722.51208496,1696.30065918,26.211425780000127,0.5376498719439728
2021_2022,2021-10-02,Brighton,Arsenal,1739.21948242,1844.30187988,-105.08239745999981,0.35322278914635086
2021_2022,2021-10-03,Crystal Palace,Leicester,1703.31286621,1764.41845703,-61.10559081999986,0.41295761657007085
2021_2022,2021-10-03,Tottenham,Aston Villa,1806.19006348,1762.60302734,43.58703614000001,0.5623997686036907
2021_2022,2021-10-03,West Ham,Brentford,1830.02612305,1699.59509277,130.43103027999996,0.679357644144046
2021_2022,2021-10-03,Liverpool,Man City,1963.7565918,2001.36889648,-37.61230468000008,0.4460820097738974
2021_2022,2021-10-16,Watford,Liverpool,1661.07128906,1963.90881348,-302.8375244199999,0.14889768942847403
2021_2022,2021-10-16,Aston Villa,Wolves,1756.60473633,1729.19702148,27.40771484999982,0.5393612582774648
2021_2022,2021-10-16,Leicester,Man United,1763.59191895,1912.42150879,-148.82958983999993,0.2980225790406653
2021_2022,2021-10-16,Man City,Burnley,2001.21655273,1681.68408203,319.5324707000002,0.8628749811839085
2021_2022,2021-10-16,Norwich,Brighton,1619.74572754,1741.33081055,-121.58508301000006,0.331834399675369
2021_2022,2021-10-16,Southampton,Leeds,1692.40576172,1757.70959473,-65.30383300999983,0.4071115409436383
2021_2022,2021-10-16,Brentford,Chelsea,1711.51940918,1936.93859863,-225.41918944999998,0.2145663176147363
2021_2022,2021-10-17,Everton,West Ham,1787.26452637,1818.10180664,-30.837280269999837,0.45573775467016575
2021_2022,2021-10-17,Newcastle,Tottenham,1689.61572266,1812.18835449,-122.57263182999986,0.330575173797006
2021_2022,2021-10-18,Arsenal,Crystal Palace,1842.19067383,1704.1394043,138.0512695299999,0.6888368307944658
2021_2022,2021-10-22,Arsenal,Aston Villa,1841.01831055,1750.23498535,90.78332520000004,0.6277533887667331
2021_2022,2021-10-23,Chelsea,Norwich,1945.67797852,1625.6854248,319.99255371999993,0.863188049447933
2021_2022,2021-10-23,Crystal Palace,Newcastle,1712.15490723,1687.38891602,24.76599121000004,0.5355808827152003
2021_2022,2021-10-23,Everton,Watford,1782.56237793,1658.97619629,123.58618163999995,0.6707146860497563
2021_2022,2021-10-23,Leeds,Wolves,1752.34069824,1742.41003418,9.930664060000026,0.5142874837724437
2021_2022,2021-10-23,Southampton,Burnley,1704.61779785,1682.86828613,21.7495117200001,0.5312592414263326
2021_2022,2021-10-23,Brighton,Man City,1742.23413086,2011.1072998,-268.8731689399999,0.17541026404050247
2021_2022,2021-10-24,Brentford,Leicester,1711.2878418,1786.22363281,-74.93579101,0.393800408247439
2021_2022,2021-10-24,West Ham,Tottenham,1832.03942871,1808.00024414,24.03918457000009,0.5345400671909357
2021_2022,2021-10-24,Man United,Liverpool,1904.68591309,1980.66418457,-75.9782714800001,0.3923687563450222
2021_2022,2021-10-30,Leicester,Arsenal,1793.2232666,1848.11376953,-54.89050292999991,0.42165695036354894
2021_2022,2021-10-30,Burnley,Brentford,1684.46459961,1704.28808594,-19.823486329999923,0.47150262717482994
2021_2022,2021-10-30,Liverpool,Brighton,1996.1673584,1737.08203125,259.08532715,0.8162905658921897
2021_2022,2021-10-30,Man City,Crystal Palace,2016.25939941,1710.47412109,305.7852783200001,0.8532399111497035
2021_2022,2021-10-30,Newcastle,Chelsea,1689.06970215,1949.85913086,-260.78942871000004,0.18224294600447877
2021_2022,2021-10-30,Watford,Southampton,1679.8359375,1703.02148438,-23.185546879999947,0.46668275888063604
2021_2022,2021-10-30,Tottenham,Man United,1801.58447266,1889.18273926,-87.59826659999999,0.3765409786306029
2021_2022,2021-10-31,Norwich,Leeds,1621.50427246,1751.07763672,-129.57336426000006,0.32171876435563074
2021_2022,2021-10-31,Aston Villa,West Ham,1743.1394043,1838.45532227,-95.31591796999987,0.3661701261721367
2021_2022,2021-11-01,Wolves,Everton,1743.6730957,1761.70263672,-18.029541020000124,0.47407667025488015
2021_2022,2021-11-05,Southampton,Aston Villa,1710.33215332,1731.27709961,-20.94494628999996,0.4698942606624127
2021_2022,2021-11-06,Man United,Man City,1898.72717285,1995.01635742,-96.28918457000009,0.3648708050816582
2021_2022,2021-11-06,Brentford,Norwich,1692.19360352,1615.00830078,77.18530274,0.6092865650161562
2021_2022,2021-11-06,Chelsea,Burnley,1955.78381348,1694.4699707,261.31384277999996,0.8182065111919531
2021_2022,2021-11-06,Crystal Palace,Wolves,1731.37927246,1750.57897949,-19.1997070299999,0.4723974922969053
2021_2022,2021-11-06,Brighton,Newcastle,1742.90332031,1682.78393555,60.11938476,0.5856654536498919
2021_2022,2021-11-07,Arsenal,Watford,1857.53796387,1670.43615723,187.10180664000018,0.7459342896661026
2021_2022,2021-11-07,Everton,Tottenham,1752.7076416,1791.24768066,-38.540039060000026,0.4447628012167244
2021_2022,2021-11-07,Leeds,Leicester,1755.48449707,1774.02526855,-18.540771479999876,0.4733429846547577
2021_2022,2021-11-07,West Ham,Liverpool,1842.0892334,1993.83129883,-151.7420654299999,0.2945270572495028
2021_2022,2021-11-20,Leicester,Chelsea,1774.28491211,1948.95935059,-174.67443847999994,0.2678600786636279
2021_2022,2021-11-20,Aston Villa,Brighton,1723.38330078,1740.41101074,-17.02770996000004,0.47551475651741737
2021_2022,2021-11-20,Burnley,Crystal Palace,1701.29443359,1742.67602539,-41.381591800000024,0.4407271229690112
2021_2022,2021-11-20,Newcastle,Brentford,1685.27612305,1681.40844727,3.867675780000127,0.5055658029640007
2021_2022,2021-11-20,Norwich,Southampton,1625.79345703,1718.22595215,-92.43249512000011,0.3700309096669995
2021_2022,2021-11-20,Watford,Man United,1667.13964844,1890.05297852,-222.91333007999992,0.21700731735238388
2021_2022,2021-11-20,Wolves,West Ham,1739.28210449,1853.24633789,-113.96423340000001,0.34163178604825967
2021_2022,2021-11-20,Liverpool,Arsenal,1982.67407227,1860.83435059,121.83972167999991,0.6684905218283271
2021_2022,2021-11-21,Man City,Everton,2003.69055176,1753.02355957,250.66699218999997,0.8089118637987168
2021_2022,2021-11-21,Tottenham,Leeds,1790.93188477,1755.22485352,35.70703125,0.5512063895787209
2021_2022,2021-11-27,Arsenal,Newcastle,1856.64367676,1688.87060547,167.77307128999996,0.7242774503344396
2021_2022,2021-11-27,Crystal Palace,Aston Villa,1746.87585449,1739.03552246,7.8403320299998995,0.5112812299087687
2021_2022,2021-11-27,Liverpool,Southampton,2000.0345459,1713.22937012,286.8051757799999,0.8390239027372964
2021_2022,2021-11-27,Norwich,Wolves,1639.88378906,1754.11669922,-114.23291016000007,0.3412840045468337
2021_2022,2021-11-27,Brighton,Leeds,1733.85253906,1753.63476562,-19.782226560000026,0.47156181227503124
2021_2022,2021-11-28,Brentford,Everton,1686.90771484,1753.7121582,-66.80444336000005,0.40502820640672266
2021_2022,2021-11-28,Leicester,Watford,1772.53552246,1693.99975586,78.53576659999999,0.6111356105804262
2021_2022,2021-11-28,Man City,West Ham,2016.34448242,1851.30615234,165.03833008000015,0.7211226182644676
2021_2022,2021-11-28,Chelsea,Man United,1968.87036133,1883.04089355,85.82946777999996,0.6210657231383983
2021_2022,2021-11-30,Newcastle,Norwich,1684.0411377,1642.12304688,41.91809082000009,0.5600339710853718
2021_2022,2021-11-30,Leeds,Crystal Palace,1754.07507324,1737.70495605,16.370117189999974,0.5235410744847823
2021_2022,2021-12-01,Southampton,Leicester,1709.61352539,1779.93945312,-70.3259277300001,0.40015277596014337
2021_2022,2021-12-01,Watford,Chelsea,1686.59594727,1965.56237793,-278.96643066,0.16716421103849283
2021_2022,2021-12-01,West Ham,Brighton,1847.86828613,1733.41210938,114.45617674999994,0.6590048671147819
2021_2022,2021-12-01,Wolves,Burnley,1751.87744141,1706.18823242,45.68920899,0.565375636764132
2021_2022,2021-12-01,Aston Villa,Man City,1748.20629883,2019.78234863,-271.57604979999996,0.17317113557289693
2021_2022,2021-12-01,Everton,Liverpool,1744.82019043,2003.65039062,-258.83020019000014,0.18392977240692218
2021_2022,2021-12-02,Tottenham,Brentford,1784.36755371,1695.79956055,88.56799316000001,0.624768579619728
2021_2022,2021-12-02,Man United,Arsenal,1886.34887695,1861.47314453,24.875732420000077,0.5357380097160712
2021_2022,2021-12-04,West Ham,Chelsea,1843.81079102,1968.41101074,-124.60021972000004,0.32799740149048856
2021_2022,2021-12-04,Newcastle,Burnley,1681.86877441,1708.47290039,-26.604125979999935,0.4617882394796567
2021_2022,2021-12-04,Southampton,Brighton,1710.62353516,1737.46960449,-26.846069329999864,0.46144210707739697
2021_2022,2021-12-04,Wolves,Liverpool,1749.59265137,2008.91882324,-259.3261718699998,0.18350161829329362
2021_2022,2021-12-04,Watford,Man City,1683.74719238,2022.61401367,-338.8668212900002,0.12447985909288492
2021_2022,2021-12-05,Leeds,Brentford,1760.74914551,1688.69567871,72.05346680000002,0.6022318236930054
2021_2022,2021-12-05,Man United,Crystal Palace,1892.84912109,1731.03100586,161.81811522999988,0.717379493673676
2021_2022,2021-12-05,Tottenham,Norwich,1791.47131348,1644.29528809,147.17602538999995,0.6999822431257027
2021_2022,2021-12-05,Aston Villa,Leicester,1745.37475586,1778.92944336,-33.5546875,0.45186050114536636
2021_2022,2021-12-06,Everton,Arsenal,1739.55175781,1854.97302246,-115.42126465000001,0.3397478217787245
2021_2022,2021-12-10,Brentford,Watford,1679.32214355,1668.54187012,10.780273429999852,0.5155090837868569
2021_2022,2021-12-11,Man City,Wolves,2000.60961914,1734.10595703,266.50366211000005,0.8226080862449978
2021_2022,2021-12-11,Arsenal,Southampton,1832.3614502,1698.00439453,134.35705567000014,0.6842605426176598
2021_2022,2021-12-11,Chelsea,Leeds,1940.07348633,1745.34069824,194.73278808999999,0.7541689748942322
2021_2022,2021-12-11,Liverpool,Aston Villa,2004.36584473,1740.89233398,263.47351074999983,0.8200484012642151
2021_2022,2021-12-11,Norwich,Man United,1625.37988281,1876.68920898,-251.30932617000008,0.19051724250002375
2021_2022,2021-12-12,Burnley,West Ham,1688.15722656,1826.57836914,-138.42114257999992,0.3107069871592538
2021_2022,2021-12-12,Leicester,Newcastle,1753.4317627,1677.40246582,76.02929687999995,0.6077012702318598
2021_2022,2021-12-12,Crystal Palace,Everton,1715.1730957,1737.38134766,-22.208251960000098,0.46808321331493546
2021_2022,2021-12-14,Norwich,Aston Villa,1622.16967773,1738.86889648,-116.69921875,0.33809956893144827
2021_2022,2021-12-14,Man City,Leeds,2002.69116211,1742.34375,260.34741211000005,0.8173775465107594
2021_2022,2021-12-15,Brighton,Wolves,1725.3067627,1732.02453613,-6.717773429999852,0.49033355148490243
2021_2022,2021-12-15,Crystal Palace,Southampton,1726.02746582,1691.12646484,34.90100098000016,0.5500583142741389
2021_2022,2021-12-15,Arsenal,West Ham,1839.23937988,1823.76293945,15.476440429999911,0.5222576685915171
2021_2022,2021-12-16,Chelsea,Everton,1943.07055664,1726.52709961,216.5434570299999,0.7766976280264652
2021_2022,2021-12-16,Liverpool,Newcastle,2006.38928223,1667.20178223,339.1875,0.875721184382105
2021_2022,2021-12-18,Leeds,Arsenal,1736.90588379,1848.56567383,-111.65979003999996,0.3446216802172148
2021_2022,2021-12-19,Newcastle,Man City,1665.35693359,2008.12890625,-342.7719726600001,0.12205051018250813
2021_2022,2021-12-19,Wolves,Chelsea,1741.25585938,1936.80102539,-195.54516601,0.2449650558458625
2021_2022,2021-12-19,Tottenham,Liverpool,1785.6048584,2008.23413086,-222.62927246000004,0.21728528556741353
2021_2022,2021-12-26,Man City,Leicester,2012.03967285,1763.63256836,248.40710448999994,0.806892939117077
2021_2022,2021-12-26,Norwich,Arsenal,1613.67504883,1859.12353516,-245.44848633000015,0.19577468130099657
2021_2022,2021-12-26,Tottenham,Crystal Palace,1790.41894531,1723.91955566,66.49938965000001,0.5945485543027722
2021_2022,2021-12-26,West Ham,Southampton,1814.43676758,1693.234375,121.20239257999992,0.6676769822143025
2021_2022,2021-12-26,Aston Villa,Chelsea,1747.36352539,1932.60791016,-185.24438477000012,0.25609737601160815
2021_2022,2021-12-26,Brighton,Brentford,1716.07556152,1686.11853027,29.95703125,0.5430051131286564
2021_2022,2021-12-27,Newcastle,Man United,1661.44616699,1879.89941406,-218.4532470700001,0.22140145479630702
2021_2022,2021-12-28,Crystal Palace,Norwich,1714.70617676,1606.06677246,108.63940430000002,0.6514408553075027
2021_2022,2021-12-28,Southampton,Tottenham,1705.13720703,1799.63232422,-94.4951171900002,0.3672674200842466
2021_2022,2021-12-28,Watford,West Ham,1661.7454834,1802.53393555,-140.78845215,0.3077960012840442
2021_2022,2021-12-28,Leicester,Liverpool,1759.94421387,2003.42004395,-243.47583007999992,0.1975687522832523
2021_2022,2021-12-29,Chelsea,Brighton,1938.99743652,1725.06628418,213.93115234000015,0.7740786766172291
2021_2022,2021-12-29,Brentford,Man City,1677.12768555,2015.72814941,-338.60046386,0.12464705890530622
2021_2022,2021-12-30,Man United,Burnley,1875.19055176,1690.97265625,184.21789551000006,0.7427752800837863
2021_2022,2022-01-01,Arsenal,Man City,1866.73181152,2017.76074219,-151.0289306699999,0.29538074437492895
2021_2022,2022-01-01,Watford,Tottenham,1652.23596191,1798.11816406,-145.88220215,0.30158418312952306
2021_2022,2022-01-01,Crystal Palace,West Ham,1722.39282227,1812.04345703,-89.65063476,0.3737715314582478
2021_2022,2022-01-02,Brentford,Aston Villa,1675.09509277,1740.97387695,-65.87878417999991,0.40631292278910996
2021_2022,2022-01-02,Everton,Brighton,1732.79650879,1731.34460449,1.4519043000000238,0.5020894460856308
2021_2022,2022-01-02,Leeds,Burnley,1726.34802246,1686.56408691,39.783935550000024,0.5570047554942975
2021_2022,2022-01-02,Chelsea,Liverpool,1932.71911621,1990.65075684,-57.93164062999995,0.4173938037509213
2021_2022,2022-01-03,Man United,Wolves,1879.59912109,1745.44897461,134.15014647999988,0.6840031588785495
2021_2022,2022-01-11,Southampton,Brentford,1706.65136719,1683.77575684,22.875610349999988,0.5328731607808576
2021_2022,2022-01-12,West Ham,Norwich,1818.7779541,1598.38012695,220.39782715,0.7805221629807116
2021_2022,2022-01-14,Brighton,Crystal Palace,1740.6706543,1715.6583252,25.012329099999988,0.535933578350662
2021_2022,2022-01-15,Man City,Chelsea,2022.90893555,1933.26733398,89.64160156999992,0.6262162971926303
2021_2022,2022-01-15,Newcastle,Watford,1666.1550293,1646.89208984,19.262939460000098,0.5276932282449865
2021_2022,2022-01-15,Norwich,Everton,1594.72998047,1723.47058105,-128.74060057999986,0.3227657341672072
2021_2022,2022-01-15,Wolves,Southampton,1757.81604004,1717.91394043,39.90209961000005,0.5571725903706092
2021_2022,2022-01-15,Aston Villa,Man United,1732.29321289,1867.23205566,-134.93884277000006,0.3150163516299066
2021_2022,2022-01-16,Liverpool,Brentford,1990.10266113,1672.51318359,317.58947753999996,0.8615462006842447
2021_2022,2022-01-16,West Ham,Leeds,1822.42810059,1734.78405762,87.64404296999987,0.623520880395406
2021_2022,2022-01-18,Brighton,Chelsea,1738.88928223,1928.35339355,-189.46411132000003,0.25149719857565916
2021_2022,2022-01-19,Leicester,Tottenham,1772.71350098,1803.4621582,-30.74865722000004,0.4558642968770937
2021_2022,2022-01-19,Brentford,Man United,1669.94616699,1864.49645996,-194.5502929700001,0.2460258427307821
2021_2022,2022-01-21,Watford,Norwich,1648.50891113,1605.12597656,43.38293456999986,0.5621105964230342
2021_2022,2022-01-22,Everton,Aston Villa,1713.07458496,1735.02880859,-21.954223629999888,0.4684473167748494
2021_2022,2022-01-22,Brentford,Wolves,1663.94238281,1766.42773438,-102.48535156999992,0.356645613823755
2021_2022,2022-01-22,Leeds,Newcastle,1745.91894531,1664.53808594,81.38085937000005,0.6150205875182462
2021_2022,2022-01-22,Man United,West Ham,1870.50012207,1811.29321289,59.20690918000014,0.5843902716765965
2021_2022,2022-01-22,Southampton,Man City,1709.30224609,2027.82287598,-318.52062989,0.13781565628511797
2021_2022,2022-01-23,Arsenal,Burnley,1861.58374023,1678.12805176,183.45568847000004,0.7419360888094001
2021_2022,2022-01-23,Crystal Palace,Liverpool,1717.43969727,1992.66955566,-275.2298583900001,0.17018023819255848
2021_2022,2022-01-23,Leicester,Brighton,1764.5378418,1742.97302246,21.564819339999985,0.5309944778223092
2021_2022,2022-01-23,Chelsea,Tottenham,1924.26965332,1811.63781738,112.6318359400002,0.6566410151325096
2021_2022,2022-02-05,Burnley,Watford,1683.75366211,1630.75280762,53.00085448999994,0.5756881539082956
2021_2022,2022-02-08,Newcastle,Everton,1675.48034668,1704.60180664,-29.12145996000004,0.45818871957894197
2021_2022,2022-02-08,West Ham,Watford,1805.83410645,1633.33361816,172.50048829000002,0.7296786178303585
2021_2022,2022-02-08,Burnley,Man United,1681.17272949,1875.95922852,-194.78649902999996,0.24577370728452405
2021_2022,2022-02-09,Man City,Brentford,2021.13293457,1657.44250488,363.6904296900002,0.8902766837418544
2021_2022,2022-02-09,Norwich,Crystal Palace,1622.88220215,1713.45483398,-90.57263183000009,0.3725300724386708
2021_2022,2022-02-09,Tottenham,Southampton,1805.39404297,1715.9921875,89.4018554700001,0.6258932041816307
2021_2022,2022-02-09,Aston Villa,Leeds,1743.50146484,1734.97668457,8.524780269999837,0.5122656836459373
2021_2022,2022-02-10,Liverpool,Leicester,1996.65441895,1762.84814453,233.80627442000014,0.7934580456185801
2021_2022,2022-02-10,Wolves,Arsenal,1772.9276123,1855.95812988,-83.03051757999992,0.382733465673198
2021_2022,2022-02-12,Man United,Southampton,1871.76000977,1727.31420898,144.4458007899998,0.6966713418680891
2021_2022,2022-02-12,Brentford,Crystal Palace,1655.86914062,1712.09265137,-56.22351075000006,0.41978682789672217
2021_2022,2022-02-12,Everton,Leeds,1693.5135498,1736.44750977,-42.93395996999993,0.4385256614316364
2021_2022,2022-02-12,Watford,Brighton,1630.03918457,1744.66271973,-114.62353515999985,0.34077867496297426
2021_2022,2022-02-12,Norwich,Man City,1624.24438477,2022.70617676,-398.46179199000017,0.0916435347128805
2021_2022,2022-02-13,Burnley,Liverpool,1685.37194824,1999.83862305,-314.4666748100001,0.14061205916581843
2021_2022,2022-02-13,Newcastle,Aston Villa,1686.56860352,1742.03063965,-55.462036130000115,0.4208548483095066
2021_2022,2022-02-13,Tottenham,Wolves,1794.07202148,1765.7208252,28.351196280000067,0.5407103310106803
2021_2022,2022-02-13,Leicester,West Ham,1759.66394043,1809.12854004,-49.46459961000005,0.429291811598454
2021_2022,2022-02-15,Man United,Brighton,1866.83862305,1753.61645508,113.2221679700001,0.6574067826418021
2021_2022,2022-02-19,West Ham,Newcastle,1812.41137695,1698.22729492,114.1840820299999,0.6586528038599532
2021_2022,2022-02-19,Arsenal,Brentford,1866.59887695,1659.68969727,206.90917968000008,0.7669314812724564
2021_2022,2022-02-19,Aston Villa,Watford,1737.23974609,1624.51928711,112.72045897999988,0.656756027369395
2021_2022,2022-02-19,Brighton,Burnley,1750.88342285,1686.36047363,64.5229492200001,0.591803010714142
2021_2022,2022-02-19,Crystal Palace,Chelsea,1715.13989258,1933.94714355,-218.80725097000004,0.22105037069792688
2021_2022,2022-02-19,Liverpool,Norwich,2012.26379395,1624.69787598,387.5659179700001,0.9029997537167853
2021_2022,2022-02-19,Southampton,Everton,1735.66955566,1710.82629395,24.84326170999998,0.5356915190283094
2021_2022,2022-02-19,Man City,Tottenham,2032.22216797,1783.30114746,248.92102051000006,0.8073534792602937
2021_2022,2022-02-20,Leeds,Man United,1726.00256348,1876.43945312,-150.43688964000012,0.296090561925458
2021_2022,2022-02-20,Wolves,Leicester,1783.35949707,1764.64013672,18.719360349999988,0.5269132878215891
2021_2022,2022-02-23,Burnley,Tottenham,1706.74853516,1799.10083008,-92.35229491999985,0.3701385349843703
2021_2022,2022-02-23,Watford,Crystal Palace,1637.57202148,1712.18139648,-74.609375,0.3942490559981126
2021_2022,2022-02-23,Liverpool,Leeds,2014.65148926,1719.63830566,295.01318360000005,0.8453037347769728
2021_2022,2022-02-24,Arsenal,Wolves,1870.80273438,1791.41015625,79.39257812999995,0.6123070987138378
2021_2022,2022-02-25,Southampton,Norwich,1746.234375,1625.21069336,121.02368163999995,0.667448680829184
2021_2022,2022-02-26,Leeds,Tottenham,1716.44189453,1790.58740234,-74.14550781000003,0.39488693236151434
2021_2022,2022-02-26,Brentford,Newcastle,1658.87939453,1704.40161133,-45.522216800000024,0.4348605906388052
2021_2022,2022-02-26,Crystal Palace,Burnley,1725.7199707,1716.93701172,8.782958979999876,0.5126370022456133
2021_2022,2022-02-26,Man United,Watford,1887.29553223,1625.70825195,261.58728027999996,0.8184405228363822
2021_2022,2022-02-26,Brighton,Aston Villa,1733.39587402,1727.08752441,6.30834961000005,0.509077447351596
2021_2022,2022-02-26,Everton,Man City,1703.99938965,2019.32287598,-315.3234863299999,0.1400171059706927
2021_2022,2022-02-27,West Ham,Wolves,1809.97509766,1786.54333496,23.431762700000036,0.5336699841578391
2021_2022,2022-03-01,Burnley,Leicester,1718.42932129,1761.09680176,-42.6674804700001,0.43890339475316276
2021_2022,2022-03-05,Leicester,Leeds,1772.38122559,1702.17980957,70.2014160199999,0.5996751705661577
2021_2022,2022-03-05,Aston Villa,Southampton,1740.63366699,1752.04528809,-11.411621100000048,0.48358326021027453
2021_2022,2022-03-05,Burnley,Chelsea,1707.14489746,1943.12902832,-235.98413086000005,0.20449495982754232
2021_2022,2022-03-05,Newcastle,Brighton,1715.68981934,1719.84973145,-4.15991211000005,0.49401369129964423
2021_2022,2022-03-05,Norwich,Brentford,1619.39978027,1647.59118652,-28.19140625,0.45951810941054416
2021_2022,2022-03-05,Wolves,Crystal Palace,1780.04663086,1724.22766113,55.81896973000016,0.5796458684389906
2021_2022,2022-03-05,Liverpool,West Ham,2019.52270508,1816.47180176,203.05090331999986,0.7629379816000208
2021_2022,2022-03-06,Watford,Arsenal,1632.7623291,1876.35852051,-243.59619141000007,0.19745893321503938
2021_2022,2022-03-06,Man City,Man United,2021.68725586,1880.24145508,141.44580078000013,0.6930096224849933
2021_2022,2022-03-07,Tottenham,Everton,1804.8494873,1701.63500977,103.21447753000007,0.6443168480727132
2021_2022,2022-03-10,Norwich,Chelsea,1607.06762695,1950.15771484,-343.09008788999995,0.12185442323176665
2021_2022,2022-03-10,Southampton,Newcastle,1737.39221191,1722.5189209,14.873291010000003,0.5213913207675077
2021_2022,2022-03-10,Wolves,Watford,1764.58349609,1628.95898438,135.62451170999998,0.6858347196485852
2021_2022,2022-03-10,Leeds,Aston Villa,1696.77770996,1754.61730957,-57.83959961000005,0.41752265161251956
2021_2022,2022-03-12,Brighton,Liverpool,1713.24975586,2020.8425293,-307.59277344,0.14546196902524217
2021_2022,2022-03-12,Brentford,Burnley,1660.15246582,1700.34533691,-40.192871089999926,0.44241446665408973
2021_2022,2022-03-12,Man United,Tottenham,1874.30505371,1815.51989746,58.78515625,0.5838004900166401
2021_2022,2022-03-13,Chelsea,Newcastle,1953.92822266,1732.87451172,221.05371093999997,0.7811682607759648
2021_2022,2022-03-13,Everton,Wolves,1692.09228516,1773.65710449,-81.56481932999986,0.3847287131203289
2021_2022,2022-03-13,Leeds,Norwich,1684.78356934,1605.09436035,79.68920899,0.612712369958172
2021_2022,2022-03-13,Southampton,Watford,1728.83374023,1621.68237305,107.15136718000008,0.6494933349030235
2021_2022,2022-03-13,West Ham,Aston Villa,1810.7635498,1768.40844727,42.35510253000007,0.5606537209991858
2021_2022,2022-03-13,Arsenal,Leicester,1880.39099121,1784.4465332,95.94445801000006,0.6346692053700711
2021_2022,2022-03-14,Crystal Palace,Man City,1739.92004395,2029.67016602,-289.75012206999986,0.15869958712017437
2021_2022,2022-03-16,Brighton,Tottenham,1705.65405273,1805.99047852,-100.3364257899998,0.35948895875206527
2021_2022,2022-03-16,Arsenal,Liverpool,1882.77490234,2020.30993652,-137.53503418000014,0.3118004802472785
2021_2022,2022-03-17,Everton,Newcastle,1681.62780762,1727.06945801,-45.44165038999995,0.43497457059003597
2021_2022,2022-03-18,Wolves,Leeds,1782.53686523,1691.48510742,91.05175781000003,0.6281144035441428
2021_2022,2022-03-19,Aston Villa,Arsenal,1764.2824707,1880.67883301,-116.39636231000009,0.33848982734981437
2021_2022,2022-03-20,Leicester,Brentford,1780.81164551,1673.44055176,107.37109375,0.6497812252372178
2021_2022,2022-03-20,Tottenham,West Ham,1821.14807129,1833.17919922,-12.031127930000139,0.48269273241061383
2021_2022,2022-04-02,Liverpool,Watford,2033.88061523,1635.16162109,398.7189941400002,0.9084796412199617
2021_2022,2022-04-02,Brighton,Norwich,1701.97106934,1601.73913574,100.23193360000005,0.6403725289291364
2021_2022,2022-04-02,Burnley,Man City,1690.40368652,2025.20727539,-334.8035888699999,0.12705146273593707
2021_2022,2022-04-02,Chelsea,Brentford,1960.76708984,1669.12451172,291.6425781199998,0.8427494929181355
2021_2022,2022-04-02,Leeds,Southampton,1703.09423828,1718.70080566,-15.606567380000115,0.47755543789127314
2021_2022,2022-04-02,Wolves,Aston Villa,1770.9276123,1758.2076416,12.719970699999976,0.5182973350075263
2021_2022,2022-04-02,Man United,Leicester,1868.26831055,1785.12756348,83.14074707000009,0.6174164304277996
2021_2022,2022-04-03,West Ham,Everton,1823.10437012,1694.70178223,128.40258789000018,0.676808799983675
2021_2022,2022-04-03,Tottenham,Newcastle,1831.22290039,1723.85766602,107.36523437000005,0.6497735495699766
2021_2022,2022-04-04,Crystal Palace,Arsenal,1747.72912598,1886.75354004,-139.02441406000003,0.3099637326417228
2021_2022,2022-04-06,Burnley,Everton,1688.47314453,1691.74035645,-3.267211920000136,0.4952982426792018
2021_2022,2022-04-08,Newcastle,Wolves,1711.14489746,1773.90039062,-62.755493160000015,0.4106570927626179
2021_2022,2022-04-09,Everton,Man United,1679.72021484,1861.04089355,-181.32067871000004,0.2604240476509284
2021_2022,2022-04-09,Arsenal,Brighton,1864.55639648,1694.31787109,170.23852539000018,0.7271026063320017
2021_2022,2022-04-09,Southampton,Chelsea,1715.67370605,1919.13830566,-203.46459961000005,0.236631574580682
2021_2022,2022-04-09,Watford,Leeds,1630.06787109,1698.56311035,-68.49523926000006,0.402684928246864
2021_2022,2022-04-09,Aston Villa,Tottenham,1747.67687988,1836.37756348,-88.70068360000005,0.37505237121487484
2021_2022,2022-04-10,Brentford,West Ham,1692.33508301,1820.76696777,-128.43188476,0.32315431164383934
2021_2022,2022-04-10,Leicester,Crystal Palace,1782.32067871,1762.36816406,19.952514650000012,0.5286824523932859
2021_2022,2022-04-10,Norwich,Burnley,1601.83422852,1690.67626953,-88.84204101,0.37486166465177717
2021_2022,2022-04-10,Man City,Liverpool,2026.12304688,2033.44763184,-7.324584960000038,0.4894606362525382
2021_2022,2022-04-16,Tottenham,Brighton,1859.45861816,1717.14172363,142.31689453000013,0.6940753927354721
2021_2022,2022-04-16,Man United,Norwich,1859.09790039,1624.57824707,234.51965331999986,0.7941302240086204
2021_2022,2022-04-16,Southampton,Arsenal,1714.90686035,1860.63537598,-145.72851562999995,0.30177055927002555
2021_2022,2022-04-16,Watford,Brentford,1626.79089355,1716.36096191,-89.57006836000005,0.3738800925244234
2021_2022,2022-04-17,Newcastle,Leicester,1729.22839355,1809.32214355,-80.09375,0.38673517829291953
2021_2022,2022-04-17,West Ham,Burnley,1830.6619873,1686.83508301,143.8269042899999,0.6959179532430672
2021_2022,2022-04-19,Liverpool,Man United,2044.28393555,1861.46618652,182.81774902999996,0.7412323452130755
2021_2022,2022-04-20,Chelsea,Arsenal,1940.49230957,1849.97399902,90.51831055000002,0.6273968309484617
2021_2022,2022-04-20,Everton,Leicester,1700.56591797,1800.3449707,-99.77905272999988,0.36022806914977007
2021_2022,2022-04-20,Newcastle,Crystal Palace,1738.20556641,1765.34924316,-27.14367674999994,0.4610163907800816
2021_2022,2022-04-20,Man City,Brighton,2037.50024414,1729.86242676,307.6378173799999,0.8545702589485117
2021_2022,2022-04-21,Burnley,Southampton,1691.70629883,1725.5682373,-33.86193847000004,0.4514224676218267
2021_2022,2022-04-23,Arsenal,Man United,1866.10681152,1855.3059082,10.800903320000089,0.5155387439660487
2021_2022,2022-04-23,Leicester,Aston Villa,1798.67346191,1743.49853516,55.17492674999994,0.5787422681253738
2021_2022,2022-04-23,Man City,Watford,2040.34863281,1619.90209961,420.4465332,0.9183610996277846
2021_2022,2022-04-23,Norwich,Newcastle,1622.20996094,1745.89331055,-123.68334961000005,0.32916179103715654
2021_2022,2022-04-23,Brentford,Tottenham,1723.24963379,1846.73791504,-123.48828125,0.32940979179776697
2021_2022,2022-04-24,Brighton,Southampton,1727.01403809,1714.2935791,12.720458989999997,0.5182980367722447
2021_2022,2022-04-24,Burnley,Wolves,1702.98083496,1774.71960449,-71.7387695299999,0.3982022092833536
2021_2022,2022-04-24,Chelsea,West Ham,1924.35949707,1825.79077148,98.56872558999999,0.6381646840362835
2021_2022,2022-04-24,Liverpool,Everton,2050.44433594,1702.23754883,348.2067871100003,0.8812623983945749
2021_2022,2022-04-25,Crystal Palace,Leeds,1757.66149902,1720.74291992,36.91857909999999,0.5529310370958828
2021_2022,2022-04-28,Man United,Chelsea,1847.56433105,1930.54394531,-82.97961426000006,0.3828026943285465
2021_2022,2022-04-30,Newcastle,Liverpool,1754.38903809,2052.93139648,-298.5423583899999,0.1520582901167433
2021_2022,2022-04-30,Aston Villa,Norwich,1744.48083496,1610.22680664,134.2540283200001,0.6841323963292354
2021_2022,2022-04-30,Southampton,Crystal Palace,1714.11486816,1753.65356445,-39.53869628999996,0.4433436127343972
2021_2022,2022-04-30,Watford,Burnley,1616.51416016,1710.28991699,-93.77575682999986,0.36823023531656657
2021_2022,2022-04-30,Wolves,Brighton,1763.9230957,1723.70544434,40.21765135999999,0.5576207217021703
2021_2022,2022-04-30,Leeds,Man City,1721.26342773,2043.05847168,-321.7950439499998,0.13559121762911644
2021_2022,2022-05-01,Everton,Chelsea,1698.7454834,1925.98266602,-227.23718261999988,0.2128079093967519
2021_2022,2022-05-01,Tottenham,Leicester,1842.69067383,1791.86010742,50.83056640999985,0.5726335793147482
2021_2022,2022-05-01,West Ham,Arsenal,1810.74462891,1873.71630859,-62.97167967999985,0.41035594242302964
2021_2022,2022-05-02,Man United,Brentford,1845.41491699,1723.80944824,121.60546875,0.6681916186371208
2021_2022,2022-05-07,Brentford,Southampton,1706.59399414,1696.07214355,10.521850589999985,0.5151375327365515
2021_2022,2022-05-07,Burnley,Aston Villa,1707.14941406,1740.09692383,-32.9475097699999,0.45272634513506893
2021_2022,2022-05-07,Chelsea,Wolves,1903.19360352,1735.95349121,167.24011230999986,0.7236643587989763
2021_2022,2022-05-07,Crystal Palace,Watford,1751.76672363,1599.72509766,152.0416259699998,0.7058311149738635
2021_2022,2022-05-07,Brighton,Man United,1731.74572754,1842.70092773,-110.95520019000014,0.34553832259538936
2021_2022,2022-05-07,Liverpool,Tottenham,2047.53295898,1840.69580078,206.8371582000002,0.7668573662953739
2021_2022,2022-05-08,Arsenal,Leeds,1871.09802246,1706.90576172,164.19226073999994,0.7201421102001645
2021_2022,2022-05-08,Leicester,Everton,1764.68908691,1701.60522461,63.083862299999964,0.589800302809016
2021_2022,2022-05-08,Norwich,West Ham,1594.68139648,1783.48132324,-188.79992675999983,0.25221761457744624
2021_2022,2022-05-08,Man City,Newcastle,2021.66430664,1741.84997559,279.81433104999996,0.8335142070167324
2021_2022,2022-05-10,Aston Villa,Liverpool,1752.03063965,2041.42504883,-289.3944091799999,0.1589731679521831
2021_2022,2022-05-11,Leeds,Chelsea,1703.63513184,1897.85009766,-194.2149658200001,0.2463840830243941
2021_2022,2022-05-11,Leicester,Norwich,1753.85412598,1585.60180664,168.25231933999999,0.7248280353634162
2021_2022,2022-05-11,Watford,Everton,1596.06213379,1712.44006348,-116.37792968999997,0.33851358657961417
2021_2022,2022-05-11,Wolves,Man City,1741.29699707,2025.72241211,-284.42541503999996,0.1628349268851307
2021_2022,2022-05-12,Tottenham,Arsenal,1846.80371094,1874.36853027,-27.56481933000009,0.4604140593570069
2021_2022,2022-05-15,Tottenham,Burnley,1859.87341309,1695.21557617,164.6578369199999,0.7206819262533416
2021_2022,2022-05-15,Aston Villa,Crystal Palace,1749.28833008,1755.42980957,-6.141479490000165,0.49116262097801294
2021_2022,2022-05-15,Leeds,Brighton,1696.18994141,1751.83300781,-55.64306639999995,0.42060087340879904
2021_2022,2022-05-15,Watford,Leicester,1598.12390137,1759.50952148,-161.38562011,0.2831255447436054
2021_2022,2022-05-15,West Ham,Man City,1792.56091309,2031.49267578,-238.9317626899999,0.20174850821230753
2021_2022,2022-05-15,Wolves,Norwich,1735.5267334,1579.94628906,155.58044433999999,0.7100430276477668
2021_2022,2022-05-15,Everton,Brentford,1710.3782959,1718.07531738,-7.697021479999876,0.4889249074683214
2021_2022,2022-05-16,Newcastle,Arsenal,1737.79187012,1861.2989502,-123.50708007999992,0.3293858877079185
2021_2022,2022-05-17,Southampton,Liverpool,1684.59069824,2044.1673584,-359.5766601600001,0.11205801865295674
2021_2022,2022-05-19,Everton,Crystal Palace,1701.28234863,1756.50231934,-55.2199707100001,0.42119451740782826
2021_2022,2022-05-19,Aston Villa,Burnley,1748.21594238,1691.84558105,56.37036132999992,0.5804190540572741
2021_2022,2022-05-19,Chelsea,Leicester,1905.29528809,1769.60961914,135.68566895000004,0.6859105691645043
2021_2022,2022-05-22,Arsenal,Everton,1846.86962891,1709.68261719,137.1870117200001,0.6877694709483338
2021_2022,2022-05-22,Brentford,Leeds,1727.17126465,1696.53796387,30.6333007799999,0.5439709805726859
2021_2022,2022-05-22,Brighton,West Ham,1751.48498535,1797.65820312,-46.173217770000065,0.4339398517892937
2021_2022,2022-05-22,Burnley,Newcastle,1694.62890625,1752.22119141,-57.592285160000074,0.4178689218752768
2021_2022,2022-05-22,Chelsea,Watford,1900.56335449,1588.02380371,312.5395507799999,0.8580420568050715
2021_2022,2022-05-22,Crystal Palace,Man United,1748.10205078,1822.61364746,-74.51159668000014,0.39438348372960313
2021_2022,2022-05-22,Leicester,Southampton,1774.34155273,1682.77697754,91.56457519000014,0.6288036935965049
2021_2022,2022-05-22,Liverpool,Wolves,2045.98120117,1730.35021973,315.63098144000014,0.860195898178406
2021_2022,2022-05-22,Man City,Aston Villa,2026.39538574,1745.43249512,280.9628906199998,0.8344296709336685
2021_2022,2022-05-22,Norwich,Tottenham,1585.1229248,1863.24353027,-278.1206054700001,0.16784316841120078
2022_2023,2022-08-05,Crystal Palace,Arsenal,1753.90112305,1851.4576416,-97.55651854999996,0.36318184991970953
2022_2023,2022-08-06,Fulham,Liverpool,1636.00439453,2035.03369141,-399.0292968800002,0.09137195077046616
2022_2023,2022-08-06,Bournemouth,Aston Villa,1630.36547852,1740.57543945,-110.20996093000008,0.34650909868543234
2022_2023,2022-08-06,Leeds,Wolves,1703.2824707,1725.1184082,-21.8359375,0.4686168699413393
2022_2023,2022-08-06,Newcastle,Nott'm Forest,1756.95495605,1612.11743164,144.83752441000001,0.6971476457302918
2022_2023,2022-08-06,Tottenham,Southampton,1866.62145996,1671.66308594,194.95837402000006,0.7544096491740812
2022_2023,2022-08-06,Everton,Chelsea,1698.97583008,1899.04138184,-200.06555176000006,0.2401842025108422
2022_2023,2022-08-07,Leicester,Brentford,1779.33666992,1714.30810547,65.02856444999998,0.5925059316498271
2022_2023,2022-08-07,Man United,Brighton,1810.69580078,1760.09667969,50.599121089999926,0.5723074999829456
2022_2023,2022-08-07,West Ham,Man City,1782.92785645,2025.13366699,-242.2058105399999,0.19873033876237364
2022_2023,2022-08-13,Aston Villa,Everton,1726.95800781,1694.67810059,32.27990722000004,0.546321314117306
2022_2023,2022-08-13,Arsenal,Leicester,1861.01391602,1776.17578125,84.8381347699999,0.6197217961258529
2022_2023,2022-08-13,Brighton,Newcastle,1770.77905273,1762.18933105,8.589721680000139,0.512359085176167
2022_2023,2022-08-13,Man City,Bournemouth,2030.11157227,1643.98291016,386.1286621099998,0.902272646889708
2022_2023,2022-08-13,Southampton,Leeds,1666.89074707,1710.66625977,-43.77551269999981,0.43733323446097605
2022_2023,2022-08-13,Wolves,Fulham,1717.73461914,1643.68127441,74.05334472999994,0.6049862889715854
2022_2023,2022-08-13,Brentford,Man United,1717.46911621,1800.01342773,-82.54431152000006,0.3833949011938671
2022_2023,2022-08-14,Nott'm Forest,West Ham,1606.88305664,1777.94995117,-171.06689453000013,0.27195223696538706
2022_2023,2022-08-14,Chelsea,Tottenham,1903.33911133,1871.39379883,31.9453125,0.5458438838853391
2022_2023,2022-08-15,Liverpool,Crystal Palace,2027.35693359,1744.34484863,283.01208496000004,0.8360529611510276
2022_2023,2022-08-20,Tottenham,Wolves,1874.02563477,1714.62683105,159.39880371999993,0.7145473854658498
2022_2023,2022-08-20,Crystal Palace,Aston Villa,1752.08728027,1733.14367676,18.943603510000003,0.5272350534537378
2022_2023,2022-08-20,Everton,Nott'm Forest,1689.02844238,1618.4239502,70.60449217999985,0.6002320623103194
2022_2023,2022-08-20,Fulham,Brentford,1647.32495117,1735.64953613,-88.32458495999981,0.3755599580250767
2022_2023,2022-08-20,Leicester,Southampton,1769.77258301,1667.03662109,102.73596192000014,0.6436853282413363
2022_2023,2022-08-20,Bournemouth,Arsenal,1642.36486816,1867.953125,-225.58825683999999,0.21440234702686625
2022_2023,2022-08-21,Leeds,Chelsea,1711.05639648,1901.24328613,-190.18688964999978,0.2507147821169256
2022_2023,2022-08-21,West Ham,Brighton,1767.79309082,1769.43200684,-1.638916019999897,0.49764142774641906
2022_2023,2022-08-21,Newcastle,Man City,1764.0723877,2032.26574707,-268.19335937000005,0.17597700857693013
2022_2023,2022-08-22,Man United,Liverpool,1782.36901855,2020.15039062,-237.7813720700001,0.2028170908720991
2022_2023,2022-08-27,Southampton,Man United,1679.32019043,1795.38769531,-116.06750488000012,0.3389138393807327
2022_2023,2022-08-27,Brentford,Everton,1727.20202637,1686.04040527,41.16162110000005,0.5589607390553109
2022_2023,2022-08-27,Brighton,Leeds,1783.38195801,1731.14233398,52.23962402999996,0.5746174049168858
2022_2023,2022-08-27,Chelsea,Leicester,1882.09033203,1758.42199707,123.66833495999981,0.6708191234194105
2022_2023,2022-08-27,Liverpool,Bournemouth,2008.0645752,1635.93359375,372.13098145000004,0.8949337064374151
2022_2023,2022-08-27,Man City,Crystal Palace,2027.23266602,1761.25231934,265.9803466799999,0.8221680707484617
2022_2023,2022-08-27,Arsenal,Fulham,1875.31726074,1656.7052002,218.6120605399999,0.7787560981254278
2022_2023,2022-08-28,Aston Villa,West Ham,1724.91149902,1756.25036621,-31.338867189999974,0.45502166185565174
2022_2023,2022-08-28,Wolves,Newcastle,1711.79272461,1770.03833008,-58.24560546999987,0.4169543705589088
2022_2023,2022-08-28,Nott'm Forest,Tottenham,1622.34484863,1877.79272461,-255.44787598000016,0.186870248021145
2022_2023,2022-08-30,Crystal Palace,Brentford,1758.66796875,1724.47509766,34.192871089999926,0.5490492435291681
2022_2023,2022-08-30,Fulham,Brighton,1654.3638916,1788.73535156,-134.37145996000004,0.3157215434357965
2022_2023,2022-08-30,Southampton,Chelsea,1672.95996094,1885.85290527,-212.8929443300001,0.22696819413211103
2022_2023,2022-08-30,Leeds,Everton,1725.78894043,1688.76733398,37.02160644999981,0.553077639154877
2022_2023,2022-08-31,Arsenal,Aston Villa,1877.65856934,1716.25817871,161.40039062999995,0.7168917122697032
2022_2023,2022-08-31,Bournemouth,Wolves,1632.94958496,1711.90783691,-78.95825194999998,0.38828657877928313
2022_2023,2022-08-31,Man City,Nott'm Forest,2029.8170166,1617.42907715,412.38793945,0.9148149460521685
2022_2023,2022-08-31,West Ham,Tottenham,1764.90380859,1882.70849609,-117.8046875,0.33667694282158334
2022_2023,2022-08-31,Liverpool,Newcastle,2011.04870605,1769.92321777,241.1254882799999,0.8002775395897757
2022_2023,2022-09-01,Leicester,Man United,1754.65942383,1801.7479248,-47.08850097000004,0.4326460993905659
2022_2023,2022-09-03,Everton,Liverpool,1691.30834961,2013.15661621,-321.8482666,0.13555531267006604
2022_2023,2022-09-03,Brentford,Leeds,1726.93969727,1723.24804688,3.6916503899999498,0.5053125120474657
2022_2023,2022-09-03,Chelsea,West Ham,1873.86962891,1766.67651367,107.19311524,0.649548042466299
2022_2023,2022-09-03,Newcastle,Crystal Palace,1767.81530762,1756.20336914,11.611938480000163,0.516704703413202
2022_2023,2022-09-03,Nott'm Forest,Bournemouth,1615.50952148,1633.62207031,-18.112548829999923,0.47395753500344856
2022_2023,2022-09-03,Tottenham,Fulham,1880.93579102,1664.69128418,216.24450683999999,0.7763990164877912
2022_2023,2022-09-03,Wolves,Southampton,1711.23535156,1684.9432373,26.292114260000062,0.5377653315731027
2022_2023,2022-09-03,Aston Villa,Man City,1713.07983398,2031.7364502,-318.65661621999993,0.13772266837108973
2022_2023,2022-09-04,Brighton,Leicester,1778.40795898,1746.38049316,32.02746582000009,0.5459611155706504
2022_2023,2022-09-04,Man United,Arsenal,1810.02685547,1880.83691406,-70.81005858999993,0.39948402589152465
2022_2023,2022-09-16,Aston Villa,Southampton,1710.12316895,1669.65917969,40.46398926000006,0.5579704937142936
2022_2023,2022-09-16,Nott'm Forest,Fulham,1597.00317383,1652.99450684,-55.99133301000006,0.42011239398776057
2022_2023,2022-09-17,Wolves,Man City,1707.84179688,2025.93322754,-318.09143066,0.13810949018369473
2022_2023,2022-09-17,Newcastle,Bournemouth,1756.54663086,1633.45080566,123.09582520000004,0.6700909701749651
2022_2023,2022-09-17,Tottenham,Leicester,1865.89465332,1727.05322266,138.84143066000001,0.6898109279799137
2022_2023,2022-09-18,Brentford,Arsenal,1728.76379395,1861.6138916,-132.85009764999995,0.31761660841677447
2022_2023,2022-09-18,Everton,West Ham,1688.40576172,1757.90917969,-69.50341796999987,0.40128979515126256
2022_2023,2022-10-01,Arsenal,Tottenham,1871.75646973,1872.88464355,-1.128173820000029,0.498376433068618
2022_2023,2022-10-01,Bournemouth,Brentford,1638.14367676,1718.62121582,-80.47753906000003,0.3862113352478115
2022_2023,2022-10-01,Crystal Palace,Chelsea,1748.79431152,1852.83117676,-104.03686524,0.35459898121702255
2022_2023,2022-10-01,Fulham,Newcastle,1661.09631348,1751.85388184,-90.75756836000005,0.37228125908575754
2022_2023,2022-10-01,Liverpool,Brighton,1982.13659668,1779.05773926,203.07885741999985,0.7629670843514264
2022_2023,2022-10-01,Southampton,Everton,1664.10778809,1696.84350586,-32.735717770000065,0.4530284310916832
2022_2023,2022-10-01,West Ham,Wolves,1749.47143555,1703.44909668,46.02233887000011,0.5658467940018307
2022_2023,2022-10-02,Man City,Man United,2030.32592773,1805.43835449,224.88757324000017,0.7849174988339194
2022_2023,2022-10-02,Leeds,Aston Villa,1702.74633789,1715.67456055,-12.928222660000074,0.48140337427892466
2022_2023,2022-10-03,Leicester,Nott'm Forest,1720.06323242,1588.90136719,131.1618652300001,0.6802733714067023
2022_2023,2022-10-08,Bournemouth,Leicester,1645.46582031,1734.11169434,-88.64587402999996,0.3751263257395282
2022_2023,2022-10-08,Chelsea,Wolves,1876.52185059,1701.96850586,174.55334472999994,0.7320031957574277
2022_2023,2022-10-08,Man City,Southampton,2041.9630127,1662.02880859,379.9342041100001,0.8990830116641751
2022_2023,2022-10-08,Newcastle,Brentford,1770.6048584,1724.35351562,46.25134277999996,0.5661706132854816
2022_2023,2022-10-08,Brighton,Tottenham,1791.85510254,1868.55200195,-76.69689941000001,0.39138293013320735
2022_2023,2022-10-09,Crystal Palace,Leeds,1748.52722168,1708.19445801,40.33276366999985,0.557784175324216
2022_2023,2022-10-09,West Ham,Fulham,1768.62756348,1655.3996582,113.22790527999996,0.657414220959047
2022_2023,2022-10-09,Arsenal,Liverpool,1889.96972656,1984.58581543,-94.61608886999988,0.3671056113901364
2022_2023,2022-10-09,Everton,Man United,1711.97705078,1809.97900391,-98.00195313000017,0.3625890247615624
2022_2023,2022-10-10,Nott'm Forest,Aston Villa,1587.90734863,1723.28088379,-135.37353516000007,0.3144766548474996
2022_2023,2022-10-14,Brentford,Brighton,1719.29724121,1790.51330566,-71.21606444999998,0.3989234818108724
2022_2023,2022-10-15,Leicester,Crystal Palace,1731.24035645,1760.17834473,-28.9379882799999,0.458450921765261
2022_2023,2022-10-15,Fulham,Bournemouth,1655.7956543,1660.49743652,-4.701782220000041,0.4932340044985509
2022_2023,2022-10-15,Wolves,Nott'm Forest,1702.52856445,1596.23059082,106.29797362999989,0.6483741696509332
2022_2023,2022-10-15,Tottenham,Everton,1885.38256836,1711.13879395,174.24377441000001,0.731653462380576
2022_2023,2022-10-16,Aston Villa,Chelsea,1727.11779785,1900.36206055,-173.24426270000004,0.2694776950414751
2022_2023,2022-10-16,Leeds,Arsenal,1708.70349121,1907.52490234,-198.8214111299999,0.2414936405113693
2022_2023,2022-10-16,Man United,Newcastle,1823.83825684,1787.82141113,36.0168457100001,0.5516475316876525
2022_2023,2022-10-16,Southampton,West Ham,1666.26379395,1782.73950195,-116.47570799999994,0.3383875618505823
2022_2023,2022-10-16,Liverpool,Man City,1988.66687012,2041.54541016,-52.87854003999996,0.4244838463269577
2022_2023,2022-10-18,Brighton,Nott'm Forest,1778.58129883,1591.96643066,186.6148681699999,0.7454027011178007
2022_2023,2022-10-18,Crystal Palace,Wolves,1761.02539062,1706.79284668,54.23254394000014,0.5774191438803816
2022_2023,2022-10-19,Bournemouth,Southampton,1662.03173828,1667.94873047,-5.916992190000201,0.4914855868914766
2022_2023,2022-10-19,Brentford,Chelsea,1731.22937012,1907.63208008,-176.4027099599998,0.26591353423121666
2022_2023,2022-10-19,Liverpool,West Ham,1996.49133301,1781.05444336,215.43688965,0.7755908932879543
2022_2023,2022-10-19,Newcastle,Everton,1790.44628906,1706.96386719,83.48242187000005,0.6178809165253322
2022_2023,2022-10-19,Man United,Tottenham,1821.21325684,1889.55749512,-68.34423828000013,0.4028940219828407
2022_2023,2022-10-20,Fulham,Aston Villa,1654.26123047,1719.84777832,-65.58654784999999,0.40671878300635883
2022_2023,2022-10-20,Leicester,Leeds,1730.39331055,1704.23022461,26.163085939999974,0.5375806990441756
2022_2023,2022-10-22,Nott'm Forest,Liverpool,1598.87243652,1999.79663086,-400.92419434,0.09047036989423315
2022_2023,2022-10-22,Everton,Crystal Palace,1703.09118652,1767.35876465,-64.26757812999995,0.408552156550325
2022_2023,2022-10-22,Man City,Brighton,2034.59350586,1773.42028809,261.17321777000006,0.8180860710165254
2022_2023,2022-10-22,Chelsea,Man United,1905.10510254,1833.87939453,71.22570801000006,0.6010898291684958
2022_2023,2022-10-23,Aston Villa,Brentford,1706.42468262,1735.50134277,-29.076660149999952,0.4582527415418603
2022_2023,2022-10-23,Leeds,Fulham,1696.98876953,1669.42944336,27.55932616999985,0.5395780848923053
2022_2023,2022-10-23,Southampton,Arsenal,1678.02770996,1915.7401123,-237.71240233999993,0.20288128983175957
2022_2023,2022-10-23,Wolves,Leicester,1702.20446777,1739.37988281,-37.17541503999996,0.4467035171518317
2022_2023,2022-10-23,Tottenham,Newcastle,1878.63647461,1796.06408691,82.57238770000004,0.6166433054574143
2022_2023,2022-10-24,West Ham,Bournemouth,1779.4942627,1653.69787598,125.7963867200001,0.6735185074020988
2022_2023,2022-10-29,Leicester,Man City,1754.70227051,2030.46386719,-275.7615966799999,0.169748413005084
2022_2023,2022-10-29,Bournemouth,Tottenham,1646.28662109,1860.08508301,-213.79846192000014,0.2260549301639198
2022_2023,2022-10-29,Brentford,Wolves,1718.9675293,1682.76757812,36.19995117999997,0.5519082158088138
2022_2023,2022-10-29,Brighton,Chelsea,1768.6796875,1905.19580078,-136.5161132799999,0.3130604662841387
2022_2023,2022-10-29,Crystal Palace,Southampton,1750.91174316,1680.71130371,70.20043944999998,0.5996738210194688
2022_2023,2022-10-29,Newcastle,Aston Villa,1805.72106934,1718.84399414,86.87707520000004,0.622483923013743
2022_2023,2022-10-29,Fulham,Everton,1677.45727539,1715.42358398,-37.96630859000015,0.44557853690784305
2022_2023,2022-10-29,Liverpool,Leeds,1991.63562012,1684.84631348,306.7893066400002,0.8539621715899218
2022_2023,2022-10-30,Arsenal,Nott'm Forest,1893.13061523,1612.41186523,280.71875,0.8342354159869035
2022_2023,2022-10-30,Man United,West Ham,1837.2076416,1784.22155762,52.986083979999876,0.5756673843895906
2022_2023,2022-11-05,Leeds,Bournemouth,1708.8092041,1650.31665039,58.49255371000004,0.5833911718585795
2022_2023,2022-11-05,Man City,Fulham,2043.88769531,1685.14367676,358.74401854999996,0.8874641784299493
2022_2023,2022-11-05,Nott'm Forest,Brentford,1616.95141602,1724.58728027,-107.63586425000017,0.3498720118366192
2022_2023,2022-11-05,Wolves,Brighton,1693.79296875,1794.69714355,-100.90417479999996,0.35873677407586224
2022_2023,2022-11-05,Everton,Leicester,1724.38232422,1759.97094727,-35.588623049999796,0.448962232145783
2022_2023,2022-11-06,Chelsea,Arsenal,1897.93908691,1905.82983398,-7.890747070000089,0.48864625418862584
2022_2023,2022-11-06,Aston Villa,Man United,1718.14282227,1858.27246094,-140.12963867000008,0.3086045969557234
2022_2023,2022-11-06,Southampton,Newcastle,1684.15441895,1823.06726074,-138.9128417899999,0.31010112031262727
2022_2023,2022-11-06,West Ham,Crystal Palace,1790.52062988,1764.11376953,26.406860349999988,0.5379295183056159
2022_2023,2022-11-06,Tottenham,Liverpool,1878.54614258,1990.89648438,-112.35034180000002,0.3437244211219565
2022_2023,2022-11-12,Man City,Brentford,2044.9029541,1723.15454102,321.7484130800001,0.8643773177554379
2022_2023,2022-11-12,Bournemouth,Everton,1645.16027832,1712.22839355,-67.06811522999988,0.4046624950388159
2022_2023,2022-11-12,Liverpool,Southampton,1997.30712891,1674.11987305,323.18725586000005,0.8653453582500719
2022_2023,2022-11-12,Nott'm Forest,Crystal Palace,1618.3840332,1774.21716309,-155.83312989,0.2896575931790096
2022_2023,2022-11-12,Tottenham,Leeds,1872.13549805,1713.96557617,158.16992187999995,0.7131023160690669
2022_2023,2022-11-12,West Ham,Leicester,1780.41711426,1772.12487793,8.29223633000015,0.511931221966154
2022_2023,2022-11-12,Newcastle,Chelsea,1833.10192871,1888.72277832,-55.62084961000005,0.42063204000850885
2022_2023,2022-11-12,Wolves,Arsenal,1686.64331055,1915.04614258,-228.4028320299999,0.2116860087498265
2022_2023,2022-11-13,Brighton,Aston Villa,1801.84680176,1732.72180176,69.125,0.5981867304485855
2022_2023,2022-11-13,Fulham,Man United,1684.1282959,1843.69348145,-159.56518555000002,0.2852572987292318
2022_2023,2022-12-26,Brentford,Tottenham,1738.86108398,1875.4041748,-136.54309081999986,0.3130270704594448
2022_2023,2022-12-26,Crystal Palace,Fulham,1763.26940918,1678.95703125,84.31237792999991,0.6190082929803825
2022_2023,2022-12-26,Everton,Wolves,1697.43737793,1681.09326172,16.34411620999981,0.5235037388816892
2022_2023,2022-12-26,Leicester,Newcastle,1785.39929199,1841.32421875,-55.92492676000006,0.4202055234792676
2022_2023,2022-12-26,Southampton,Brighton,1672.19580078,1790.72070312,-118.52490234000015,0.33575168739609584
2022_2023,2022-12-26,Aston Villa,Liverpool,1743.84777832,1999.2310791,-255.3833007799999,0.18692673807909377
2022_2023,2022-12-26,Arsenal,West Ham,1920.59619141,1767.14257812,153.45361329000002,0.707515943358715
2022_2023,2022-12-27,Chelsea,Bournemouth,1880.50048828,1659.95129395,220.54919432999986,0.780671393331265
2022_2023,2022-12-27,Man United,Nott'm Forest,1848.86486816,1629.33166504,219.53320312000005,0.7796683459737244
2022_2023,2022-12-28,Leeds,Man City,1710.69689941,2029.19641113,-318.4995117199999,0.137830101692377
2022_2023,2022-12-30,West Ham,Brentford,1762.09204102,1741.48974609,20.60229492999997,0.5296143831228374
2022_2023,2022-12-30,Liverpool,Leicester,2003.81494141,1772.11779785,231.6971435600001,0.7914612379461552
2022_2023,2022-12-31,Wolves,Man United,1690.80871582,1853.42248535,-162.6137695299999,0.28169282289679226
2022_2023,2022-12-31,Bournemouth,Crystal Palace,1656.28674316,1743.77441406,-87.48767090000001,0.37669044662993506
2022_2023,2022-12-31,Fulham,Southampton,1698.45214844,1663.60864258,34.84350586000005,0.5499764001412939
2022_2023,2022-12-31,Man City,Everton,2032.33178711,1687.72192383,344.6098632800001,0.879078628645819
2022_2023,2022-12-31,Newcastle,Leeds,1854.60571289,1707.56152344,147.04418944999998,0.6998228427294968
2022_2023,2022-12-31,Brighton,Arsenal,1799.30786133,1925.64685059,-126.33898926000006,0.3257950409482525
2022_2023,2023-01-01,Tottenham,Aston Villa,1872.77539062,1739.26391602,133.51147460000016,0.6832079746733423
2022_2023,2023-01-01,Nott'm Forest,Chelsea,1624.77416992,1884.16503906,-259.39086913999995,0.18344582452606945
2022_2023,2023-01-02,Brentford,Liverpool,1754.91503906,2006.18847656,-251.2734375,0.19054910521051854
2022_2023,2023-01-03,Arsenal,Newcastle,1933.81469727,1849.7487793,84.06591796999987,0.6186736456835511
2022_2023,2023-01-03,Everton,Brighton,1695.72351074,1791.14001465,-95.41650391000007,0.36603575227086693
2022_2023,2023-01-03,Leicester,Fulham,1769.74438477,1704.48791504,65.25646972999994,0.5928226486041885
2022_2023,2023-01-03,Man United,Bournemouth,1858.39404297,1646.6842041,211.7098388700001,0.771834657012103
2022_2023,2023-01-04,Southampton,Nott'm Forest,1657.57287598,1630.46240234,27.11047364000001,0.5389361162180337
2022_2023,2023-01-04,Leeds,West Ham,1712.41845703,1748.66674805,-36.248291020000124,0.44802296834248245
2022_2023,2023-01-04,Aston Villa,Wolves,1756.51733398,1685.8371582,70.68017578000013,0.6003365982572969
2022_2023,2023-01-04,Crystal Palace,Tottenham,1753.37695312,1855.52209473,-102.14514160999988,0.3570950951767144
2022_2023,2023-01-05,Chelsea,Man City,1878.47680664,2024.3302002,-145.8533935600001,0.30161911441890615
2022_2023,2023-01-12,Fulham,Chelsea,1714.91918945,1873.39746094,-158.47827149,0.2865346780740715
2022_2023,2023-01-13,Aston Villa,Leeds,1753.65686035,1712.55371094,41.103149410000015,0.5588777599945476
2022_2023,2023-01-14,Man United,Man City,1863.21459961,2029.40942383,-166.19482421999987,0.2775405366163381
2022_2023,2023-01-14,Brighton,Liverpool,1802.40270996,1987.2824707,-184.87976073999994,0.2564974537925979
2022_2023,2023-01-14,Everton,Southampton,1684.4609375,1648.04064941,36.420288089999985,0.5522218678669902
2022_2023,2023-01-14,Nott'm Forest,Leicester,1639.99462891,1759.31298828,-119.31835936999983,0.3347337962628602
2022_2023,2023-01-14,Wolves,West Ham,1688.69750977,1748.53149414,-59.83398437000005,0.4147332700413954
2022_2023,2023-01-14,Brentford,Bournemouth,1773.82104492,1641.86364746,131.95739746000004,0.6812685857177312
2022_2023,2023-01-15,Chelsea,Crystal Palace,1862.16723633,1741.02978516,121.13745116999985,0.6675940293364798
2022_2023,2023-01-15,Newcastle,Fulham,1852.99780273,1726.14953613,126.84826660000022,0.6748485714647375
2022_2023,2023-01-15,Tottenham,Arsenal,1867.8692627,1930.56567383,-62.69641112999989,0.4107394063800475
2022_2023,2023-01-18,Crystal Palace,Man United,1736.68188477,1874.46447754,-137.78259277000006,0.3114947711878021
2022_2023,2023-01-19,Man City,Tottenham,2018.15966797,1857.59106445,160.56860352000012,0.7159189102822713
2022_2023,2023-01-21,Liverpool,Chelsea,1966.57336426,1866.51513672,100.05822753999996,0.640142216621845
2022_2023,2023-01-21,Bournemouth,Nott'm Forest,1636.03796387,1654.58740234,-18.549438469999814,0.47333054732258095
2022_2023,2023-01-21,Leicester,Brighton,1744.72021484,1823.11181641,-78.39160157000015,0.38906162779661646
2022_2023,2023-01-21,Southampton,Aston Villa,1657.71655273,1759.75231934,-102.03576660999988,0.3572396536159159
2022_2023,2023-01-21,West Ham,Everton,1739.55041504,1674.78503418,64.76538086000005,0.5921400932538612
2022_2023,2023-01-21,Crystal Palace,Newcastle,1739.55004883,1857.1541748,-117.60412597000004,0.3369348263776644
2022_2023,2023-01-22,Leeds,Brentford,1706.45825195,1779.64672852,-73.18847656999992,0.3962041015739553
2022_2023,2023-01-22,Man City,Wolves,2023.02734375,1697.67871094,325.34863281,0.8667885425108461
2022_2023,2023-01-22,Arsenal,Man United,1940.84387207,1871.59631348,69.24755859000015,0.5983562931792717
2022_2023,2023-01-23,Fulham,Tottenham,1721.99316406,1852.72338867,-130.73022461000005,0.3202673015378293
2022_2023,2023-02-03,Chelsea,Fulham,1870.25158691,1716.51513672,153.7364501899999,0.7078527521279021
2022_2023,2023-02-04,Everton,Arsenal,1666.92407227,1946.26928711,-279.34521484000015,0.16686086734371436
2022_2023,2023-02-04,Aston Villa,Leicester,1766.03100586,1745.92407227,20.106933590000153,0.5289039421612771
2022_2023,2023-02-04,Brentford,Southampton,1778.54077148,1651.43774414,127.10302734000015,0.6751702845854279
2022_2023,2023-02-04,Brighton,Bournemouth,1821.90795898,1635.52563477,186.3823242100002,0.7451485756793433
2022_2023,2023-02-04,Man United,Crystal Palace,1866.17077637,1741.84655762,124.32421875,0.6716523096960253
2022_2023,2023-02-04,Wolves,Liverpool,1695.0546875,1962.83691406,-267.78222656,0.17632046058523215
2022_2023,2023-02-04,Newcastle,West Ham,1854.85754395,1747.41137695,107.44616700000006,0.6498795627864197
2022_2023,2023-02-05,Nott'm Forest,Leeds,1655.09960938,1707.56433105,-52.46472167000002,0.42506589871514433
2022_2023,2023-02-05,Tottenham,Man City,1858.20129395,2025.65148926,-167.45019531000003,0.27609387076855846
2022_2023,2023-02-08,Man United,Leeds,1870.37194824,1699.21447754,171.15747069999998,0.7281509846167181
2022_2023,2023-02-11,West Ham,Chelsea,1751.38952637,1865.21569824,-113.82617186999983,0.341810562431792
2022_2023,2023-02-11,Arsenal,Brentford,1932.35388184,1785.5625,146.79138183999999,0.6995170424849835
2022_2023,2023-02-11,Crystal Palace,Brighton,1737.64538574,1824.99304199,-87.34765625,0.3768797074455522
2022_2023,2023-02-11,Fulham,Nott'm Forest,1721.55102539,1663.44946289,58.1015625,0.5828440395635595
2022_2023,2023-02-11,Leicester,Tottenham,1759.25036621,1869.27246094,-110.02209472999994,0.3467540222601108
2022_2023,2023-02-11,Southampton,Wolves,1644.41601562,1719.13122559,-74.71520996999993,0.394103569846124
2022_2023,2023-02-11,Bournemouth,Newcastle,1632.44067383,1850.87939453,-218.43872069999998,0.22141586987358008
2022_2023,2023-02-12,Leeds,Man United,1704.67956543,1864.90686035,-160.22729492000008,0.2844808440921159
2022_2023,2023-02-12,Man City,Aston Villa,2014.58032227,1752.70471191,261.8756103599999,0.8186870257849233
2022_2023,2023-02-13,Liverpool,Everton,1938.76025391,1680.83947754,257.9207763700001,0.8152831459271774
2022_2023,2023-02-15,Arsenal,Man City,1926.0369873,2016.03466797,-89.99768067000014,0.37330404180150656
2022_2023,2023-02-18,Aston Villa,Arsenal,1747.88244629,1915.75280762,-167.87036133000015,0.2756107226405177
2022_2023,2023-02-18,Brentford,Crystal Palace,1788.51147461,1736.90576172,51.60571288999995,0.5737252087354416
2022_2023,2023-02-18,Brighton,Fulham,1821.69287109,1727.38684082,94.30603026999984,0.6324796020681223
2022_2023,2023-02-18,Chelsea,Southampton,1857.0177002,1635.07531738,221.94238282000015,0.7820414872102409
2022_2023,2023-02-18,Everton,Leeds,1675.8927002,1695.50720215,-19.614501949999976,0.47180241314953986
2022_2023,2023-02-18,Nott'm Forest,Man City,1653.57385254,2024.97509766,-371.4012451200001,0.10546193010266917
2022_2023,2023-02-18,Wolves,Bournemouth,1724.43212891,1635.08935547,89.34277343999997,0.6258135652306109
2022_2023,2023-02-18,Newcastle,Liverpool,1844.19091797,1939.6673584,-95.47644042999991,0.3659556923019374
2022_2023,2023-02-19,Man United,Leicester,1872.03869629,1773.74938965,98.28930663999995,0.6377931901210196
2022_2023,2023-02-19,Tottenham,West Ham,1846.40539551,1751.39086914,95.01452637000011,0.6334271167358849
2022_2023,2023-02-24,Fulham,Wolves,1737.55480957,1711.32421875,26.23059082000009,0.5376772961556242
2022_2023,2023-02-25,Everton,Aston Villa,1681.7442627,1739.49206543,-57.747802729999876,0.4176511689202857
2022_2023,2023-02-25,Leeds,Southampton,1686.68652344,1647.84594727,38.84057617000008,0.55566438694226
2022_2023,2023-02-25,Leicester,Arsenal,1764.45349121,1921.17407227,-156.72058105999986,0.28860760246225026
2022_2023,2023-02-25,West Ham,Nott'm Forest,1743.2689209,1659.45617676,83.81274413999995,0.6183297648356125
2022_2023,2023-02-25,Bournemouth,Man City,1645.22827148,2016.33105469,-371.10278320999987,0.10562412363568288
2022_2023,2023-02-25,Crystal Palace,Liverpool,1738.09765625,1933.30065918,-195.2030029299999,0.24532953954152373
2022_2023,2023-02-26,Tottenham,Chelsea,1851.55834961,1841.27807617,10.280273439999974,0.5147901866711363
2022_2023,2023-03-01,Arsenal,Everton,1926.26721191,1670.74597168,255.5212402300001,0.8131939146978362
2022_2023,2023-03-01,Liverpool,Wolves,1929.21496582,1713.33532715,215.87963867000008,0.7760341765287025
2022_2023,2023-03-04,Man City,Newcastle,2019.34545898,1833.15686035,186.18859863000012,0.7449367438054529
2022_2023,2023-03-04,Arsenal,Bournemouth,1930.43652344,1642.21386719,288.22265625,0.8401229246842231
2022_2023,2023-03-04,Aston Villa,Crystal Palace,1750.49047852,1742.18322754,8.307250979999935,0.5119528174583196
2022_2023,2023-03-04,Brighton,West Ham,1808.55578613,1753.38598633,55.169799799999964,0.578735072825876
2022_2023,2023-03-04,Chelsea,Leeds,1831.93103027,1692.50622559,139.42480468000008,0.6905290234693439
2022_2023,2023-03-04,Wolves,Tottenham,1709.67138672,1860.90539551,-151.23400878999996,0.2951351000316171
2022_2023,2023-03-04,Southampton,Leicester,1642.02624512,1759.36035156,-117.33410643999991,0.33728217293495116
2022_2023,2023-03-05,Nott'm Forest,Everton,1649.3392334,1666.57653809,-17.237304689999974,0.475213857724085
2022_2023,2023-03-05,Liverpool,Man United,1932.87890625,1887.84191895,45.036987299999964,0.5644528354731733
2022_2023,2023-03-06,Brentford,Fulham,1784.35070801,1735.54382324,48.806884770000124,0.5697803425976872
2022_2023,2023-03-11,Bournemouth,Liverpool,1645.58935547,1952.60327148,-307.01391601,0.14587665670764974
2022_2023,2023-03-11,Everton,Brentford,1672.66345215,1794.85876465,-122.1953125,0.3310560092462053
2022_2023,2023-03-11,Leeds,Brighton,1693.86279297,1824.63146973,-130.76867675999983,0.32021911676579246
2022_2023,2023-03-11,Leicester,Chelsea,1754.80114746,1855.05310059,-100.25195312999995,0.35960093185414954
2022_2023,2023-03-11,Tottenham,Nott'm Forest,1847.31860352,1653.40246582,193.9161376999998,0.7532963740010847
2022_2023,2023-03-11,Crystal Palace,Man City,1740.62304688,2028.57324219,-287.95019531,0.1600878510577702
2022_2023,2023-03-12,Fulham,Arsenal,1735.18579102,1937.4263916,-202.2406005800001,0.23790668710833884
2022_2023,2023-03-12,Man United,Southampton,1885.69750977,1656.7355957,228.96191406999992,0.7888505526941872
2022_2023,2023-03-12,West Ham,Aston Villa,1749.76013184,1762.20080566,-12.440673820000029,0.48210407896832547
2022_2023,2023-03-12,Newcastle,Wolves,1834.07922363,1725.56445312,108.51477050999983,0.6512779294021874
2022_2023,2023-03-15,Brighton,Crystal Palace,1825.34350586,1740.55212402,84.79138183999999,0.6196583687525495
2022_2023,2023-03-15,Southampton,Brentford,1666.37268066,1787.93322754,-121.56054687999995,0.3318657164908987
2022_2023,2023-03-17,Nott'm Forest,Newcastle,1650.14916992,1839.0255127,-188.87634277999996,0.2521346594154528
2022_2023,2023-03-18,Aston Villa,Bournemouth,1764.12915039,1660.17456055,103.95458983999993,0.6452926204183667
2022_2023,2023-03-18,Brentford,Leicester,1794.66345215,1745.73510742,48.928344729999935,0.5699517246492262
2022_2023,2023-03-18,Southampton,Tottenham,1655.22070312,1851.90478516,-196.68408204000002,0.24375448144300377
2022_2023,2023-03-18,Wolves,Leeds,1721.95092773,1696.69433594,25.25659179000013,0.5362832673194915
2022_2023,2023-03-18,Chelsea,Everton,1865.45202637,1683.13269043,182.3193359400002,0.7406816518039033
2022_2023,2023-03-19,Arsenal,Crystal Palace,1937.35522461,1733.6418457,203.71337891000007,0.7636270161660288
2022_2023,2023-04-01,Man City,Liverpool,2041.54101562,1933.89111328,107.64990234000015,0.6501463690525334
2022_2023,2023-04-01,Arsenal,Leeds,1941.99780273,1711.10632324,230.89147949000017,0.790694736812151
2022_2023,2023-04-01,Bournemouth,Fulham,1652.87463379,1728.14892578,-75.27429198999994,0.3933353392070124
2022_2023,2023-04-01,Brighton,Brentford,1827.83215332,1791.74316406,36.08898926000006,0.551750244620339
2022_2023,2023-04-01,Crystal Palace,Leicester,1728.99938965,1748.65527344,-19.65588378999996,0.47174304969772857
2022_2023,2023-04-01,Nott'm Forest,Wolves,1645.27526855,1707.53881836,-62.263549810000086,0.4113426248441633
2022_2023,2023-04-01,Chelsea,Aston Villa,1859.50634766,1771.42907715,88.07727051000006,0.624106114550041
2022_2023,2023-04-02,West Ham,Southampton,1751.7487793,1659.07275391,92.67602538999995,0.6302958185928503
2022_2023,2023-04-02,Newcastle,Man United,1843.89941406,1883.70861816,-39.80920409999999,0.44295935310694207
2022_2023,2023-04-03,Everton,Tottenham,1689.07836914,1848.05273438,-158.97436524,0.28595122685580393
2022_2023,2023-04-04,Bournemouth,Brighton,1661.45166016,1825.32202148,-163.87036132000003,0.28023149139726367
2022_2023,2023-04-04,Leeds,Nott'm Forest,1707.2677002,1645.5411377,61.7265625,0.5879086805317516
2022_2023,2023-04-04,Leicester,Aston Villa,1741.45727539,1788.20214844,-46.744873050000024,0.43313171059906935
2022_2023,2023-04-04,Chelsea,Liverpool,1842.73327637,1926.77844238,-84.04516600999978,0.38135453680978443
2022_2023,2023-04-05,Man United,Brentford,1872.80004883,1794.2532959,78.54675292999991,0.6111506399598793
2022_2023,2023-04-05,West Ham,Newcastle,1756.24475098,1854.8079834,-98.56323242000008,0.36184261766990927
2022_2023,2023-04-08,Man United,Everton,1877.56213379,1691.98669434,185.57543944999998,0.7442655137380912
2022_2023,2023-04-08,Aston Villa,Nott'm Forest,1796.50170898,1640.36157227,156.1401367100002,0.7107058988204481
2022_2023,2023-04-08,Brentford,Newcastle,1789.49121094,1868.84106445,-79.34985351,0.38775128652259794
2022_2023,2023-04-08,Fulham,West Ham,1719.57177734,1742.21166992,-22.63989258000015,0.4674646130461255
2022_2023,2023-04-08,Leicester,Bournemouth,1733.15759277,1653.86621094,79.29138183000009,0.6121688039057348
2022_2023,2023-04-08,Tottenham,Brighton,1845.14440918,1832.90759277,12.236816409999847,0.5176029163451266
2022_2023,2023-04-08,Wolves,Chelsea,1707.27294922,1843.56323242,-136.29028319999998,0.3133401001183267
2022_2023,2023-04-08,Southampton,Man City,1654.57678223,2048.65356445,-394.07678222000004,0.09376658830156523
2022_2023,2023-04-09,Leeds,Crystal Palace,1712.44714355,1736.1973877,-23.75024415000007,0.4658737908657495
2022_2023,2023-04-09,Liverpool,Arsenal,1925.94848633,1945.83642578,-19.887939449999976,0.47141017396464246
2022_2023,2023-04-15,Aston Villa,Newcastle,1801.51342773,1876.32397461,-74.81054687999995,0.3939725309331267
2022_2023,2023-04-15,Chelsea,Brighton,1827.19384766,1826.64733887,0.5465087899999617,0.5007864887219929
2022_2023,2023-04-15,Everton,Fulham,1687.98425293,1710.90380859,-22.919555660000015,0.4670638707284896
2022_2023,2023-04-15,Southampton,Crystal Palace,1652.02697754,1753.99755859,-101.97058104999996,0.3573258202432052
2022_2023,2023-04-15,Tottenham,Bournemouth,1851.72363281,1665.28271484,186.4409179700001,0.745212623018681
2022_2023,2023-04-15,Wolves,Brentford,1717.95959473,1782.32702637,-64.36743164000018,0.408413270012157
2022_2023,2023-04-15,Man City,Leicester,2060.53149414,1722.06005859,338.47143555000025,0.87527187728464
2022_2023,2023-04-16,West Ham,Arsenal,1751.61779785,1946.84753418,-195.22973632999992,0.24530104904174532
2022_2023,2023-04-16,Nott'm Forest,Man United,1635.66882324,1878.94750977,-243.27868652999996,0.19774872778559613
2022_2023,2023-04-17,Leeds,Liverpool,1694.96582031,1925.25634766,-230.29052735000005,0.20987835090559426
2022_2023,2023-04-21,Arsenal,Southampton,1936.20410156,1635.83081055,300.37329101,0.8492956841914571
2022_2023,2023-04-22,Fulham,Leeds,1716.72583008,1680.00134277,36.72448730999986,0.5526548305345893
2022_2023,2023-04-22,Brentford,Aston Villa,1763.5690918,1810.03161621,-46.462524410000015,0.433530818797235
2022_2023,2023-04-22,Crystal Palace,Everton,1756.86157227,1668.82995605,88.03161621999993,0.624044458577585
2022_2023,2023-04-22,Leicester,Wolves,1713.68310547,1723.38537598,-9.702270509999835,0.4860409387086216
2022_2023,2023-04-22,Liverpool,Nott'm Forest,1926.88867188,1623.88769531,303.0009765699999,0.8512215095637168
2022_2023,2023-04-23,Bournemouth,West Ham,1672.1394043,1757.16345215,-85.02404784999999,0.38002602531116536
2022_2023,2023-04-23,Newcastle,Tottenham,1854.47363281,1831.53466797,22.938964839999926,0.5329639400229732
2022_2023,2023-04-25,Wolves,Crystal Palace,1716.23925781,1753.18127441,-36.94201659999999,0.44703561186502366
2022_2023,2023-04-25,Aston Villa,Fulham,1810.02209473,1722.50805664,87.51403808999999,0.6233451902608723
2022_2023,2023-04-25,Leeds,Leicester,1674.21923828,1720.82922363,-46.60998534999999,0.43332236758312137
2022_2023,2023-04-26,Nott'm Forest,Brighton,1622.29052734,1829.50939941,-207.2188720700001,0.2327500112153978
2022_2023,2023-04-26,Chelsea,Brentford,1804.6706543,1763.57873535,41.091918950000036,0.5588618221099693
2022_2023,2023-04-26,West Ham,Liverpool,1771.29333496,1928.48571777,-157.19238281000003,0.288050310604345
2022_2023,2023-04-26,Man City,Arsenal,2057.96728516,1928.5925293,129.37475585999982,0.6780317026449789
2022_2023,2023-04-27,Everton,Newcastle,1672.51037598,1868.48242188,-195.9720459,0.24451084209725066
2022_2023,2023-04-27,Southampton,Bournemouth,1643.44238281,1658.00964355,-14.567260739999938,0.479048302534847
2022_2023,2023-04-27,Tottenham,Man United,1817.52575684,1851.24658203,-33.720825189999914,0.45162363700524166
2022_2023,2023-04-29,Crystal Palace,West Ham,1741.75256348,1766.06311035,-24.310546870000053,0.46507129571023026
2022_2023,2023-04-29,Brentford,Nott'm Forest,1778.25683594,1639.59765625,138.65917968999997,0.6895864009862434
2022_2023,2023-04-29,Brighton,Wolves,1812.20227051,1727.66784668,84.53442383000015,0.6193096937302379
2022_2023,2023-04-30,Bournemouth,Leeds,1666.98657227,1674.25036621,-7.2637939400001414,0.4895480830135989
2022_2023,2023-04-30,Fulham,Man City,1717.72265625,2064.57592773,-346.8532714799999,0.11955531726164727
2022_2023,2023-04-30,Man United,Aston Villa,1851.63476562,1814.80749512,36.82727049999994,0.5528011024571581
2022_2023,2023-04-30,Newcastle,Southampton,1876.25109863,1634.46533203,241.7857666,0.8008843518744274
2022_2023,2023-04-30,Liverpool,Tottenham,1933.71594238,1817.13769531,116.57824706999986,0.6617445743102721
2022_2023,2023-05-01,Leicester,Everton,1720.79797363,1664.74169922,56.05627440999979,0.5799786756669764
2022_2023,2023-05-02,Arsenal,Chelsea,1921.98376465,1789.99243164,131.99133301000006,0.6813110025706399
2022_2023,2023-05-03,Liverpool,Fulham,1937.74694824,1715.74194336,222.0050048799999,0.7821029259811033
2022_2023,2023-05-03,Man City,West Ham,2066.55664062,1758.54016113,308.01647949000017,0.854840949349263
2022_2023,2023-05-04,Brighton,Man United,1824.46618652,1857.52453613,-33.05834960999982,0.45256826445940507
2022_2023,2023-05-06,Bournemouth,Chelsea,1679.01330566,1784.52539062,-105.51208496000004,0.3526579120340398
2022_2023,2023-05-06,Man City,Leeds,2069.11499023,1662.22363281,406.89135741999985,0.9123166364796295
2022_2023,2023-05-06,Tottenham,Crystal Palace,1813.10656738,1749.2755127,63.83105467999985,0.5908405105373187
2022_2023,2023-05-06,Wolves,Aston Villa,1715.40405273,1808.91772461,-93.51367187999995,0.3685812799405121
2022_2023,2023-05-06,Liverpool,Brentford,1940.13647461,1782.06506348,158.07141113000012,0.7129862859639001
2022_2023,2023-05-07,Newcastle,Arsenal,1879.38903809,1927.45080566,-48.06176757000003,0.43127139485086186
2022_2023,2023-05-07,West Ham,Man United,1755.98181152,1849.97033691,-93.98852538999995,0.36794534919359473
2022_2023,2023-05-08,Fulham,Leicester,1713.35253906,1717.8963623,-4.543823239999938,0.4934612855007017
2022_2023,2023-05-08,Brighton,Everton,1832.02038574,1667.64343262,164.37695311999983,0.7203563295820258
2022_2023,2023-05-08,Nott'm Forest,Southampton,1635.78942871,1631.32751465,4.461914060000026,0.5064208575117809
2022_2023,2023-05-13,Leeds,Newcastle,1662.25305176,1868.69396973,-206.44091796999987,0.23355068503435983
2022_2023,2023-05-13,Aston Villa,Tottenham,1800.42492676,1819.12731934,-18.702392579999923,0.4731110600783414
2022_2023,2023-05-13,Chelsea,Nott'm Forest,1794.84033203,1643.26086426,151.57946776999984,0.7052784250851499
2022_2023,2023-05-13,Crystal Palace,Bournemouth,1744.87902832,1670.32250977,74.55651855000019,0.6056782778066679
2022_2023,2023-05-13,Man United,Wolves,1841.63452148,1725.52087402,116.11364746000004,0.6611456701267235
2022_2023,2023-05-13,Southampton,Fulham,1625.48022461,1723.70690918,-98.22668456999986,0.3622900899666857
2022_2023,2023-05-14,Brentford,West Ham,1779.58166504,1768.19128418,11.39038086000005,0.5163862055185202
2022_2023,2023-05-14,Everton,Man City,1694.99169922,2071.11010742,-376.1184082,0.10292752096593638
2022_2023,2023-05-14,Arsenal,Brighton,1939.77001953,1806.29614258,133.47387694999998,0.6831611299385465
2022_2023,2023-05-15,Leicester,Liverpool,1709.1661377,1944.24414062,-235.07800292000002,0.20534480479496023
2022_2023,2023-05-18,Newcastle,Brighton,1867.08557129,1830.64916992,36.436401369999885,0.5522448036741393
2022_2023,2023-05-20,Tottenham,Brentford,1816.60021973,1793.40161133,23.198608400000012,0.5333359546490052
2022_2023,2023-05-20,Bournemouth,Man United,1667.70898438,1852.27661133,-184.56762694999998,0.25684026257506043
2022_2023,2023-05-20,Fulham,Crystal Palace,1737.79785156,1756.84069824,-19.04284667999991,0.47262255011630966
2022_2023,2023-05-20,Liverpool,Aston Villa,1955.11572266,1812.30029297,142.81542968999997,0.6946844111649849
2022_2023,2023-05-20,Wolves,Everton,1724.22692871,1696.65820312,27.568725589999985,0.5395915269610602
2022_2023,2023-05-20,Nott'm Forest,Arsenal,1653.11474609,1922.75805664,-269.64331055,0.1747699485599947
2022_2023,2023-05-21,West Ham,Leeds,1770.27746582,1671.20251465,99.07495117000008,0.6388373018657206
2022_2023,2023-05-21,Brighton,Southampton,1822.49365234,1620.73742676,201.75622557999986,0.7615874073571223
2022_2023,2023-05-21,Man City,Chelsea,2087.48999023,1794.33447266,293.1555175699998,0.8439002153924166
2022_2023,2023-05-22,Newcastle,Leicester,1879.25537109,1707.6427002,171.6126708899999,0.728669363773372
2022_2023,2023-05-24,Brighton,Man City,1826.29492188,2089.16748047,-262.87255859000015,0.18046265822993768
2022_2023,2023-05-25,Man United,Chelsea,1856.97680664,1792.65698242,64.31982421999987,0.5915205145111614
2022_2023,2023-05-28,Arsenal,Wolves,1909.25439453,1722.08422852,187.17016601,0.7460088586700737
2022_2023,2023-05-28,Aston Villa,Brighton,1817.30053711,1831.8046875,-14.50415038999995,0.4791389668426292
2022_2023,2023-05-28,Brentford,Man City,1807.13378906,2083.65771484,-276.5239257800001,0.16913084613279927
2022_2023,2023-05-28,Chelsea,Newcastle,1783.37414551,1873.66137695,-90.28723143999991,0.3729141822271335
2022_2023,2023-05-28,Crystal Palace,Nott'm Forest,1757.67358398,1666.61853027,91.05505371000004,0.6281188353097074
2022_2023,2023-05-28,Everton,Bournemouth,1698.80090332,1663.00878906,35.79211426000006,0.5513275465898146
2022_2023,2023-05-28,Leeds,Tottenham,1665.0,1802.86804199,-137.86804198999994,0.31138928841732794
2022_2023,2023-05-28,Leicester,West Ham,1713.23669434,1776.47998047,-63.243286130000115,0.4099776867279352
2022_2023,2023-05-28,Man United,Fulham,1866.25976562,1736.96496582,129.29479979999996,0.677931216595026
2022_2023,2023-05-28,Southampton,Liverpool,1616.93615723,1950.11547852,-333.17932128999996,0.12809209066240818
2023_2024,2023-08-11,Burnley,Man City,1726.4185791,2077.26904297,-350.8504638700001,0.11715439834519241
2023_2024,2023-08-12,Arsenal,Nott'm Forest,1919.38110352,1673.98498535,245.3961181699999,0.8041778511172324
2023_2024,2023-08-12,Bournemouth,West Ham,1660.65661621,1779.47558594,-118.81896972999994,0.33537426263300985
2023_2024,2023-08-12,Brighton,Luton,1828.19702148,1606.53967285,221.65734863000012,0.7817616810891951
2023_2024,2023-08-12,Everton,Fulham,1708.25268555,1736.65002441,-28.39733885999999,0.4592237054094893
2023_2024,2023-08-12,Sheffield United,Crystal Palace,1644.08129883,1757.40673828,-113.32543944999998,0.3424593396129265
2023_2024,2023-08-12,Newcastle,Aston Villa,1876.01745605,1828.00793457,48.009521479999876,0.5686548360990417
2023_2024,2023-08-13,Brentford,Tottenham,1824.3449707,1815.88818359,8.45678711000005,0.5121678920397759
2023_2024,2023-08-13,Chelsea,Liverpool,1788.11755371,1946.9197998,-158.80224608999993,0.2861535738747189
2023_2024,2023-08-14,Man United,Wolves,1873.67431641,1719.05712891,154.6171875,0.7089000940047638
2023_2024,2023-08-18,Nott'm Forest,Sheffield United,1671.89074707,1637.47949219,34.411254880000115,0.5493604794238804
2023_2024,2023-08-19,Fulham,Brentford,1745.37902832,1822.56152344,-77.18249511999988,0.3907172824493845
2023_2024,2023-08-19,Liverpool,Bournemouth,1943.99621582,1662.55541992,281.4407959,0.8348093967481376
2023_2024,2023-08-19,Wolves,Brighton,1715.65100098,1832.39196777,-116.74096679000013,0.3380457899998636
2023_2024,2023-08-19,Tottenham,Man United,1817.67163086,1877.08044434,-59.408813479999935,0.41532746964462847
2023_2024,2023-08-19,Man City,Newcastle,2080.86743164,1887.08215332,193.7852783200001,0.7531563556953541
2023_2024,2023-08-20,Aston Villa,Everton,1816.9432373,1699.52368164,117.41955566000001,0.6628277658854484
2023_2024,2023-08-20,West Ham,Chelsea,1777.57678223,1791.04125977,-13.464477539999962,0.48063275388881826
2023_2024,2023-08-21,Crystal Palace,Arsenal,1764.00854492,1921.4753418,-157.46679687999995,0.28772646779797156
2023_2024,2023-08-25,Chelsea,Luton,1781.06811523,1602.49462891,178.57348632000003,0.7365185817777474
2023_2024,2023-08-26,Bournemouth,Tottenham,1660.30993652,1829.25024414,-168.94030761999988,0.2743827614826998
2023_2024,2023-08-26,Arsenal,Fulham,1927.04455566,1732.64587402,194.39868163999995,0.7538122297023931
2023_2024,2023-08-26,Brentford,Crystal Palace,1835.59460449,1758.73913574,76.85546875,0.6088344790271264
2023_2024,2023-08-26,Everton,Wolves,1691.48242188,1704.55297852,-13.07055663999995,0.48119882570032463
2023_2024,2023-08-26,Man United,Nott'm Forest,1865.80163574,1677.89990234,187.9017334,0.7468059760007913
2023_2024,2023-08-26,Brighton,West Ham,1843.78979492,1787.84973145,55.94006347000004,0.5798157050544779
2023_2024,2023-08-27,Burnley,Aston Villa,1722.96984863,1825.75439453,-102.78454590000001,0.35625053032722326
2023_2024,2023-08-27,Sheffield United,Man City,1631.7701416,2083.71899414,-451.9488525400002,0.06903380033444316
2023_2024,2023-08-27,Newcastle,Liverpool,1884.53051758,1946.54150391,-62.01098633000015,0.41169471060460316
2023_2024,2023-09-01,Luton,West Ham,1597.25415039,1803.2421875,-205.98803711000005,0.2340176731012031
2023_2024,2023-09-02,Sheffield United,Everton,1630.7019043,1682.2376709,-51.53576659999999,0.42637326645988394
2023_2024,2023-09-02,Brentford,Bournemouth,1832.10632324,1653.27856445,178.82775878999996,0.7368025294664325
2023_2024,2023-09-02,Burnley,Tottenham,1713.48669434,1836.46740723,-122.98071288999995,0.3300555354740063
2023_2024,2023-09-02,Chelsea,Nott'm Forest,1786.49438477,1675.13842773,111.3559570399998,0.6549831868451402
2023_2024,2023-09-02,Man City,Fulham,2084.97290039,1738.86462402,346.1082763700001,0.8799925264488294
2023_2024,2023-09-02,Brighton,Newcastle,1828.58312988,1876.95678711,-48.37365723000016,0.43083108470033543
2023_2024,2023-09-03,Crystal Palace,Wolves,1762.41333008,1713.98352051,48.42980956999986,0.5692481767557798
2023_2024,2023-09-03,Liverpool,Aston Villa,1954.30114746,1835.71435547,118.58679198999994,0.664327763165405
2023_2024,2023-09-03,Arsenal,Man United,1921.01159668,1868.74890137,52.2626953099998,0.5746498673879653
2023_2024,2023-09-16,Wolves,Liverpool,1708.1940918,1961.35400391,-253.15991211000005,0.1888797727132839
2023_2024,2023-09-16,Aston Villa,Crystal Palace,1828.66149902,1768.20275879,60.4587402300001,0.5861394101614563
2023_2024,2023-09-16,Fulham,Luton,1736.46740723,1592.94726562,143.52014160999988,0.6955441378293439
2023_2024,2023-09-16,Man United,Brighton,1860.99414062,1839.81298828,21.181152340000153,0.5304444208705507
2023_2024,2023-09-16,Tottenham,Sheffield United,1846.953125,1630.78259277,216.17053222999994,0.7763250818107181
2023_2024,2023-09-16,West Ham,Man City,1807.54907227,2087.37011719,-279.8210449200003,0.16648042991638667
2023_2024,2023-09-16,Newcastle,Brentford,1865.72692871,1826.35632324,39.3706054700001,0.5564175780285514
2023_2024,2023-09-17,Bournemouth,Chelsea,1659.02856445,1774.23071289,-115.20214843999997,0.34003082049426825
2023_2024,2023-09-17,Everton,Arsenal,1682.15698242,1928.76647949,-246.60949706999986,0.1947245527584079
2023_2024,2023-09-18,Nott'm Forest,Burnley,1687.40209961,1703.00109863,-15.598999019999837,0.47756630770024044
2023_2024,2023-09-23,Crystal Palace,Fulham,1753.1595459,1732.76599121,20.393554689999974,0.529315024975164
2023_2024,2023-09-23,Luton,Wolves,1581.82861328,1695.98669434,-114.15808106000009,0.3413808479513094
2023_2024,2023-09-23,Man City,Nott'm Forest,2084.56982422,1679.07067871,405.49914551000006,0.9116734173353755
2023_2024,2023-09-23,Brentford,Everton,1813.14941406,1671.26208496,141.8873291,0.6935500843561524
2023_2024,2023-09-23,Burnley,Man United,1696.51257324,1835.94836426,-139.43579102000012,0.30945746186326356
2023_2024,2023-09-24,Arsenal,Tottenham,1930.57763672,1842.04785156,88.52978516000007,0.6247170163681297
2023_2024,2023-09-24,Brighton,Bournemouth,1830.11193848,1653.51000977,176.60192871000004,0.7343102641544786
2023_2024,2023-09-24,Chelsea,Aston Villa,1764.92932129,1814.9901123,-50.06079101,0.4284511865813136
2023_2024,2023-09-24,Liverpool,West Ham,1960.77502441,1796.79309082,163.98193358999993,0.7198980356410365
2023_2024,2023-09-24,Sheffield United,Newcastle,1620.86791992,1865.42749023,-244.55957031000003,0.19658159363183855
2023_2024,2023-09-30,Aston Villa,Brighton,1823.10534668,1834.3605957,-11.255249020000065,0.4838080584309371
2023_2024,2023-09-30,Bournemouth,Arsenal,1649.26147461,1926.79016113,-277.52868651999984,0.16831961933776754
2023_2024,2023-09-30,Everton,Luton,1689.38586426,1583.7166748,105.6691894600001,0.6475485184839787
2023_2024,2023-09-30,Man United,Crystal Palace,1841.6015625,1751.22265625,90.37890625,0.6272092170056316
2023_2024,2023-09-30,Newcastle,Burnley,1875.69689941,1690.859375,184.83752441000001,0.7434561766339901
2023_2024,2023-09-30,West Ham,Sheffield United,1792.29077148,1610.59851074,181.69226074000017,0.7399877194101356
2023_2024,2023-09-30,Wolves,Man City,1694.09863281,2085.77734375,-391.67871094,0.09494620613715103
2023_2024,2023-09-30,Tottenham,Liverpool,1845.83532715,1965.27734375,-119.44201659999999,0.3345752999625274
2023_2024,2023-10-01,Nott'm Forest,Brentford,1677.86328125,1795.02563477,-117.1623535199999,0.33750320318014176
2023_2024,2023-10-02,Fulham,Chelsea,1734.70300293,1756.81408691,-22.111083980000103,0.468222481968397
2023_2024,2023-10-03,Luton,Burnley,1595.82226562,1686.61621094,-90.79394531999992,0.3722323255325332
2023_2024,2023-10-07,Luton,Tottenham,1588.85107422,1855.43896484,-266.5878906199998,0.17732117235122136
2023_2024,2023-10-07,Burnley,Chelsea,1693.57299805,1769.1763916,-75.60339354999996,0.392883369400372
2023_2024,2023-10-07,Everton,Bournemouth,1677.27294922,1643.3996582,33.873291020000124,0.5485937157468836
2023_2024,2023-10-07,Fulham,Sheffield United,1722.32629395,1606.29992676,116.02636718999997,0.6610331015616017
2023_2024,2023-10-07,Man United,Brentford,1816.89611816,1792.96337891,23.93273924999994,0.5343876078585259
2023_2024,2023-10-07,Crystal Palace,Nott'm Forest,1762.85095215,1679.91113281,82.93981933999999,0.6171431811588359
2023_2024,2023-10-08,Brighton,Liverpool,1817.17126465,1957.5201416,-140.34887694999998,0.30833538396399945
2023_2024,2023-10-08,West Ham,Newcastle,1804.78173828,1888.63635254,-83.85461426000006,0.38161335563949067
2023_2024,2023-10-08,Wolves,Aston Villa,1709.81921387,1839.2467041,-129.42749022999988,0.3219020316081432
2023_2024,2023-10-08,Arsenal,Man City,1921.5402832,2076.63427734,-155.09399414000018,0.2905338285154211
2023_2024,2023-10-21,Liverpool,Everton,1954.82983398,1687.64025879,267.18957519000014,0.8231835237459163
2023_2024,2023-10-21,Bournemouth,Wolves,1633.0324707,1712.2154541,-79.18298340000001,0.38797935337812445
2023_2024,2023-10-21,Brentford,Burnley,1786.79138184,1680.66809082,106.1232910199999,0.6481448841411409
2023_2024,2023-10-21,Man City,Brighton,2065.77539062,1819.86157227,245.91381835000016,0.8046467229114068
2023_2024,2023-10-21,Newcastle,Crystal Palace,1887.5090332,1759.27404785,128.23498535,0.6765977254327313
2023_2024,2023-10-21,Nott'm Forest,Luton,1683.48803711,1585.72192383,97.76611328000013,0.6370971498775083
2023_2024,2023-10-21,Chelsea,Arsenal,1782.08129883,1932.39916992,-150.31787109000015,0.2962333764454716
2023_2024,2023-10-21,Sheffield United,Man United,1600.39245605,1823.06811523,-222.67565918000014,0.21723987568360698
2023_2024,2023-10-22,Aston Villa,West Ham,1836.85046387,1805.90905762,30.94140625,0.544410916404793
2023_2024,2023-10-23,Tottenham,Fulham,1858.56811523,1728.23376465,130.3343505800001,0.6792364019769895
2023_2024,2023-10-27,Crystal Palace,Tottenham,1752.04956055,1864.7479248,-112.69836424999994,0.3432726447661679
2023_2024,2023-10-28,Chelsea,Brentford,1785.82946777,1795.19042969,-9.360961919999909,0.48653175171805424
2023_2024,2023-10-28,Arsenal,Sheffield United,1935.56542969,1597.33032227,338.2351074200001,0.8751232836573629
2023_2024,2023-10-28,Bournemouth,Burnley,1626.60473633,1673.92407227,-47.319335939999974,0.43231995853510696
2023_2024,2023-10-28,Wolves,Newcastle,1720.29821777,1885.14978027,-164.8515625,0.27909364503053097
2023_2024,2023-10-29,West Ham,Everton,1785.34008789,1685.74060059,99.59948729999996,0.6395336748367201
2023_2024,2023-10-29,Aston Villa,Luton,1857.25,1590.46154785,266.78845215,0.8228471851360729
2023_2024,2023-10-29,Brighton,Fulham,1822.88525391,1723.70898438,99.17626953000013,0.6389718574810401
2023_2024,2023-10-29,Liverpool,Nott'm Forest,1960.31335449,1680.40344238,279.90991211000005,0.8335905445334084
2023_2024,2023-10-29,Man United,Man City,1830.11706543,2070.60717773,-240.49011229999996,0.20030769606350854
2023_2024,2023-11-04,Fulham,Man United,1727.69494629,1823.91638184,-96.22143555000002,0.3649611872567041
2023_2024,2023-11-04,Brentford,West Ham,1808.18530273,1773.47473145,34.71057128000007,0.5497869959450096
2023_2024,2023-11-04,Burnley,Crystal Palace,1665.82519531,1745.73669434,-79.91149902999996,0.3869840289816984
2023_2024,2023-11-04,Everton,Brighton,1697.60595703,1818.89929199,-121.29333496000004,0.33220687006009975
2023_2024,2023-11-04,Man City,Bournemouth,2076.80786133,1634.70361328,442.10424805,0.9272339649162963
2023_2024,2023-11-04,Sheffield United,Wolves,1594.47802734,1723.58117676,-129.10314942000014,0.32230971006657494
2023_2024,2023-11-04,Newcastle,Arsenal,1881.86682129,1938.41772461,-56.55090332000009,0.4193278675858204
2023_2024,2023-11-05,Nott'm Forest,Aston Villa,1677.30859375,1860.0078125,-182.69921875,0.25889854911627364
2023_2024,2023-11-05,Luton,Liverpool,1587.70361328,1963.40820312,-375.70458984000015,0.10314767937452264
2023_2024,2023-11-06,Tottenham,Chelsea,1871.06091309,1772.83459473,98.22631836000005,0.637709422992179
2023_2024,2023-11-11,Wolves,Tottenham,1707.79968262,1845.08850098,-137.28881835999982,0.31210469381778816
2023_2024,2023-11-11,Arsenal,Burnley,1928.21020508,1650.14672852,278.06347656,0.8321108940286098
2023_2024,2023-11-11,Crystal Palace,Everton,1750.50366211,1694.30541992,56.198242189999974,0.5801777432049448
2023_2024,2023-11-11,Man United,Luton,1814.14550781,1589.62817383,224.5173339800001,0.7845574752997718
2023_2024,2023-11-11,Bournemouth,Newcastle,1627.67785645,1874.4798584,-246.80200194999998,0.19455084641578418
2023_2024,2023-11-12,Aston Villa,Fulham,1840.63171387,1715.54260254,125.08911133000015,0.6726226091958349
2023_2024,2023-11-12,Brighton,Sheffield United,1819.86218262,1599.34814453,220.5140380900002,0.7806367398930331
2023_2024,2023-11-12,Liverpool,Brentford,1936.05224609,1808.6574707,127.39477538999995,0.6755385024743205
2023_2024,2023-11-12,West Ham,Nott'm Forest,1764.94104004,1687.99230957,76.94873046999987,0.6089623269096691
2023_2024,2023-11-12,Chelsea,Man City,1787.89550781,2073.83813477,-285.9426269600001,0.16164784450813824
2023_2024,2023-11-25,Man City,Liverpool,2067.91943359,1942.72302246,125.19641113000012,0.6727586059167507
2023_2024,2023-11-25,Burnley,West Ham,1647.57897949,1769.9161377,-122.3371582100001,0.33087520725666236
2023_2024,2023-11-25,Luton,Crystal Palace,1587.15124512,1739.60949707,-152.45825194999998,0.2936711650888659
2023_2024,2023-11-25,Newcastle,Chelsea,1856.04919434,1793.81433105,62.23486329000002,0.5886173893156568
2023_2024,2023-11-25,Nott'm Forest,Brighton,1683.01733398,1813.3515625,-130.3342285199999,0.3207637511088948
2023_2024,2023-11-25,Sheffield United,Bournemouth,1605.85876465,1646.10852051,-40.24975586000005,0.44233369028498787
2023_2024,2023-11-25,Brentford,Arsenal,1801.98657227,1930.7779541,-128.7913818300001,0.3227018397478681
2023_2024,2023-11-26,Tottenham,Aston Villa,1834.69140625,1846.18493652,-11.493530270000065,0.48346551142833044
2023_2024,2023-11-26,Everton,Man United,1705.19946289,1816.62255859,-111.42309569999998,0.3449294812848386
2023_2024,2023-11-27,Fulham,Wolves,1709.98925781,1718.19677734,-8.2075195299999,0.48819062659423423
2023_2024,2023-12-02,Arsenal,Wolves,1947.97070312,1716.15979004,231.8109130800001,0.7915693104362522
2023_2024,2023-12-02,Brentford,Luton,1801.10778809,1603.05517578,198.0526123100001,0.7576947824458106
2023_2024,2023-12-02,Burnley,Sheffield United,1646.47424316,1598.98413086,47.490112299999964,0.5679212893038866
2023_2024,2023-12-02,Nott'm Forest,Everton,1682.14782715,1699.06640625,-16.918579099999988,0.47567143422680325
2023_2024,2023-12-02,Newcastle,Man United,1872.55065918,1831.30249023,41.24816894999981,0.5590835558534836
2023_2024,2023-12-03,Bournemouth,Aston Villa,1663.05761719,1860.93518066,-197.87756347000004,0.24249026570430748
2023_2024,2023-12-03,Chelsea,Brighton,1789.71472168,1828.19787598,-38.483154300000024,0.4448436673152162
2023_2024,2023-12-03,Liverpool,Fulham,1953.78588867,1722.10083008,231.68505859000015,0.7914497557087825
2023_2024,2023-12-03,West Ham,Crystal Palace,1782.53271484,1733.77990723,48.75280760999999,0.5697040334302367
2023_2024,2023-12-03,Man City,Tottenham,2070.27368164,1830.80908203,239.46459961000028,0.7987450093595484
2023_2024,2023-12-05,Wolves,Burnley,1713.89587402,1658.89746094,54.99841308000009,0.5784945248694643
2023_2024,2023-12-05,Luton,Arsenal,1599.14233398,1950.23449707,-351.09216309,0.11701057050468269
2023_2024,2023-12-06,Brighton,Brentford,1820.65783691,1805.02062988,15.637207030000127,0.5224885670843639
2023_2024,2023-12-06,Crystal Palace,Bournemouth,1736.67333984,1666.95935059,69.71398924999994,0.5990013956134222
2023_2024,2023-12-06,Fulham,Nott'm Forest,1719.89428711,1673.10205078,46.79223633000015,0.5669352303231807
2023_2024,2023-12-06,Sheffield United,Liverpool,1586.56091309,1955.99243164,-369.43151854999996,0.10653641100077257
2023_2024,2023-12-06,Aston Villa,Man City,1857.0333252,2063.37988281,-206.34655760999976,0.2336479312527323
2023_2024,2023-12-06,Man United,Chelsea,1825.68859863,1797.25476074,28.43383788999995,0.5408284711264025
2023_2024,2023-12-07,Everton,Newcastle,1708.11218262,1878.16455078,-170.0523681599998,0.2731100784214038
2023_2024,2023-12-07,Tottenham,West Ham,1837.70275879,1779.6394043,58.06335448999994,0.5827905623413354
2023_2024,2023-12-09,Crystal Palace,Liverpool,1720.75769043,1958.59912109,-237.84143066000001,0.20276119898994116
2023_2024,2023-12-09,Brighton,Burnley,1826.81262207,1653.53942871,173.27319336000005,0.7305550883341584
2023_2024,2023-12-09,Man United,Bournemouth,1831.60510254,1682.87512207,148.72998046999987,0.7018574493482898
2023_2024,2023-12-09,Sheffield United,Brentford,1583.95422363,1798.86584473,-214.91162110000005,0.22493581723107078
2023_2024,2023-12-09,Wolves,Nott'm Forest,1719.25402832,1660.84594727,58.40808105000019,0.5832729826589963
2023_2024,2023-12-09,Aston Villa,Arsenal,1868.81555176,1952.32861328,-83.51306151999984,0.3820774412448881
2023_2024,2023-12-10,Everton,Chelsea,1727.25671387,1791.33813477,-64.08142089999978,0.40881112215457815
2023_2024,2023-12-10,Fulham,West Ham,1732.15026855,1790.45690918,-58.30664062999995,0.4168689594848111
2023_2024,2023-12-10,Luton,Man City,1597.04821777,2051.59765625,-454.54943847999994,0.06807788014816434
2023_2024,2023-12-10,Tottenham,Newcastle,1826.88513184,1859.02001953,-32.134887689999914,0.45388560255252713
2023_2024,2023-12-15,Nott'm Forest,Tottenham,1655.74072266,1831.20593262,-175.46520996000004,0.2669683158787153
2023_2024,2023-12-16,Chelsea,Sheffield United,1771.2545166,1587.78222656,183.47229003999996,0.741954386175943
2023_2024,2023-12-16,Man City,Crystal Palace,2045.38818359,1708.6295166,336.75866698999994,0.8741915183353417
2023_2024,2023-12-16,Newcastle,Fulham,1827.07385254,1741.83825684,85.23559569999998,0.6202608463261017
2023_2024,2023-12-16,Burnley,Everton,1651.03161621,1730.72119141,-79.68957520000004,0.3872871298045325
2023_2024,2023-12-17,Arsenal,Brighton,1933.93981934,1817.03552246,116.90429687999995,0.6621645680916713
2023_2024,2023-12-17,Brentford,Aston Villa,1778.4185791,1860.0201416,-81.6015625,0.3846786471108284
2023_2024,2023-12-17,West Ham,Wolves,1771.72058105,1707.73999023,63.98059081999986,0.5910485907440912
2023_2024,2023-12-17,Liverpool,Man United,1941.31640625,1794.65466309,146.66174316000001,0.6993601604947948
2023_2024,2023-12-21,Crystal Palace,Brighton,1716.73486328,1811.54711914,-94.81225586000005,0.36684328699583
2023_2024,2023-12-22,Aston Villa,Sheffield United,1867.35070801,1583.68334961,283.6673584,0.8365693358405523
2023_2024,2023-12-23,West Ham,Man United,1780.63439941,1799.88720703,-19.252807619999885,0.4723213079391248
2023_2024,2023-12-23,Fulham,Burnley,1733.97387695,1640.46374512,93.51013182999986,0.6314139774541704
2023_2024,2023-12-23,Luton,Newcastle,1587.57958984,1834.93823242,-247.35864258000015,0.1940492243556253
2023_2024,2023-12-23,Nott'm Forest,Bournemouth,1648.8092041,1697.18786621,-48.37866211000005,0.43082401995185526
2023_2024,2023-12-23,Tottenham,Everton,1838.13745117,1741.28918457,96.84826659999999,0.6358746873137647
2023_2024,2023-12-23,Liverpool,Arsenal,1936.0838623,1939.42810059,-3.344238290000021,0.49518740285703033
2023_2024,2023-12-24,Wolves,Chelsea,1698.82617188,1775.35327148,-76.52709960000016,0.3916157848192471
2023_2024,2023-12-26,Newcastle,Nott'm Forest,1821.95751953,1640.50195312,181.45556640999985,0.7397254764187688
2023_2024,2023-12-26,Bournemouth,Fulham,1705.49499512,1717.22412109,-11.729125969999814,0.48312684037786874
2023_2024,2023-12-26,Sheffield United,Luton,1591.1887207,1600.56030273,-9.371582030000127,0.4865164792531479
2023_2024,2023-12-26,Burnley,Liverpool,1657.21337891,1934.6015625,-277.3881835899999,0.16843287209194135
2023_2024,2023-12-26,Man United,Aston Villa,1789.83483887,1859.84533691,-70.0104980399999,0.400588692531147
2023_2024,2023-12-27,Brentford,Wolves,1771.08789062,1707.52563477,63.562255850000156,0.5904663939824806
2023_2024,2023-12-27,Chelsea,Crystal Palace,1766.65393066,1717.8840332,48.76989746000004,0.5697281495559573
2023_2024,2023-12-27,Everton,Man City,1737.00561523,2037.28271484,-300.2770996099998,0.1507752018207104
2023_2024,2023-12-28,Brighton,Tottenham,1810.39807129,1842.42089844,-32.02282715000001,0.45404550361356993
2023_2024,2023-12-28,Arsenal,West Ham,1940.91052246,1790.68688965,150.22363281000003,0.7036535154558933
2023_2024,2023-12-30,Luton,Chelsea,1609.94433594,1772.14367676,-162.1993408200001,0.2821757900040271
2023_2024,2023-12-30,Aston Villa,Burnley,1851.45483398,1652.85620117,198.59863281000003,0.7582713759253271
2023_2024,2023-12-30,Crystal Palace,Brentford,1712.39416504,1751.79333496,-39.39916992000008,0.44354183817199766
2023_2024,2023-12-30,Man City,Sheffield United,2041.1953125,1581.8046875,459.390625,0.9336690239257215
2023_2024,2023-12-30,Wolves,Everton,1726.82019043,1733.09313965,-6.2729492200001005,0.49097348120730677
2023_2024,2023-12-30,Nott'm Forest,Man United,1659.6796875,1798.2253418,-138.54565430000002,0.31055350359067757
2023_2024,2023-12-31,Fulham,Arsenal,1705.30419922,1922.62512207,-217.32092285,0.2225271177892496
2023_2024,2023-12-31,Tottenham,Bournemouth,1832.18237305,1717.41503906,114.76733399,0.6594072584524683
2023_2024,2024-01-01,Liverpool,Newcastle,1938.95874023,1802.77978516,136.17895507000003,0.6865219979928241
2023_2024,2024-01-02,West Ham,Brighton,1808.97216797,1820.63659668,-11.664428709999811,0.4832198417713575
2023_2024,2024-01-12,Burnley,Luton,1650.16088867,1604.55761719,45.6032714800001,0.5652540731348025
2023_2024,2024-01-13,Chelsea,Fulham,1777.53039551,1717.38049316,60.14990235000005,0.5857080821593296
2023_2024,2024-01-13,Newcastle,Man City,1797.72485352,2042.04382324,-244.31896972000004,0.19680042999546354
2023_2024,2024-01-14,Everton,Aston Villa,1721.11450195,1854.15014648,-133.03564453000013,0.3173851588508146
2023_2024,2024-01-14,Man United,Tottenham,1787.94226074,1837.70581055,-49.763549810000086,0.4288702429507813
2023_2024,2024-01-20,Arsenal,Crystal Palace,1910.54882812,1723.2935791,187.25524902000006,0.7461016502915465
2023_2024,2024-01-20,Brentford,Nott'm Forest,1740.8939209,1669.96276855,70.93115235000005,0.6006831874777977
2023_2024,2024-01-21,Sheffield United,West Ham,1580.95605469,1807.66149902,-226.7054443300001,0.21332112957736044
2023_2024,2024-01-21,Bournemouth,Liverpool,1711.89160156,1944.01367188,-232.12207031999992,0.20813532434373885
2023_2024,2024-01-22,Brighton,Wolves,1821.94726562,1738.79882812,83.1484375,0.617426887462779
2023_2024,2024-01-30,Nott'm Forest,Arsenal,1665.05200195,1916.82568359,-251.77368163999995,0.1901053453682826
2023_2024,2024-01-30,Fulham,Everton,1712.25061035,1723.24951172,-10.998901370000112,0.4841765942073098
2023_2024,2024-01-30,Luton,Brighton,1607.4375,1818.10534668,-210.6678466799999,0.2292233815887733
2023_2024,2024-01-30,Crystal Palace,Sheffield United,1717.01672363,1585.47253418,131.54418944999998,0.6807518663359599
2023_2024,2024-01-30,Aston Villa,Newcastle,1852.01513672,1794.09667969,57.91845703000013,0.58258774127097
2023_2024,2024-01-31,Man City,Burnley,2045.67199707,1647.28112793,398.3908691400002,0.908322473623181
2023_2024,2024-01-31,Tottenham,Brentford,1837.9342041,1745.8046875,92.12951659999999,0.6295624381319216
2023_2024,2024-01-31,Liverpool,Chelsea,1951.73950195,1782.66027832,169.0792236299999,0.7257764205484366
2023_2024,2024-02-01,West Ham,Bournemouth,1803.14501953,1704.16589355,98.97912597999994,0.6387100213892071
2023_2024,2024-02-01,Wolves,Man United,1742.640625,1787.71386719,-45.073242189999974,0.43549585721091677
2023_2024,2024-02-03,Everton,Tottenham,1724.57958984,1842.17773438,-117.59814454000002,0.336942518838278
2023_2024,2024-02-03,Brighton,Crystal Palace,1794.08178711,1720.75085449,73.33093262000011,0.6039920576490166
2023_2024,2024-02-03,Burnley,Fulham,1646.10473633,1710.92053223,-64.81579590000001,0.407789819389493
2023_2024,2024-02-03,Newcastle,Luton,1809.53149414,1631.46105957,178.07043456999986,0.7359562413419886
2023_2024,2024-02-03,Sheffield United,Aston Villa,1581.73840332,1836.58044434,-254.8420410199999,0.18740074647574684
2023_2024,2024-02-04,Bournemouth,Nott'm Forest,1708.421875,1661.51818848,46.903686520000065,0.5670927388779609
2023_2024,2024-02-04,Chelsea,Wolves,1777.44445801,1734.1661377,43.278320310000026,0.5619623620146994
2023_2024,2024-02-04,Man United,West Ham,1796.18847656,1798.88916016,-2.7006836000000476,0.4961134821535074
2023_2024,2024-02-04,Arsenal,Liverpool,1920.35949707,1956.95532227,-36.59582519999981,0.44752828281473106
2023_2024,2024-02-05,Brentford,Man City,1741.56103516,2046.8482666,-305.2872314399999,0.1471194613158241
2023_2024,2024-02-10,Man City,Everton,2050.61303711,1726.2902832,324.32275390999985,0.8661051865393419
2023_2024,2024-02-10,Fulham,Bournemouth,1710.7121582,1705.52368164,5.188476560000026,0.5074662629714836
2023_2024,2024-02-10,Liverpool,Burnley,1946.5657959,1646.31311035,300.25268555,0.8492068024436082
2023_2024,2024-02-10,Luton,Sheffield United,1637.36486816,1573.8828125,63.482055660000015,0.5903547503505587
2023_2024,2024-02-10,Tottenham,Brighton,1840.46716309,1802.43615723,38.03100586000005,0.5545134650656267
2023_2024,2024-02-10,Wolves,Brentford,1749.32067871,1737.79626465,11.524414060000026,0.5165788851840599
2023_2024,2024-02-10,Nott'm Forest,Newcastle,1664.41638184,1803.62768555,-139.21130371000004,0.3097336759209315
2023_2024,2024-02-11,West Ham,Arsenal,1787.42297363,1930.74890137,-143.32592774000022,0.30469266118129995
2023_2024,2024-02-11,Aston Villa,Man United,1844.43603516,1807.65466309,36.78137207000009,0.5527357850090889
2023_2024,2024-02-12,Crystal Palace,Chelsea,1712.39648438,1762.28979492,-49.89331054000013,0.4286872911934006
2023_2024,2024-02-17,Brentford,Liverpool,1751.81262207,1948.84216309,-197.0295410199999,0.24338808924738795
2023_2024,2024-02-17,Burnley,Arsenal,1644.38623047,1944.80981445,-300.4235839799999,0.1506672644899177
2023_2024,2024-02-17,Fulham,Aston Villa,1719.98828125,1834.2166748,-114.22839354999996,0.3412898495429206
2023_2024,2024-02-17,Newcastle,Bournemouth,1809.63830566,1696.59692383,113.04138183000009,0.6571723571263293
2023_2024,2024-02-17,Nott'm Forest,West Ham,1658.75524902,1773.71142578,-114.95617675999983,0.34034864036814183
2023_2024,2024-02-17,Tottenham,Wolves,1846.0579834,1735.65380859,110.40417481000009,0.6537440149759477
2023_2024,2024-02-17,Man City,Chelsea,2053.20288086,1774.0657959,279.1370849599998,0.832972509450897
2023_2024,2024-02-18,Sheffield United,Brighton,1589.72106934,1797.19482422,-207.47375488000012,0.2324881009581812
2023_2024,2024-02-18,Luton,Man United,1621.87597656,1818.22338867,-196.34741211000005,0.24411191147671507
2023_2024,2024-02-19,Everton,Crystal Palace,1724.61669922,1700.9699707,23.646728520000124,0.533977929121993
2023_2024,2024-02-20,Man City,Brentford,2045.76098633,1744.08740234,301.67358399,0.8502512168049465
2023_2024,2024-02-21,Liverpool,Luton,1956.56726074,1617.47827148,339.08898925999983,0.875659454596305
2023_2024,2024-02-24,Aston Villa,Nott'm Forest,1839.31494141,1670.75378418,168.56115723000016,0.7251824827457254
2023_2024,2024-02-24,Brighton,Everton,1805.13391113,1721.33813477,83.79577635999999,0.6183067136012377
2023_2024,2024-02-24,Crystal Palace,Burnley,1701.66638184,1637.01977539,64.64660645000004,0.5919749573886727
2023_2024,2024-02-24,Man United,Fulham,1821.33007812,1712.30773926,109.02233885999999,0.6519412199375276
2023_2024,2024-02-24,Bournemouth,Man City,1699.78210449,2046.02490234,-346.24279785,0.11992571996449113
2023_2024,2024-02-24,Arsenal,Newcastle,1945.41186523,1803.87109375,141.5407714800001,0.6931259181509998
2023_2024,2024-02-25,Wolves,Sheffield United,1746.40515137,1579.19970703,167.2054443400002,0.7236244491801351
2023_2024,2024-02-26,West Ham,Brentford,1759.1307373,1741.24145508,17.88928222000004,0.5257220194882865
2023_2024,2024-03-02,Brentford,Chelsea,1732.08056641,1780.21655273,-48.13598632000003,0.43116660667023876
2023_2024,2024-03-02,Everton,West Ham,1724.86169434,1768.29174805,-43.43005371000004,0.4378226411767674
2023_2024,2024-03-02,Fulham,Brighton,1724.16650391,1801.61047363,-77.44396971999981,0.3903590250467123
2023_2024,2024-03-02,Newcastle,Wolves,1797.59436035,1749.70043945,47.89392090000001,0.568491602631496
2023_2024,2024-03-02,Nott'm Forest,Liverpool,1666.18798828,1957.47924805,-291.2912597700001,0.15751870047685335
2023_2024,2024-03-02,Tottenham,Crystal Palace,1832.7244873,1710.93066406,121.79382323999994,0.6684319668050873
2023_2024,2024-03-02,Luton,Aston Villa,1613.98413086,1843.8807373,-229.8966064399999,0.2102546316172905
2023_2024,2024-03-03,Burnley,Bournemouth,1627.75549316,1697.8034668,-70.04797364000001,0.4005368938628591
2023_2024,2024-03-03,Man City,Man United,2048.00341797,1809.47143555,238.53198242000008,0.7978806188678397
2023_2024,2024-03-04,Sheffield United,Arsenal,1575.90454102,1951.68859863,-375.78405761,0.10310536886274042
2023_2024,2024-03-09,Man United,Everton,1801.67163086,1708.7635498,92.90808106000009,0.6306070411183268
2023_2024,2024-03-09,Bournemouth,Sheffield United,1703.58789062,1567.22338867,136.36450194999998,0.6867518161442971
2023_2024,2024-03-09,Crystal Palace,Luton,1700.64868164,1605.67419434,94.97448729999996,0.63337359748577
2023_2024,2024-03-09,Wolves,Fulham,1735.28222656,1734.86364746,0.4185790999999881,0.5006023834559907
2023_2024,2024-03-09,Arsenal,Brentford,1951.13562012,1727.57714844,223.55847168000014,0.7836230390107531
2023_2024,2024-03-10,Aston Villa,Tottenham,1843.29162598,1833.77233887,9.519287109999823,0.5136959284144349
2023_2024,2024-03-10,Brighton,Nott'm Forest,1767.01928711,1658.89428711,108.125,0.6507681788294826
2023_2024,2024-03-10,West Ham,Burnley,1771.29138184,1612.73706055,158.55432128999996,0.7135548096046795
2023_2024,2024-03-10,Liverpool,Man City,1958.17102051,2047.09863281,-88.92761229999996,0.37474623851530214
2023_2024,2024-03-11,Chelsea,Newcastle,1775.48583984,1802.77856445,-27.29272461000005,0.4608032047145791
2023_2024,2024-03-13,Bournemouth,Luton,1697.77270508,1608.50280762,89.26989745999981,0.6257153234934123
2023_2024,2024-03-16,Burnley,Brentford,1624.46826172,1731.63623047,-107.16796875,0.3504849095687275
2023_2024,2024-03-16,Luton,Nott'm Forest,1611.20727539,1661.08813477,-49.88085937999995,0.42870484544119886
2023_2024,2024-03-16,Fulham,Tottenham,1734.47412109,1858.80688477,-124.33276367999997,0.32833684257020546
2023_2024,2024-03-17,West Ham,Aston Villa,1791.08288574,1836.80493164,-45.72204590000001,0.4345779155833778
2023_2024,2024-03-30,Newcastle,West Ham,1801.72521973,1791.06188965,10.663330079999923,0.5153409489499138
2023_2024,2024-03-30,Bournemouth,Everton,1709.9588623,1708.61437988,1.3444824200000767,0.501934856078271
2023_2024,2024-03-30,Chelsea,Burnley,1789.41015625,1633.87268066,155.53747558999999,0.7099921005177529
2023_2024,2024-03-30,Nott'm Forest,Crystal Palace,1660.94836426,1703.24584961,-42.29748534999999,0.43942797825464636
2023_2024,2024-03-30,Sheffield United,Fulham,1578.4642334,1751.57287598,-173.10864257999992,0.26963140934089697
2023_2024,2024-03-30,Tottenham,Luton,1841.70825195,1611.34692383,230.36132812000005,0.7901892268755258
2023_2024,2024-03-30,Aston Villa,Wolves,1836.8260498,1748.54272461,88.28332518999991,0.624384340671199
2023_2024,2024-03-30,Brentford,Man United,1722.23181152,1814.69177246,-92.45996093999997,0.36999405465250484
2023_2024,2024-03-31,Liverpool,Brighton,1967.71850586,1775.9041748,191.8143310600001,0.7510410053152585
2023_2024,2024-03-31,Man City,Arsenal,2052.31274414,1956.66223145,95.65051269000014,0.6342767820330539
2023_2024,2024-04-02,Newcastle,Everton,1808.20703125,1701.77966309,106.42736816000001,0.6485439666756175
2023_2024,2024-04-02,Nott'm Forest,Fulham,1660.84423828,1748.06726074,-87.22302246000004,0.37704820922570204
2023_2024,2024-04-02,Bournemouth,Crystal Palace,1716.7935791,1703.34997559,13.443603510000003,0.5193372509685279
2023_2024,2024-04-02,Burnley,Wolves,1639.09802246,1741.84570312,-102.74768066000001,0.3562991999985867
2023_2024,2024-04-02,West Ham,Tottenham,1784.58007812,1843.99291992,-59.412841800000024,0.4153218386883763
2023_2024,2024-04-03,Arsenal,Luton,1960.56530762,1609.06225586,351.50305176000006,0.8832335852840634
2023_2024,2024-04-03,Brentford,Brighton,1723.56347656,1773.14233398,-49.57885742000008,0.4291306772642729
2023_2024,2024-04-03,Man City,Aston Villa,2048.40942383,1843.52319336,204.88623046999987,0.7648434932202259
2023_2024,2024-04-04,Liverpool,Sheffield United,1970.48022461,1581.9699707,388.5102539100001,0.9034748605102805
2023_2024,2024-04-04,Chelsea,Man United,1784.18469238,1813.36010742,-29.17541504000019,0.4581116159479542
2023_2024,2024-04-06,Crystal Palace,Man City,1696.80236816,2053.0,-356.19763184,0.1140080915921828
2023_2024,2024-04-06,Aston Villa,Brentford,1838.93261719,1723.62097168,115.31164551000006,0.6601106143220903
2023_2024,2024-04-06,Everton,Burnley,1705.91235352,1640.7088623,65.20349121999993,0.5927490319409952
2023_2024,2024-04-06,Fulham,Newcastle,1735.2331543,1804.07421875,-68.84106444999998,0.40220619135085833
2023_2024,2024-04-06,Luton,Bournemouth,1607.42590332,1723.34130859,-115.91540526999984,0.3391100363960361
2023_2024,2024-04-06,Wolves,West Ham,1740.23474121,1784.9576416,-44.72290038999995,0.43599171274946896
2023_2024,2024-04-06,Brighton,Arsenal,1773.08483887,1962.20153809,-189.11669921999987,0.25187385290245945
2023_2024,2024-04-07,Man United,Liverpool,1805.86230469,1971.76245117,-165.9001464800001,0.2778807933644147
2023_2024,2024-04-07,Sheffield United,Chelsea,1580.68774414,1791.68249512,-210.99475098000016,0.2288910723537687
2023_2024,2024-04-07,Tottenham,Nott'm Forest,1843.61535645,1673.67834473,169.9370117200001,0.7267580748560482
2023_2024,2024-04-13,Newcastle,Tottenham,1803.18591309,1839.77563477,-36.58972167999991,0.447536969766434
2023_2024,2024-04-13,Brentford,Sheffield United,1719.80432129,1576.8638916,142.94042968999997,0.6948370065465419
2023_2024,2024-04-13,Burnley,Brighton,1627.22058105,1757.07116699,-129.85058593999997,0.3213706311492972
2023_2024,2024-04-13,Man City,Luton,2049.07299805,1608.85559082,440.21740722999994,0.9264977159282115
2023_2024,2024-04-13,Nott'm Forest,Wolves,1661.11230469,1723.8692627,-62.75695801000006,0.41065505198390767
2023_2024,2024-04-13,Bournemouth,Man United,1705.50585938,1800.93273926,-95.42687988000012,0.36602189208024893
2023_2024,2024-04-14,Liverpool,Crystal Palace,1937.83508301,1685.828125,252.00695801000006,0.810101320402307
2023_2024,2024-04-14,West Ham,Fulham,1780.01953125,1719.71569824,60.30383301000006,0.5859230806924364
2023_2024,2024-04-14,Arsenal,Aston Villa,1958.52514648,1828.63098145,129.89416503000007,0.6786840771517124
2023_2024,2024-04-15,Chelsea,Everton,1779.10070801,1702.99499512,76.10571288999995,0.6078061342558978
2023_2024,2024-04-20,Luton,Brentford,1601.05505371,1718.27697754,-117.22192382999992,0.33742653360868824
2023_2024,2024-04-20,Sheffield United,Burnley,1565.46728516,1622.94799805,-57.48071288999995,0.41802516313042787
2023_2024,2024-04-20,Wolves,Arsenal,1717.11303711,1925.63964844,-208.52661132999992,0.23140839419792106
2023_2024,2024-04-21,Everton,Nott'm Forest,1684.41662598,1654.94470215,29.471923829999923,0.5423120692196106
2023_2024,2024-04-21,Aston Villa,Bournemouth,1833.86450195,1700.27233887,133.59216307999986,0.6833084958204607
2023_2024,2024-04-21,Crystal Palace,West Ham,1694.43737793,1756.27172852,-61.834350589999985,0.41194100315665816
2023_2024,2024-04-21,Fulham,Liverpool,1728.63049316,1917.16149902,-188.53100586000005,0.2525096916236912
2023_2024,2024-04-23,Arsenal,Chelsea,1931.65527344,1784.75512695,146.90014649,0.6996486277765602
2023_2024,2024-04-24,Wolves,Bournemouth,1711.09741211,1695.0480957,16.049316410000074,0.5230804085515206
2023_2024,2024-04-24,Crystal Palace,Newcastle,1708.83947754,1811.58276367,-102.74328613000012,0.35630500187676617
2023_2024,2024-04-24,Everton,Liverpool,1692.98144531,1923.60131836,-230.61987305000002,0.20956413341246338
2023_2024,2024-04-24,Man United,Sheffield United,1793.24230957,1551.77490234,241.46740723000016,0.80059194474871
2023_2024,2024-04-25,Brighton,Man City,1748.41967773,2038.49243164,-290.07275390999985,0.1584517795908299
2023_2024,2024-04-27,West Ham,Liverpool,1741.86962891,1905.78405762,-163.91442871000004,0.2801803280920333
2023_2024,2024-04-27,Fulham,Crystal Palace,1722.19067383,1721.81665039,0.37402343999997356,0.5005382627904266
2023_2024,2024-04-27,Man United,Burnley,1796.22485352,1636.64038086,159.58447265999985,0.7147653372347645
2023_2024,2024-04-27,Newcastle,Sheffield United,1798.60559082,1548.7923584,249.81323242000008,0.8081510379129817
2023_2024,2024-04-27,Wolves,Luton,1701.33874512,1588.49414062,112.84460450000006,0.6569171086483302
2023_2024,2024-04-27,Everton,Brentford,1710.79870605,1730.83776855,-20.0390625,0.4711934068834627
2023_2024,2024-04-27,Aston Villa,Chelsea,1839.08874512,1777.05102539,62.03771973000016,0.5883425613382685
2023_2024,2024-04-28,Bournemouth,Brighton,1704.8067627,1742.78808594,-37.98132323999994,0.445557185173123
2023_2024,2024-04-28,Tottenham,Arsenal,1818.45495605,1939.359375,-120.90441895000004,0.3327037198013577
2023_2024,2024-04-28,Nott'm Forest,Man City,1646.37988281,2044.12402344,-397.74414062999995,0.09198801152770374
2023_2024,2024-05-02,Chelsea,Tottenham,1780.28637695,1812.32592773,-32.03955078000013,0.45402163978323956
2023_2024,2024-05-03,Luton,Everton,1579.16638184,1712.71044922,-133.54406738000012,0.31675141940795143
2023_2024,2024-05-04,Arsenal,Bournemouth,1940.2364502,1712.60253906,227.63391114,0.7875744155776412
2023_2024,2024-05-04,Brentford,Fulham,1718.42236328,1715.37084961,3.0515136699998493,0.5043913682629942
2023_2024,2024-05-04,Burnley,Newcastle,1636.87426758,1797.2923584,-160.4180908200001,0.28425733448430324
2023_2024,2024-05-04,Sheffield United,Nott'm Forest,1539.60168457,1638.88781738,-99.2861328099998,0.36088226349013885
2023_2024,2024-05-04,Man City,Wolves,2041.11230469,1700.16271973,340.94958496000004,0.8768209238413863
2023_2024,2024-05-05,Brighton,Aston Villa,1724.48852539,1813.35021973,-88.86169433999999,0.3748351532399338
2023_2024,2024-05-05,Chelsea,West Ham,1785.28503418,1739.6652832,45.619750979999935,0.5652773849591297
2023_2024,2024-05-05,Liverpool,Tottenham,1897.48449707,1796.82336426,100.66113281000003,0.6409413155197622
2023_2024,2024-05-06,Crystal Palace,Man United,1718.13269043,1785.48718262,-67.3544921900002,0.40426541174037317
2023_2024,2024-05-11,Fulham,Man City,1712.71875,2039.17980957,-326.4610595700001,0.13247378851293423
2023_2024,2024-05-11,Bournemouth,Brentford,1704.39575195,1712.43139648,-8.035644530000127,0.488437839488665
2023_2024,2024-05-11,Everton,Sheffield United,1706.17504883,1525.62780762,180.5472412099998,0.7387175170649846
2023_2024,2024-05-11,Newcastle,Brighton,1802.16369629,1729.078125,73.08557128999996,0.6036541790692097
2023_2024,2024-05-11,Tottenham,Burnley,1786.68981934,1623.35998535,163.32983399,0.719140479365068
2023_2024,2024-05-11,West Ham,Luton,1723.36791992,1577.05871582,146.3092041,0.6989333000119161
2023_2024,2024-05-11,Wolves,Crystal Palace,1693.45227051,1730.32714844,-36.87487792999991,0.4471311499650012
2023_2024,2024-05-11,Nott'm Forest,Chelsea,1644.21875,1792.93945312,-148.72070312000005,0.29815372590040257
2023_2024,2024-05-12,Man United,Arsenal,1764.64978027,1939.80029297,-175.15051270000004,0.26732297765391594
2023_2024,2024-05-13,Aston Villa,Liverpool,1785.93920898,1898.97509766,-113.03588867999997,0.3428347670462929
2023_2024,2024-05-14,Tottenham,Man City,1789.70556641,2044.00317383,-254.29760741999985,0.18787846675723774
2023_2024,2024-05-15,Brighton,Chelsea,1732.68286133,1798.5234375,-65.84057617000008,0.4063659791299512
2023_2024,2024-05-15,Man United,Newcastle,1759.73901367,1798.55895996,-38.81994628999996,0.4443649340697452
2023_2024,2024-05-19,Arsenal,Everton,1944.71105957,1709.04272461,235.66833496000004,0.7952091565208298
2023_2024,2024-05-19,Brentford,Newcastle,1721.74511719,1791.13598633,-69.39086913999995,0.401445463105623
2023_2024,2024-05-19,Brighton,Man United,1725.04504395,1767.1619873,-42.11694334999993,0.43968400207330427
2023_2024,2024-05-19,Burnley,Nott'm Forest,1620.34423828,1638.63464355,-18.290405270000065,0.4737022802070666
2023_2024,2024-05-19,Chelsea,Bournemouth,1806.16137695,1695.08203125,111.07934569999998,0.6546232691608117
2023_2024,2024-05-19,Crystal Palace,Aston Villa,1742.57275391,1787.57019043,-44.99743651999984,0.4356031377055287
2023_2024,2024-05-19,Liverpool,Wolves,1897.34411621,1681.20666504,216.13745117000008,0.7762920129775311
2023_2024,2024-05-19,Luton,Fulham,1572.3536377,1707.89538574,-135.5417480399999,0.3142679427807606
2023_2024,2024-05-19,Man City,West Ham,2048.74291992,1728.07299805,320.66992187000005,0.8636478767766185
2023_2024,2024-05-19,Sheffield United,Tottenham,1522.76000977,1784.96582031,-262.20581054000013,0.18103099528023878
2024_2025,2024-08-16,Man United,Fulham,1779.04394531,1716.27636719,62.76757812000005,0.5893597434966354
2024_2025,2024-08-17,Ipswich,Liverpool,1568.32556152,1900.68835449,-332.3627929699999,0.12861796130641487
2024_2025,2024-08-17,Arsenal,Wolves,1946.90283203,1677.86230469,269.0405273399999,0.8247290389116141
2024_2025,2024-08-17,Everton,Brighton,1706.85083008,1713.16320801,-6.312377930000139,0.49091675734189977
2024_2025,2024-08-17,Newcastle,Southampton,1801.79711914,1599.60339355,202.19372558999999,0.7620443865889247
2024_2025,2024-08-17,Nott'm Forest,Bournemouth,1647.71496582,1691.12365723,-43.40869140999985,0.43785290881918587
2024_2025,2024-08-17,West Ham,Aston Villa,1726.24291992,1770.43505859,-44.19213866999985,0.4367431688475965
2024_2025,2024-08-18,Brentford,Crystal Palace,1711.08398438,1759.70800781,-48.62402343000008,0.43047770936632646
2024_2025,2024-08-18,Chelsea,Man City,1810.11962891,2050.57299805,-240.45336913999995,0.200341578940716
2024_2025,2024-08-19,Leicester,Tottenham,1643.66943359,1790.55664062,-146.88720703000013,0.3003670248749091
2024_2025,2024-08-24,Brighton,Man United,1729.70837402,1784.38208008,-54.67370605999986,0.4219613161949994
2024_2025,2024-08-24,Crystal Palace,West Ham,1752.20849609,1718.27954102,33.92895507000003,0.548673064875543
2024_2025,2024-08-24,Fulham,Leicester,1711.46643066,1646.47558594,64.99084472000004,0.5924535056178333
2024_2025,2024-08-24,Man City,Ipswich,2055.97094727,1565.4329834,490.5379638700001,0.9439465322173269
2024_2025,2024-08-24,Southampton,Nott'm Forest,1597.3581543,1647.67578125,-50.317626949999976,0.4280891769264497
2024_2025,2024-08-24,Tottenham,Everton,1788.27868652,1690.8338623,97.4448242200001,0.6366694317210967
2024_2025,2024-08-24,Aston Villa,Arsenal,1778.92663574,1949.74951172,-170.82287598000016,0.27223044528774376
2024_2025,2024-08-25,Bournemouth,Newcastle,1691.69104004,1804.57055664,-112.87951659999999,0.3430375987145897
2024_2025,2024-08-25,Wolves,Chelsea,1675.54382324,1806.07421875,-130.53039551000006,0.3205177710923767
2024_2025,2024-08-25,Liverpool,Brentford,1904.10913086,1719.11169434,184.99743652000006,0.7436317087706031
2024_2025,2024-08-31,Arsenal,Brighton,1956.93518066,1737.66442871,219.27075194999998,0.7794087042628989
2024_2025,2024-08-31,Brentford,Southampton,1715.27978516,1589.20849609,126.07128907000015,0.6738663821665447
2024_2025,2024-08-31,Everton,Bournemouth,1682.32531738,1693.36071777,-11.035400390000177,0.48412412067604266
2024_2025,2024-08-31,Ipswich,Fulham,1564.67224121,1716.56152344,-151.88928222999994,0.2943510044284165
2024_2025,2024-08-31,Leicester,Aston Villa,1641.49316406,1771.85351562,-130.36035156000003,0.32073098884945195
2024_2025,2024-08-31,Nott'm Forest,Wolves,1655.93811035,1663.51940918,-7.581298829999923,0.48909136526195696
2024_2025,2024-08-31,West Ham,Man City,1733.02294922,2056.84448242,-323.8215332,0.13422976176859444
2024_2025,2024-09-01,Chelsea,Crystal Palace,1818.38671875,1737.57775879,80.80895996000004,0.6142408173894293
2024_2025,2024-09-01,Newcastle,Tottenham,1803.0135498,1796.89978027,6.1137695299998995,0.5087975135855796
2024_2025,2024-09-01,Man United,Liverpool,1776.53857422,1908.05358887,-131.51501465,0.31928463375739996
2024_2025,2024-09-14,Southampton,Man United,1583.90270996,1766.37512207,-182.47241211000005,0.25914913431249015
2024_2025,2024-09-14,Brighton,Ipswich,1744.23925781,1567.4005127,176.83874511,0.7345761425698104
2024_2025,2024-09-14,Crystal Palace,Leicester,1741.26794434,1635.5345459,105.73339843999997,0.6476328712704987
2024_2025,2024-09-14,Fulham,West Ham,1713.83312988,1729.66125488,-15.828125,0.4772372424847297
2024_2025,2024-09-14,Liverpool,Nott'm Forest,1918.21704102,1654.59204102,263.625,0.8201770517670962
2024_2025,2024-09-14,Man City,Brentford,2060.20605469,1720.58557129,339.62048340000024,0.8759921930418267
2024_2025,2024-09-14,Aston Villa,Everton,1777.81213379,1673.03662109,104.77551270000004,0.6463735218173425
2024_2025,2024-09-14,Bournemouth,Chelsea,1702.64941406,1814.6965332,-112.04711913999995,0.34411827248713933
2024_2025,2024-09-15,Tottenham,Arsenal,1790.58093262,1950.36035156,-159.7794189399999,0.2850059282347472
2024_2025,2024-09-15,Wolves,Newcastle,1664.86535645,1809.33227539,-144.4669189399999,0.30330296940548823
2024_2025,2024-09-21,West Ham,Chelsea,1735.1895752,1825.50817871,-90.31860351,0.372871951867158
2024_2025,2024-09-21,Aston Villa,Wolves,1794.23706055,1663.80078125,130.43627930000002,0.679364226038723
2024_2025,2024-09-21,Fulham,Newcastle,1717.24511719,1819.3371582,-102.09204101,0.3571652737795462
2024_2025,2024-09-21,Leicester,Everton,1644.27368164,1673.2590332,-28.985351560000026,0.45838323196747804
2024_2025,2024-09-21,Liverpool,Bournemouth,1918.99365234,1700.77807617,218.21557616999985,0.7783626108037341
2024_2025,2024-09-21,Southampton,Ipswich,1580.24731445,1577.65930176,2.588012689999914,0.5037243807667617
2024_2025,2024-09-21,Tottenham,Brentford,1789.86230469,1723.85852051,66.00378417999991,0.5938606392110785
2024_2025,2024-09-21,Crystal Palace,Man United,1741.46911621,1778.9708252,-37.50170899,0.44623932435291114
2024_2025,2024-09-22,Brighton,Nott'm Forest,1742.92077637,1674.18981934,68.73095703000013,0.5976414036004281
2024_2025,2024-09-22,Man City,Arsenal,2060.82177734,1959.79724121,101.02453613000012,0.6414225980579821
2024_2025,2024-09-28,Newcastle,Man City,1805.40844727,2055.75097656,-250.3425292899999,0.19137700869762844
2024_2025,2024-09-28,Arsenal,Leicester,1963.00158691,1642.76367188,320.23791503000007,0.863354762052701
2024_2025,2024-09-28,Brentford,West Ham,1715.79797363,1722.53186035,-6.7338867200001005,0.4903103712844567
2024_2025,2024-09-28,Chelsea,Brighton,1836.29919434,1738.64855957,97.6506347699999,0.6369434432918664
2024_2025,2024-09-28,Everton,Crystal Palace,1672.90234375,1740.20373535,-67.30139159999999,0.4043390302720127
2024_2025,2024-09-28,Nott'm Forest,Fulham,1676.59521484,1729.30712891,-52.71191407000015,0.42471818744579803
2024_2025,2024-09-28,Wolves,Liverpool,1657.49401855,1922.26672363,-264.7727050799999,0.17885060532561722
2024_2025,2024-09-29,Ipswich,Aston Villa,1578.20117188,1798.67724609,-220.47607420999998,0.21940068545110247
2024_2025,2024-09-29,Man United,Tottenham,1772.04089355,1799.4831543,-27.44226075000006,0.46058933466185764
2024_2025,2024-09-30,Bournemouth,Southampton,1695.63830566,1577.83874512,117.7995605399999,0.6633164661044036
2024_2025,2024-10-05,Crystal Palace,Liverpool,1740.90612793,1938.56286621,-197.65673828000013,0.2427238421061275
2024_2025,2024-10-05,Arsenal,Southampton,1980.44580078,1581.53771973,398.90808104999996,0.9085701013026005
2024_2025,2024-10-05,Brentford,Wolves,1723.70068359,1663.48522949,60.21545409999999,0.5857996438102805
2024_2025,2024-10-05,Leicester,Bournemouth,1650.03234863,1710.35986328,-60.32751465000001,0.4140438455137822
2024_2025,2024-10-05,Man City,Fulham,2060.8190918,1746.60095215,314.21813965,0.8592149677050095
2024_2025,2024-10-05,West Ham,Ipswich,1733.04956055,1591.79040527,141.25915527999996,0.6927809956115533
2024_2025,2024-10-05,Everton,Newcastle,1690.6204834,1819.76977539,-129.14929198999994,0.322251694888472
2024_2025,2024-10-06,Aston Villa,Man United,1812.50024414,1769.56494141,42.935302729999876,0.5614762417437433
2024_2025,2024-10-06,Chelsea,Nott'm Forest,1854.45092773,1677.7220459,176.7288818300001,0.7344528180444608
2024_2025,2024-10-06,Brighton,Tottenham,1741.74475098,1826.39135742,-84.64660644000014,0.3805380667313753
2024_2025,2024-10-19,Tottenham,West Ham,1817.91271973,1738.90881348,79.00390625,0.6117758414013862
2024_2025,2024-10-19,Fulham,Aston Villa,1745.24511719,1809.546875,-64.30175781000003,0.4085046142890781
2024_2025,2024-10-19,Ipswich,Everton,1585.93127441,1692.59912109,-106.66784667999991,0.3511405669676944
2024_2025,2024-10-19,Man United,Brentford,1772.51831055,1730.89282227,41.62548828000013,0.5596189108574661
2024_2025,2024-10-19,Newcastle,Brighton,1817.79101562,1750.22338867,67.56762694999998,0.5960300343998163
2024_2025,2024-10-19,Southampton,Leicester,1580.38916016,1658.02661133,-77.63745116999985,0.39009400402190325
2024_2025,2024-10-19,Bournemouth,Arsenal,1702.36560059,1981.59436035,-279.22875976,0.16695408177407117
2024_2025,2024-10-20,Wolves,Man City,1656.29309082,2062.17504883,-405.88195800999983,0.08814929498895693
2024_2025,2024-10-20,Liverpool,Chelsea,1943.17382812,1848.47436523,94.69946288999995,0.6330058901844312
2024_2025,2024-10-21,Nott'm Forest,Crystal Palace,1683.69848633,1736.29516602,-52.596679689999974,0.4248802717429585
2024_2025,2024-10-25,Leicester,Nott'm Forest,1673.10107422,1698.97412109,-25.873046869999826,0.4628343686873288
2024_2025,2024-10-26,Aston Villa,Bournemouth,1834.60070801,1728.61364746,105.98706055000002,0.6479660228526655
2024_2025,2024-10-26,Brentford,Ipswich,1733.08276367,1583.63061523,149.45214843999997,0.7027266136618827
2024_2025,2024-10-26,Brighton,Wolves,1768.92919922,1662.19506836,106.73413086000005,0.6489463636052528
2024_2025,2024-10-26,Man City,Southampton,2073.37158203,1580.27307129,493.09851073999994,0.9447213469848728
2024_2025,2024-10-26,Everton,Fulham,1709.85827637,1741.40979004,-31.55151366999985,0.4547181321203329
2024_2025,2024-10-27,Chelsea,Newcastle,1857.31689453,1814.04370117,43.27319335999982,0.5619550970379069
2024_2025,2024-10-27,Crystal Palace,Tottenham,1735.97790527,1834.84692383,-98.86901855999986,0.3614362536082403
2024_2025,2024-10-27,West Ham,Man United,1738.7635498,1784.85412598,-46.09057617999997,0.43405671023861225
2024_2025,2024-10-27,Arsenal,Liverpool,1971.05871582,1962.4465332,8.612182620000112,0.5123913892660048
2024_2025,2024-11-02,Newcastle,Arsenal,1808.85473633,1969.04797363,-160.19323729999996,0.2845207523376146
2024_2025,2024-11-02,Bournemouth,Man City,1733.10681152,2073.82226562,-340.7154541,0.12332471685908142
2024_2025,2024-11-02,Ipswich,Leicester,1580.4375,1660.32580566,-79.88830566000001,0.38701570210834746
2024_2025,2024-11-02,Liverpool,Brighton,1964.45727539,1764.41882324,200.03845215,0.7597873273822352
2024_2025,2024-11-02,Nott'm Forest,West Ham,1711.74938965,1746.25891113,-34.509521479999876,0.4504994857104392
2024_2025,2024-11-02,Southampton,Everton,1579.8223877,1708.98059082,-129.15820312000005,0.32224049153167605
2024_2025,2024-11-02,Wolves,Crystal Palace,1666.70544434,1744.98693848,-78.28149413999995,0.3892122949734534
2024_2025,2024-11-03,Tottenham,Aston Villa,1825.83789062,1830.10754395,-4.269653329999983,0.4938557842295567
2024_2025,2024-11-03,Man United,Chelsea,1777.35876465,1862.50585938,-85.14709472999994,0.3798591561129205
2024_2025,2024-11-04,Fulham,Brentford,1742.28735352,1736.27587891,6.011474609999823,0.5086503441790614
2024_2025,2024-11-09,Brentford,Bournemouth,1721.03112793,1738.23510742,-17.203979490000165,0.47526169891483333
2024_2025,2024-11-09,Crystal Palace,Fulham,1735.46716309,1739.34533691,-3.878173820000029,0.4944190910191382
2024_2025,2024-11-09,West Ham,Everton,1724.62646484,1690.26757812,34.35888671999987,0.5492858489565973
2024_2025,2024-11-09,Wolves,Southampton,1658.03845215,1580.34863281,77.68981933999999,0.6099777160772155
2024_2025,2024-11-09,Brighton,Man City,1752.83630371,2031.43212891,-278.59582520000004,0.16746143137040578
2024_2025,2024-11-09,Liverpool,Aston Villa,1967.46923828,1800.82275391,166.64648436999983,0.7229804853307884
2024_2025,2024-11-10,Man United,Leicester,1772.18933105,1650.7598877,121.42944334999993,0.6679669236429515
2024_2025,2024-11-10,Nott'm Forest,Newcastle,1715.19494629,1810.23583984,-95.04089354999996,0.36653764069401795
2024_2025,2024-11-10,Tottenham,Ipswich,1818.85119629,1571.81665039,247.0345459,0.8056588323213015
2024_2025,2024-11-10,Chelsea,Arsenal,1853.53173828,1943.88500977,-90.35327149,0.3728252870942939
2024_2025,2024-11-23,Leicester,Chelsea,1644.39880371,1854.22497559,-209.82617187999995,0.23008053144530605
2024_2025,2024-11-23,Arsenal,Nott'm Forest,1943.19189453,1705.00598145,238.18591307999986,0.7975591622663895
2024_2025,2024-11-23,Aston Villa,Crystal Palace,1796.74353027,1721.79248047,74.95104979999996,0.6062205600681071
2024_2025,2024-11-23,Bournemouth,Brighton,1731.56970215,1765.95056152,-34.38085937000005,0.45068283729687636
2024_2025,2024-11-23,Everton,Brentford,1693.06970215,1727.6965332,-34.626831049999964,0.4503323239217756
2024_2025,2024-11-23,Fulham,Wolves,1753.02001953,1664.36401367,88.65600585999982,0.6248873455726437
2024_2025,2024-11-23,Man City,Tottenham,2018.31787109,1803.89941406,214.4184570299999,0.7745688667447873
2024_2025,2024-11-24,Southampton,Liverpool,1574.02307129,1971.54846191,-397.52539062000005,0.09209324398794187
2024_2025,2024-11-24,Ipswich,Man United,1586.76843262,1778.55029297,-191.78186035,0.2489939456626115
2024_2025,2024-11-25,Newcastle,West Ham,1820.42480469,1721.82434082,98.60046386999988,0.6382068703754765
2024_2025,2024-11-29,Brighton,Southampton,1781.17919922,1578.85681152,202.32238770000004,0.7621786625562548
2024_2025,2024-11-30,Brentford,Leicester,1735.00012207,1646.43688965,88.56323242000008,0.6247621549615859
2024_2025,2024-11-30,Crystal Palace,Newcastle,1732.04821777,1810.11303711,-78.06481933999999,0.38950884700189403
2024_2025,2024-11-30,Nott'm Forest,Ipswich,1707.87341309,1596.86755371,111.00585937999995,0.6545276213330783
2024_2025,2024-11-30,Wolves,Bournemouth,1691.41870117,1729.21398926,-37.795288089999985,0.4458217524927213
2024_2025,2024-11-30,West Ham,Arsenal,1745.0090332,1970.6048584,-225.59582520000004,0.21439500895792232
2024_2025,2024-12-01,Chelsea,Aston Villa,1871.1862793,1798.80102539,72.38525391000007,0.6026892530364989
2024_2025,2024-12-01,Man United,Everton,1783.57092285,1698.63916016,84.93176268999991,0.6198488041748558
2024_2025,2024-12-01,Tottenham,Fulham,1834.32177734,1738.83825684,95.48352049999994,0.6340537643845424
2024_2025,2024-12-01,Liverpool,Man City,1986.95837402,1988.89196777,-1.93359375,0.49721736363830304
2024_2025,2024-12-03,Ipswich,Crystal Palace,1592.7989502,1732.70141602,-139.90246581999986,0.308883690411916
2024_2025,2024-12-03,Leicester,West Ham,1638.75439453,1738.14611816,-99.39172363000012,0.3607420817223894
2024_2025,2024-12-04,Everton,Wolves,1689.34838867,1679.4284668,9.919921870000053,0.5142720371276273
2024_2025,2024-12-04,Man City,Nott'm Forest,1979.62878418,1711.9420166,267.6867675799999,0.8235997195995959
2024_2025,2024-12-04,Newcastle,Liverpool,1809.45983887,1996.22155762,-186.76171875,0.25443690566187266
2024_2025,2024-12-04,Southampton,Chelsea,1585.15942383,1879.45117188,-294.29174805,0.15524010185921355
2024_2025,2024-12-04,Arsenal,Man United,1977.46765137,1792.86169434,184.60595703000013,0.7432018505431078
2024_2025,2024-12-04,Aston Villa,Brentford,1790.53601074,1742.68261719,47.853393549999964,0.5684343725785551
2024_2025,2024-12-05,Fulham,Brighton,1742.94836426,1774.87658691,-31.928222649999952,0.4541805037404365
2024_2025,2024-12-05,Bournemouth,Tottenham,1741.20422363,1830.21166992,-89.00744629000019,0.3746385641990977
2024_2025,2024-12-07,Aston Villa,Southampton,1798.00732422,1579.57214355,218.43518067000014,0.7785806171163226
2024_2025,2024-12-07,Brentford,Newcastle,1735.21142578,1813.00805664,-77.79663086000005,0.3898760164345643
2024_2025,2024-12-07,Crystal Palace,Man City,1738.54724121,1982.75402832,-244.20678711000005,0.19690252765231903
2024_2025,2024-12-07,Man United,Nott'm Forest,1788.9197998,1708.81689453,80.10290527000006,0.6132773210157505
2024_2025,2024-12-08,Fulham,Arsenal,1753.22741699,1981.4095459,-228.18212891000007,0.211898096023512
2024_2025,2024-12-08,Ipswich,Bournemouth,1586.953125,1749.95690918,-163.0037841799999,0.2812387666885959
2024_2025,2024-12-08,Leicester,Brighton,1651.60998535,1764.59765625,-112.98767090000001,0.34289730465750495
2024_2025,2024-12-08,Tottenham,Chelsea,1821.4588623,1885.03845215,-63.57958985000005,0.40950947724109
2024_2025,2024-12-09,West Ham,Wolves,1725.29064941,1666.69360352,58.59704589000012,0.5835373579356529
2024_2025,2024-12-14,Arsenal,Everton,1983.36364746,1704.38330078,278.98034668000014,0.8328469411947707
2024_2025,2024-12-14,Liverpool,Fulham,1998.37512207,1759.95947266,238.41564941000001,0.7977726021034476
2024_2025,2024-12-14,Newcastle,Leicester,1803.49182129,1655.34655762,148.14526366999985,0.7011526444569176
2024_2025,2024-12-14,Wolves,Ipswich,1664.03161621,1583.81140137,80.22021483999993,0.6134374656714613
2024_2025,2024-12-14,Nott'm Forest,Aston Villa,1722.6817627,1811.93115234,-89.24938963999989,0.3743123243000904
2024_2025,2024-12-15,Brighton,Crystal Palace,1765.46105957,1745.6829834,19.778076170000077,0.528432234151422
2024_2025,2024-12-15,Man City,Man United,1966.65490723,1785.75878906,180.8961181699999,0.7391049605612358
2024_2025,2024-12-15,Chelsea,Brentford,1896.24731445,1749.32763672,146.91967772999988,0.6996722535139546
2024_2025,2024-12-15,Southampton,Tottenham,1579.60046387,1812.92382812,-233.32336424999994,0.20699789517289624
2024_2025,2024-12-16,Bournemouth,West Ham,1757.6986084,1732.55249023,25.14611816999991,0.5361251165523917
2024_2025,2024-12-21,Aston Villa,Man City,1803.22131348,1953.20361328,-149.98229979999996,0.2966362548550155
2024_2025,2024-12-21,Brentford,Nott'm Forest,1746.26818848,1731.61254883,14.655639650000012,0.5210786602567449
2024_2025,2024-12-21,Ipswich,Newcastle,1595.38256836,1809.99523926,-214.6126709,0.22523597967040968
2024_2025,2024-12-21,West Ham,Brighton,1735.03735352,1751.2175293,-16.180175780000127,0.4767316742328689
2024_2025,2024-12-21,Crystal Palace,Arsenal,1760.14746094,1975.93518066,-215.78771972000004,0.22405780206767967
2024_2025,2024-12-22,Everton,Chelsea,1712.03271484,1899.88891602,-187.85620117999997,0.2532435877142077
2024_2025,2024-12-22,Fulham,Southampton,1767.05883789,1571.14221191,195.91662597999994,0.7554302215379355
2024_2025,2024-12-22,Leicester,Wolves,1649.06396484,1652.68127441,-3.6173095700000886,0.49479446115639364
2024_2025,2024-12-22,Man United,Bournemouth,1799.4309082,1755.43481445,43.99609375,0.562979195754518
2024_2025,2024-12-22,Tottenham,Liverpool,1821.60302734,1991.49658203,-169.89355468999997,0.2732916046850591
2024_2025,2024-12-26,Man City,Everton,1942.93371582,1715.51074219,227.42297363000012,0.7873711988014387
2024_2025,2024-12-26,Bournemouth,Crystal Palace,1774.12890625,1751.56005859,22.568847660000074,0.5324335766550881
2024_2025,2024-12-26,Chelsea,Fulham,1896.41088867,1760.75756836,135.65332031000003,0.6858704503976432
2024_2025,2024-12-26,Newcastle,Aston Villa,1818.37390137,1813.49121094,4.882690430000139,0.5070262938125285
2024_2025,2024-12-26,Nott'm Forest,Tottenham,1745.51818848,1812.64624023,-67.12805175000017,0.40457937817856277
2024_2025,2024-12-26,Southampton,West Ham,1577.44348145,1733.80700684,-156.36352538999995,0.28902978202258933
2024_2025,2024-12-26,Wolves,Man United,1669.02868652,1780.73681641,-111.70812989000001,0.3445588343270377
2024_2025,2024-12-26,Liverpool,Leicester,2000.45349121,1632.71655273,367.73693847999994,0.8925314957739875
2024_2025,2024-12-27,Brighton,Brentford,1752.44787598,1732.36254883,20.085327150000012,0.5288729517922245
2024_2025,2024-12-27,Arsenal,Ipswich,1984.52258301,1587.00390625,397.51867676000006,0.9079035245144114
2024_2025,2024-12-29,Leicester,Man City,1631.34838867,1936.16235352,-304.8139648499998,0.14746162768642143
2024_2025,2024-12-29,Crystal Palace,Southampton,1753.85998535,1572.00146484,181.85852051000006,0.7401718226677594
2024_2025,2024-12-29,Everton,Nott'm Forest,1722.28210449,1753.67858887,-31.396484380000174,0.45493941626933493
2024_2025,2024-12-29,Fulham,Bournemouth,1773.47399902,1771.82910156,1.6448974600000383,0.5023671800454528
2024_2025,2024-12-29,Tottenham,Wolves,1804.48583984,1682.07531738,122.41052246000004,0.6692182860463284
2024_2025,2024-12-29,West Ham,Liverpool,1739.24890137,2001.8215332,-262.57263182999986,0.18071814391004418
2024_2025,2024-12-30,Aston Villa,Brighton,1802.54943848,1750.12683105,52.42260742999997,0.5748748542136966
2024_2025,2024-12-30,Ipswich,Chelsea,1586.19128418,1883.69445801,-297.50317383000015,0.15283119858804783
2024_2025,2024-12-30,Man United,Newcastle,1767.69006348,1829.3157959,-61.62573242000008,0.4122319473049936
2024_2025,2025-01-01,Brentford,Arsenal,1734.68359375,1985.33520508,-250.65161132999992,0.19110182240891085
2024_2025,2025-01-04,Tottenham,Newcastle,1799.62744141,1840.6036377,-40.97619628999996,0.4413024145884239
2024_2025,2025-01-04,Aston Villa,Leicester,1799.41162109,1627.46325684,171.94836424999994,0.7290512515803252
2024_2025,2025-01-04,Bournemouth,Everton,1773.63903809,1709.59802246,64.04101562999995,0.5911326628890788
2024_2025,2025-01-04,Crystal Palace,Chelsea,1756.65026855,1864.34838867,-107.69812012000011,0.34979049999614426
2024_2025,2025-01-04,Man City,West Ham,1940.04760742,1731.68566895,208.36193847000004,0.7684229648570464
2024_2025,2025-01-04,Southampton,Brentford,1569.21118164,1729.57226562,-160.3610839800001,0.2843241045794485
2024_2025,2025-01-04,Brighton,Arsenal,1753.26464844,1990.4465332,-237.18188476,0.20337561689242198
2024_2025,2025-01-05,Fulham,Ipswich,1771.66394043,1605.53735352,166.12658691000001,0.7223806943623571
2024_2025,2025-01-05,Liverpool,Man United,2009.3848877,1756.40222168,252.98266602000012,0.810963861803808
2024_2025,2025-01-06,Wolves,Nott'm Forest,1686.93383789,1766.3626709,-79.42883301000006,0.38764335978840486
2024_2025,2025-01-14,Brentford,Man City,1741.68334961,1944.19238281,-202.50903319999998,0.23762664080056425
2024_2025,2025-01-14,Chelsea,Bournemouth,1863.02453613,1778.71130371,84.31323241999985,0.6190094530242636
2024_2025,2025-01-14,West Ham,Fulham,1727.54089355,1765.93579102,-38.39489746999993,0.4449691370248925
2024_2025,2025-01-14,Nott'm Forest,Liverpool,1779.32104492,2002.21362305,-222.89257812999995,0.21702761573211282
2024_2025,2025-01-15,Everton,Aston Villa,1704.52575684,1802.28259277,-97.75683593000008,0.36291519761750685
2024_2025,2025-01-15,Leicester,Crystal Palace,1624.59216309,1757.97424316,-133.38208007000003,0.31695325984756545
2024_2025,2025-01-15,Newcastle,Wolves,1848.97387695,1673.9753418,174.99853514999995,0.732505637513863
2024_2025,2025-01-15,Arsenal,Tottenham,1985.77941895,1791.25720215,194.52221680000002,0.7539441760993287
2024_2025,2025-01-16,Ipswich,Brighton,1611.26550293,1757.9317627,-146.66625977000012,0.3006343729535312
2024_2025,2025-01-16,Man United,Southampton,1763.57348633,1557.10009766,206.47338866999985,0.7664827722204718
2024_2025,2025-01-18,Newcastle,Bournemouth,1853.85290527,1782.62109375,71.23181152000006,0.6010982537493786
2024_2025,2025-01-18,Brentford,Liverpool,1745.59008789,1997.82141113,-252.23132323999994,0.18970007075901824
2024_2025,2025-01-18,Leicester,Fulham,1616.01123047,1758.53125,-142.5200195299999,0.30567638453771967
2024_2025,2025-01-18,West Ham,Crystal Palace,1734.94543457,1766.55517578,-31.60974120999981,0.45463502449507337
2024_2025,2025-01-18,Arsenal,Aston Villa,1988.35791016,1809.39086914,178.96704102000012,0.7369579834146707
2024_2025,2025-01-19,Everton,Tottenham,1697.41748047,1788.67871094,-91.26123046999987,0.3716039761168753
2024_2025,2025-01-19,Man United,Brighton,1767.04736328,1766.04016113,1.007202150000012,0.501449476349687
2024_2025,2025-01-19,Nott'm Forest,Southampton,1783.71325684,1553.6262207,230.08703614,0.7899273322162426
2024_2025,2025-01-19,Ipswich,Man City,1603.15710449,1940.28564453,-337.12854003999996,0.12557450159770642
2024_2025,2025-01-20,Chelsea,Wolves,1859.11474609,1669.09631348,190.01843261,0.7491030059013779
2024_2025,2025-01-25,Bournemouth,Nott'm Forest,1800.62988281,1784.50976562,16.120117189999974,0.523182080996138
2024_2025,2025-01-25,Brighton,Everton,1778.02966309,1705.08508301,72.94458007999992,0.6034599801790821
2024_2025,2025-01-25,Liverpool,Ipswich,2003.64904785,1596.17785645,407.47119139999995,0.9125832759731776
2024_2025,2025-01-25,Southampton,Newcastle,1549.95495605,1832.96936035,-283.0144043,0.16394520883024857
2024_2025,2025-01-25,Wolves,Arsenal,1663.88049316,1981.87548828,-317.9949951199999,0.13817558321643475
2024_2025,2025-01-25,Man City,Chelsea,1935.0291748,1861.45593262,73.57324217999985,0.6043256363467355
2024_2025,2025-01-26,Crystal Palace,Brentford,1777.40759277,1739.21362305,38.19396972000004,0.5547451892904073
2024_2025,2025-01-26,Tottenham,Leicester,1783.82348633,1606.40612793,177.4173584,0.7352250478184204
2024_2025,2025-01-26,Aston Villa,West Ham,1806.63366699,1721.21826172,85.41540526999984,0.6205046128979834
2024_2025,2025-01-26,Fulham,Man United,1765.26159668,1755.2857666,9.975830079999923,0.5143524295848921
2024_2025,2025-02-01,Nott'm Forest,Brighton,1773.06799316,1769.3170166,3.7509765600000264,0.5053978794750916
2024_2025,2025-02-01,Bournemouth,Liverpool,1817.38818359,1996.87426758,-179.48608399,0.26246322904770125
2024_2025,2025-02-01,Everton,Leicester,1719.11437988,1622.28295898,96.83142089999978,0.6358522343906508
2024_2025,2025-02-01,Ipswich,Southampton,1597.4576416,1548.53259277,48.92504882999992,0.5699470742998456
2024_2025,2025-02-01,Newcastle,Fulham,1839.70825195,1758.31591797,81.39233397999988,0.6150362268247265
2024_2025,2025-02-01,Wolves,Aston Villa,1664.05737305,1810.12731934,-146.06994628999996,0.30135659397945663
2024_2025,2025-02-02,Brentford,Tottenham,1752.40063477,1775.76379395,-23.36315918000014,0.46642829784841033
2024_2025,2025-02-02,Man United,Crystal Palace,1773.3840332,1769.53710938,3.846923820000029,0.5055359421736764
2024_2025,2025-02-02,Arsenal,Man City,1990.54943848,1947.5291748,43.02026367999997,0.5615966583831802
2024_2025,2025-02-03,Chelsea,West Ham,1857.31359863,1727.70031738,129.61328125,0.6783313753620888
2024_2025,2025-02-12,Everton,Liverpool,1725.79968262,2001.30432129,-275.50463866999985,0.16995697992102407
2024_2025,2025-02-14,Brighton,Chelsea,1749.5255127,1858.71618652,-109.19067382000003,0.34783892975357633
2024_2025,2025-02-15,Leicester,Arsenal,1611.01647949,1999.49523926,-388.4787597700001,0.09654095101363835
2024_2025,2025-02-15,Aston Villa,Ipswich,1793.17175293,1584.5098877,208.66186522999988,0.7687300546694277
2024_2025,2025-02-15,Fulham,Nott'm Forest,1767.26074219,1788.27819824,-21.017456049999964,0.46979029035019015
2024_2025,2025-02-15,Man City,Newcastle,1926.48022461,1826.18225098,100.29797363000012,0.6404600727164667
2024_2025,2025-02-15,Southampton,Bournemouth,1556.89916992,1808.37695312,-251.47778319999998,0.19036773727343323
2024_2025,2025-02-15,West Ham,Brentford,1721.71655273,1738.05688477,-16.340332039999794,0.4765016949457579
2024_2025,2025-02-15,Crystal Palace,Everton,1780.71569824,1731.52502441,49.19067382999992,0.5703218181794805
2024_2025,2025-02-16,Liverpool,Wolves,1995.57910156,1676.43188477,319.14721679000013,0.8626123678399992
2024_2025,2025-02-16,Tottenham,Man United,1785.52636719,1757.62438965,27.90197753999996,0.5400680717324309
2024_2025,2025-02-19,Aston Villa,Liverpool,1786.79846191,1996.9510498,-210.15258788999995,0.22974784739086973
2024_2025,2025-02-21,Leicester,Brentford,1606.0201416,1744.21984863,-138.1997070299999,0.31098005004959756
2024_2025,2025-02-22,Everton,Man United,1739.82678223,1749.05932617,-9.232543940000141,0.4867164277850494
2024_2025,2025-02-22,Arsenal,West Ham,1999.19921875,1710.26123047,288.9379882799999,0.8406752360242774
2024_2025,2025-02-22,Bournemouth,Wolves,1810.63098145,1672.41369629,138.21728516000007,0.6890416312039551
2024_2025,2025-02-22,Fulham,Crystal Palace,1771.81005859,1767.12158203,4.688476560000026,0.5067468506139087
2024_2025,2025-02-22,Ipswich,Tottenham,1588.23693848,1788.79919434,-200.56225586000005,0.23966278766101506
2024_2025,2025-02-22,Southampton,Brighton,1549.3527832,1762.88134766,-213.5285644600001,0.2263268641011788
2024_2025,2025-02-22,Aston Villa,Chelsea,1788.43408203,1840.06799316,-51.633911130000115,0.426235093496975
2024_2025,2025-02-23,Newcastle,Nott'm Forest,1815.22412109,1778.43664551,36.787475579999864,0.5527444709383428
2024_2025,2025-02-23,Man City,Liverpool,1923.4708252,1990.02319336,-66.55236816000001,0.40537793186004906
2024_2025,2025-02-25,Brighton,Bournemouth,1771.06054688,1797.95227051,-26.891723630000115,0.46137679663894743
2024_2025,2025-02-25,Crystal Palace,Aston Villa,1780.57666016,1796.39709473,-15.820434569999861,0.4772482869762533
2024_2025,2025-02-25,Wolves,Fulham,1685.0925293,1758.3548584,-73.26232909999999,0.3961024038974518
2024_2025,2025-02-25,Chelsea,Southampton,1832.10498047,1541.17358398,290.93139649,0.8422061975588632
2024_2025,2025-02-26,Brentford,Everton,1755.56420898,1738.61853027,16.94567871000004,0.5243674727673197
2024_2025,2025-02-26,Man United,Ipswich,1750.26757812,1580.79711914,169.4704589800001,0.7262244230913432
2024_2025,2025-02-26,Nott'm Forest,Arsenal,1772.66308594,1983.51037598,-210.84729003999996,0.22904092941473192
2024_2025,2025-02-26,Tottenham,Man City,1796.23913574,1912.99487305,-116.75573731000009,0.338026763934604
2024_2025,2025-02-26,Liverpool,Newcastle,2000.49902344,1820.99768066,179.50134277999996,0.737553773690862
2024_2025,2025-02-27,West Ham,Leicester,1725.95007324,1594.67578125,131.27429198999994,0.680414117708017
2024_2025,2025-03-08,Nott'm Forest,Man City,1783.96655273,1925.97827148,-142.01171875,0.3062977498364316
2024_2025,2025-03-08,Brighton,Fulham,1785.46655273,1772.6583252,12.808227530000067,0.5184241755235355
2024_2025,2025-03-08,Crystal Palace,Ipswich,1800.02575684,1584.66210938,215.36364746000004,0.775517502651204
2024_2025,2025-03-08,Liverpool,Southampton,2017.51977539,1544.92041016,472.5993652299999,0.9382255559915458
2024_2025,2025-03-08,Brentford,Aston Villa,1760.64038086,1800.25439453,-39.61401366999985,0.4432366166512703
2024_2025,2025-03-08,Wolves,Everton,1684.7355957,1747.4888916,-62.75329590000001,0.4106601539155512
2024_2025,2025-03-09,Chelsea,Leicester,1844.23034668,1596.35327148,247.8770751999998,0.8064170824646335
2024_2025,2025-03-09,Tottenham,Bournemouth,1793.68969727,1797.49279785,-3.803100580000091,0.49452711689488715
2024_2025,2025-03-09,Man United,Arsenal,1762.44030762,1993.12475586,-230.68444823999994,0.20950256498029746
2024_2025,2025-03-10,West Ham,Newcastle,1738.21911621,1823.92370605,-85.70458983999993,0.37910346918524507
2024_2025,2025-03-15,Everton,West Ham,1752.95336914,1737.12976074,15.823608400000012,0.522756271073072
2024_2025,2025-03-15,Ipswich,Nott'm Forest,1588.03100586,1800.1965332,-212.16552733999993,0.2277037195268924
2024_2025,2025-03-15,Man City,Brighton,1921.51940918,1797.78210449,123.73730468999997,0.670906788128771
2024_2025,2025-03-15,Southampton,Wolves,1550.0144043,1691.0423584,-141.0279541,0.3075023400011553
2024_2025,2025-03-15,Bournemouth,Brentford,1804.70678711,1758.22387695,46.482910160000074,0.5664979999611744
2024_2025,2025-03-16,Arsenal,Chelsea,1995.40100098,1853.27404785,142.12695312999995,0.6938431786738759
2024_2025,2025-03-16,Fulham,Tottenham,1772.11401367,1805.86206055,-33.74804687999995,0.4515848288607176
2024_2025,2025-03-16,Leicester,Man United,1600.1940918,1785.16943359,-184.9753417899999,0.25639253946046736
2024_2025,2025-04-01,Arsenal,Fulham,1998.97167969,1782.73400879,216.2376709,0.7763921849677112
2024_2025,2025-04-01,Wolves,West Ham,1696.68334961,1739.05053711,-42.3671875,0.439329143330307
2024_2025,2025-04-01,Nott'm Forest,Man United,1806.07092285,1793.29663086,12.774291989999938,0.5183754044914817
2024_2025,2025-04-02,Bournemouth,Ipswich,1794.06604004,1582.15661621,211.90942382999992,0.7720369225065633
2024_2025,2025-04-02,Brighton,Aston Villa,1802.4432373,1821.52563477,-19.082397469999933,0.4725658029543842
2024_2025,2025-04-02,Man City,Leicester,1916.85827637,1592.06689453,324.7913818400002,0.8664177147969966
2024_2025,2025-04-02,Newcastle,Brentford,1836.78430176,1768.86474609,67.91955567000014,0.5965177234444299
2024_2025,2025-04-02,Southampton,Crystal Palace,1544.37353516,1808.42810059,-264.0545654299999,0.17945853526707295
2024_2025,2025-04-02,Liverpool,Everton,2014.81518555,1751.03259277,263.78259277999996,0.8203108094035794
2024_2025,2025-04-03,Chelsea,Tottenham,1849.70349121,1795.24206543,54.46142578000013,0.5777406014600437
2024_2025,2025-04-05,Everton,Arsenal,1749.10632324,2001.44470215,-252.33837891000007,0.18960536080825435
2024_2025,2025-04-05,Crystal Palace,Brighton,1803.01416016,1787.21154785,15.802612310000086,0.5227261177765282
2024_2025,2025-04-05,Ipswich,Wolves,1596.25939941,1704.43994141,-108.18054200000006,0.34915916100366723
2024_2025,2025-04-05,West Ham,Bournemouth,1731.29394531,1779.96325684,-48.66931152999996,0.43041379576059585
2024_2025,2025-04-05,Aston Villa,Nott'm Forest,1836.75732422,1812.42370605,24.333618170000136,0.5349617443771272
2024_2025,2025-04-06,Brentford,Chelsea,1763.90771484,1854.90441895,-90.99670411000011,0.37195962648996306
2024_2025,2025-04-06,Fulham,Liverpool,1780.26086426,2016.74145508,-236.48059081999986,0.20403044608955787
2024_2025,2025-04-06,Tottenham,Southampton,1790.0411377,1549.78735352,240.25378418000014,0.7994742978177067
2024_2025,2025-04-06,Man United,Man City,1786.94384766,1918.70727539,-131.76342772999988,0.3189739193156834
2024_2025,2025-04-07,Leicester,Newcastle,1590.21789551,1841.74133301,-251.5234375,0.190327234645894
2024_2025,2025-04-12,Man City,Crystal Palace,1918.06079102,1810.86340332,107.19738769999981,0.6495536409687656
2024_2025,2025-04-12,Brighton,Leicester,1782.43334961,1585.70996094,196.72338867000008,0.7562872258256615
2024_2025,2025-04-12,Nott'm Forest,Everton,1807.89868164,1755.82580566,52.072875979999935,0.5743827627678583
2024_2025,2025-04-12,Southampton,Aston Villa,1548.39660645,1839.81469727,-291.41809081999986,0.1574218358797823
2024_2025,2025-04-12,Arsenal,Brentford,2007.39587402,1766.48364258,240.91223144000014,0.80008125497121
2024_2025,2025-04-13,Chelsea,Ipswich,1856.55725098,1591.26708984,265.29016114,0.82158643971078
2024_2025,2025-04-13,Liverpool,West Ham,2005.63513184,1732.7088623,272.92626954,0.8279389265285535
2024_2025,2025-04-13,Wolves,Tottenham,1712.50341797,1790.8927002,-78.38928222999994,0.38906480128243287
2024_2025,2025-04-13,Newcastle,Man United,1849.3203125,1793.10852051,56.21179198999994,0.5801967414020591
2024_2025,2025-04-14,Bournemouth,Fulham,1781.6192627,1794.43823242,-12.818969720000041,0.4815603862305484
2024_2025,2025-04-16,Newcastle,Crystal Palace,1858.18920898,1803.46765137,54.72155760999999,0.5781058687414634
2024_2025,2025-04-19,Brentford,Brighton,1780.23132324,1783.0423584,-2.811035160000074,0.49595468348547705
2024_2025,2025-04-19,Crystal Palace,Bournemouth,1798.74499512,1795.3638916,3.3811035200001243,0.5048656455041554
2024_2025,2025-04-19,Everton,Man City,1773.65527344,1932.04138184,-158.3861084,0.2866431486536034
2024_2025,2025-04-19,West Ham,Southampton,1737.74560547,1550.29467773,187.45092774,0.7463149728351682
2024_2025,2025-04-19,Aston Villa,Newcastle,1850.77758789,1877.01428223,-26.236694339999985,0.4623139700610333
2024_2025,2025-04-20,Fulham,Chelsea,1794.32958984,1856.16845703,-61.838867189999974,0.4119347048724493
2024_2025,2025-04-20,Ipswich,Arsenal,1605.32312012,2013.2668457,-407.94372557999986,0.08719996930617574
2024_2025,2025-04-20,Man United,Wolves,1797.18139648,1731.59033203,65.5910644500002,0.5932874906554348
2024_2025,2025-04-20,Leicester,Liverpool,1598.73681641,2014.234375,-415.4975585899999,0.08380041939858382
2024_2025,2025-04-21,Tottenham,Nott'm Forest,1796.65917969,1803.7052002,-7.046020510000062,0.4898613512886831
2024_2025,2025-04-22,Man City,Aston Villa,1939.85681152,1863.13525391,76.72155760999999,0.6086508807395149
2024_2025,2025-04-23,Arsenal,Crystal Palace,2016.33410645,1797.04040527,219.29370117999997,0.7794314165781858
2024_2025,2025-04-26,Chelsea,Everton,1864.08557129,1765.83984375,98.24572753999996,0.6377352358491682
2024_2025,2025-04-26,Brighton,West Ham,1773.7331543,1731.6895752,42.04357909999999,0.5602119520384123
2024_2025,2025-04-26,Newcastle,Ipswich,1864.65661621,1602.25598145,262.40063476,0.8191352172164683
2024_2025,2025-04-26,Southampton,Fulham,1556.35058594,1786.41247559,-230.06188965,0.2100966897188583
2024_2025,2025-04-26,Wolves,Leicester,1742.67199707,1597.28125,145.3907470700001,0.6978195980064884
2024_2025,2025-04-27,Bournemouth,Man United,1797.06848145,1786.09973145,10.96875,0.5157800578216076
2024_2025,2025-04-27,Liverpool,Tottenham,2015.68994141,1787.42565918,228.26428223000016,0.7881808683278142
2024_2025,2025-05-01,Nott'm Forest,Brentford,1810.08776855,1786.6895752,23.39819334999993,0.5336218927378082
2024_2025,2025-05-02,Man City,Wolves,1947.94482422,1752.0357666,195.9090576200001,0.7554221722130386
2024_2025,2025-05-03,Aston Villa,Fulham,1861.87670898,1793.71887207,68.15783691000001,0.5968478160554714
2024_2025,2025-05-03,Everton,Ipswich,1764.86413574,1602.53845215,162.32568358999993,0.7179715006287677
2024_2025,2025-05-03,Leicester,Southampton,1594.74694824,1555.87365723,38.87329101,0.5557108833745441
2024_2025,2025-05-03,Arsenal,Bournemouth,2003.61853027,1798.55358887,205.06494139999995,0.7650284703517692
2024_2025,2025-05-04,Brentford,Man United,1807.24951172,1807.66638184,-0.416870119999885,0.4994000759603744
2024_2025,2025-05-04,Brighton,Newcastle,1782.67834473,1871.20361328,-88.52526854999996,0.37528907916794335
2024_2025,2025-05-04,West Ham,Tottenham,1729.57397461,1790.1270752,-60.553100589999985,0.413728830941329
2024_2025,2025-05-04,Chelsea,Liverpool,1873.02966309,2023.49206543,-150.46240233999993,0.29605995353690123
2024_2025,2025-05-05,Crystal Palace,Nott'm Forest,1807.06835938,1802.0592041,5.009155279999959,0.5072082544827428
2024_2025,2025-05-10,Fulham,Everton,1790.89331055,1761.42810059,29.46520996000004,0.5423024763605158
2024_2025,2025-05-10,Ipswich,Brentford,1610.27001953,1815.93798828,-205.66796875,0.23434810244563498
2024_2025,2025-05-10,Southampton,Man City,1550.06408691,1952.7220459,-402.65795899,0.08965248155492138
2024_2025,2025-05-10,Wolves,Brighton,1751.55407715,1785.7545166,-34.200439449999976,0.4509399695629914
2024_2025,2025-05-10,Bournemouth,Aston Villa,1814.8416748,1868.9979248,-54.15625,0.4226880232243367
2024_2025,2025-05-11,Newcastle,Chelsea,1872.42285156,1890.35632324,-17.93347167999991,0.4742145554822892
2024_2025,2025-05-11,Man United,West Ham,1813.22668457,1731.84777832,81.37890625,0.6150179254919241
2024_2025,2025-05-11,Nott'm Forest,Leicester,1805.99658203,1604.85217285,201.1444091799999,0.7609473401159803
2024_2025,2025-05-11,Tottenham,Crystal Palace,1797.42932129,1807.42663574,-9.997314449999976,0.48561667745205256
2024_2025,2025-05-11,Liverpool,Arsenal,2010.98803711,1983.16674805,27.821289060000026,0.5399526952301931
2024_2025,2025-05-16,Aston Villa,Tottenham,1877.1484375,1784.57177734,92.57666016000007,0.6301625213137412
2024_2025,2025-05-16,Chelsea,Man United,1880.4395752,1797.17443848,83.2651367200001,0.6175855554669583
2024_2025,2025-05-18,Everton,Southampton,1776.22729492,1557.67175293,218.55554199000017,0.7787000373806048
2024_2025,2025-05-18,West Ham,Nott'm Forest,1747.89990234,1799.74768066,-51.84777832000009,0.4259340400850919
2024_2025,2025-05-18,Brentford,Fulham,1820.25439453,1776.09423828,44.16015625,0.5632115409079745
2024_2025,2025-05-18,Leicester,Ipswich,1611.10095215,1605.95361328,5.147338870000112,0.5074070741731221
2024_2025,2025-05-18,Arsenal,Newcastle,1985.46606445,1882.33959961,103.12646483999993,0.6442007311493937
2024_2025,2025-05-19,Brighton,Liverpool,1797.84008789,2008.6887207,-210.84863281000003,0.22903956451472093
2024_2025,2025-05-20,Crystal Palace,Wolves,1820.28417969,1739.46862793,80.81555176000006,0.6142498084884835
2024_2025,2025-05-20,Man City,Bournemouth,1945.11437988,1806.69116211,138.42321776999984,0.6892955712350367
2024_2025,2025-05-25,Bournemouth,Leicester,1801.60510254,1620.33691406,181.26818847999994,0.7395177514792182
2024_2025,2025-05-25,Fulham,Man City,1786.74633789,1950.20031738,-163.45397948999994,0.2807152022904108
2024_2025,2025-05-25,Ipswich,West Ham,1596.71765137,1739.7713623,-143.05371092999985,0.30502474085318915
2024_2025,2025-05-25,Liverpool,Crystal Palace,1996.72912598,1827.01525879,169.71386718999997,0.7265029189629341
2024_2025,2025-05-25,Man United,Aston Villa,1784.23620605,1883.37866211,-99.14245606000009,0.36107304599615325
2024_2025,2025-05-25,Newcastle,Everton,1878.10888672,1779.72644043,98.38244629000019,0.6379170397454267
2024_2025,2025-05-25,Nott'm Forest,Chelsea,1807.87634277,1885.09423828,-77.21789550999983,0.3906687719716047
2024_2025,2025-05-25,Southampton,Arsenal,1554.17260742,1989.69665527,-435.52404785,0.07536347657434332
2024_2025,2025-05-25,Tottenham,Brighton,1786.62524414,1809.79968262,-23.174438480000163,0.4666986742056758
2024_2025,2025-05-25,Wolves,Brentford,1732.73754883,1809.60229492,-76.86474609000015,0.39115280245652917
2025_2026,2025-08-15,Liverpool,Bournemouth,1993.43103027,1808.10119629,185.3298339800001,0.743996322536141
2025_2026,2025-08-16,Aston Villa,Newcastle,1872.84802246,1868.56933594,4.278686520000065,0.5061572136086426
2025_2026,2025-08-16,Brighton,Fulham,1827.1361084,1781.72644043,45.4096679700001,0.5649801809211284
2025_2026,2025-08-16,Sunderland,West Ham,1547.12036133,1750.14306641,-203.02270508000015,0.23709137781845152
2025_2026,2025-08-16,Tottenham,Burnley,1774.02441406,1729.60583496,44.41857909999999,0.5635774628001549
2025_2026,2025-08-16,Wolves,Man City,1735.77661133,1959.95581055,-224.1791992200001,0.21577171132914497
2025_2026,2025-08-17,Chelsea,Crystal Palace,1902.81799316,1835.04882812,67.76916503999996,0.5963093412759436
2025_2026,2025-08-17,Nott'm Forest,Brentford,1802.85314941,1811.29882812,-8.445678710000038,0.4878480847777479
2025_2026,2025-08-17,Man United,Arsenal,1799.50244141,1993.35766602,-193.85522460999982,0.24676879578686975
2025_2026,2025-08-18,Leeds,Everton,1722.36779785,1794.00158691,-71.63378906000003,0.39834703482751893
2025_2026,2025-08-22,West Ham,Chelsea,1729.26318359,1899.5769043,-170.3137207100001,0.27281151231037104
2025_2026,2025-08-23,Man City,Tottenham,1967.7454834,1783.94006348,183.80541992000008,0.7423213653187481
2025_2026,2025-08-23,Bournemouth,Wolves,1804.00744629,1727.96582031,76.04162597999994,0.607718189859409
2025_2026,2025-08-23,Brentford,Aston Villa,1801.46484375,1871.26782227,-69.8029785199999,0.4008755656103671
2025_2026,2025-08-23,Burnley,Sunderland,1719.66906738,1567.97912598,151.68994139999995,0.7054105942495486
2025_2026,2025-08-23,Arsenal,Leeds,1997.87084961,1731.203125,266.66772461000005,0.8227458577758054
2025_2026,2025-08-24,Crystal Palace,Nott'm Forest,1838.23461914,1812.66589355,25.568725589999985,0.5367300692921095
2025_2026,2025-08-24,Everton,Brighton,1785.1451416,1824.42749023,-39.282348630000115,0.44370782028023575
2025_2026,2025-08-24,Fulham,Man United,1784.41394043,1794.96813965,-10.5541992200001,0.48481595664384236
2025_2026,2025-08-25,Newcastle,Liverpool,1870.12841797,1997.50366211,-127.37524413999995,0.32448614132038867
2025_2026,2025-08-30,Chelsea,Fulham,1909.71728516,1783.54907227,126.16821289000018,0.6739889886510402
2025_2026,2025-08-30,Man United,Burnley,1796.20727539,1724.97485352,71.23242187000005,0.601099096202795
2025_2026,2025-08-30,Sunderland,Brentford,1563.04760742,1810.23303223,-247.18542480999986,0.19420521589498263
2025_2026,2025-08-30,Tottenham,Bournemouth,1802.90991211,1809.1998291,-6.289916989999938,0.4909490706032473
2025_2026,2025-08-30,Wolves,Everton,1723.14758301,1796.57739258,-73.42980956999986,0.39587181036952135
2025_2026,2025-08-30,Leeds,Newcastle,1727.07189941,1864.47583008,-137.4039306699999,0.3119624458640898
2025_2026,2025-08-31,Brighton,Man City,1813.36938477,1949.14978027,-135.78039550000017,0.3139719669939364
2025_2026,2025-08-31,Nott'm Forest,West Ham,1814.9185791,1719.49694824,95.42163086000005,0.6339710963217894
2025_2026,2025-08-31,Liverpool,Arsenal,2003.53051758,2002.37634277,1.1541748099998586,0.5016609849601695
2025_2026,2025-08-31,Aston Villa,Crystal Palace,1862.87390137,1836.96020508,25.91369629000019,0.5372238068081368
2025_2026,2025-09-13,Arsenal,Nott'm Forest,1995.59558105,1794.91601562,200.6795654299999,0.7604602447778515
2025_2026,2025-09-13,Bournemouth,Brighton,1818.21594238,1823.54284668,-5.326904300000024,0.4923345691130956
2025_2026,2025-09-13,Crystal Palace,Sunderland,1854.12866211,1576.12097168,278.00769043000014,0.8320660265181324
2025_2026,2025-09-13,Everton,Aston Villa,1804.04858398,1845.70544434,-41.65686035999988,0.440336583469068
2025_2026,2025-09-13,Fulham,Leeds,1777.98095703,1729.59655762,48.38439940999979,0.5691840786255474
2025_2026,2025-09-13,Newcastle,Wolves,1861.95117188,1715.67651367,146.27465820999987,0.6988914526853915
2025_2026,2025-09-13,West Ham,Tottenham,1739.49951172,1793.89379883,-54.39428710999982,0.42235368594609174
2025_2026,2025-09-13,Brentford,Chelsea,1797.1595459,1915.28540039,-118.12585448999994,0.3362641864094862
2025_2026,2025-09-14,Burnley,Liverpool,1719.71594238,2010.3112793,-290.59533692000014,0.15805105979799217
2025_2026,2025-09-14,Man City,Man United,1938.97631836,1801.46630859,137.51000977000012,0.6881686080831321
2025_2026,2025-09-20,Liverpool,Everton,2017.05004883,1805.39025879,211.65979003999996,0.7717839161792688
2025_2026,2025-09-20,Brighton,Tottenham,1818.08422852,1813.86254883,4.221679689999974,0.5060751864614197
2025_2026,2025-09-20,Burnley,Nott'm Forest,1718.40124512,1791.59020996,-73.18896483999993,0.39620342917854906
2025_2026,2025-09-20,West Ham,Crystal Palace,1727.65881348,1848.28527832,-120.62646484000015,0.33305904117516605
2025_2026,2025-09-20,Wolves,Leeds,1713.62145996,1725.39160156,-11.770141599999988,0.4830678815965465
2025_2026,2025-09-20,Man United,Chelsea,1796.44360352,1907.11767578,-110.67407226,0.3459043795071422
2025_2026,2025-09-20,Fulham,Brentford,1785.14868164,1800.67358398,-15.524902340000153,0.47767272774879665
2025_2026,2025-09-21,Bournemouth,Newcastle,1826.6373291,1858.89233398,-32.255004880000115,0.4537142158869469
2025_2026,2025-09-21,Sunderland,Aston Villa,1584.92712402,1847.32653809,-262.3994140699999,0.1808658238337206
2025_2026,2025-09-21,Arsenal,Man City,2009.17077637,1952.45751953,56.71325684000021,0.5808996784857031
2025_2026,2025-09-27,Brentford,Man United,1791.93933105,1807.52380371,-15.584472660000074,0.47758717076815005
2025_2026,2025-09-27,Chelsea,Brighton,1899.05236816,1818.20202637,80.8503417899999,0.6142972601848181
2025_2026,2025-09-27,Crystal Palace,Liverpool,1855.86730957,2021.2322998,-165.36499022999988,0.27849938017373954
2025_2026,2025-09-27,Leeds,Bournemouth,1739.43615723,1827.83520508,-88.39904784999999,0.37545944034890416
2025_2026,2025-09-27,Man City,Burnley,1956.75915527,1720.73608398,236.02307128999996,0.7955415032411604
2025_2026,2025-09-27,Nott'm Forest,Sunderland,1793.29650879,1592.02502441,201.27148437999995,0.7610803799736648
2025_2026,2025-09-27,Tottenham,Wolves,1816.75976562,1702.59191895,114.16784667000002,0.6586317913977907
2025_2026,2025-09-28,Aston Villa,Fulham,1847.1072998,1796.89782715,50.20947264999995,0.5717583892014495
2025_2026,2025-09-28,Newcastle,Arsenal,1860.70947266,2007.88415527,-147.17468261,0.3000193801609419
2025_2026,2025-09-29,Everton,West Ham,1804.22302246,1723.09179688,81.13122558000009,0.6146802906591101
2025_2026,2025-10-03,Bournemouth,Fulham,1827.15698242,1789.43701172,37.719970699999976,0.5540711271817954
2025_2026,2025-10-04,Leeds,Tottenham,1741.38708496,1811.21008301,-69.82299805000002,0.40084788783177605
2025_2026,2025-10-04,Arsenal,West Ham,2015.59399414,1727.18334961,288.4106445299999,0.840268221347701
2025_2026,2025-10-04,Man United,Sunderland,1797.90136719,1606.57946777,191.3218994199999,0.7505106071803472
2025_2026,2025-10-04,Chelsea,Liverpool,1887.81811523,1997.35180664,-109.53369140999985,0.34739113960043505
2025_2026,2025-10-05,Aston Villa,Burnley,1865.17272949,1716.59802246,148.5747070299999,0.7016703793749659
2025_2026,2025-10-05,Everton,Crystal Palace,1801.4041748,1870.50134277,-69.0971679700001,0.40185177910302716
2025_2026,2025-10-05,Newcastle,Nott'm Forest,1872.67346191,1766.48339844,106.19006347000004,0.6482325366278685
2025_2026,2025-10-05,Wolves,Brighton,1707.45385742,1834.5670166,-127.11315917999991,0.3248169242921724
2025_2026,2025-10-05,Brentford,Man City,1802.83447266,1958.74499512,-155.91052246000004,0.28956593590776936
2025_2026,2025-10-18,Nott'm Forest,Chelsea,1760.2434082,1897.49633789,-137.25292968999997,0.31214904983719044
2025_2026,2025-10-18,Brighton,Newcastle,1832.16357422,1878.91345215,-46.74987792999991,0.4331246368333251
2025_2026,2025-10-18,Burnley,Leeds,1712.84423828,1734.20288086,-21.35864258000015,0.4693011050696267
2025_2026,2025-10-18,Crystal Palace,Bournemouth,1861.4609375,1835.78735352,25.673583980000103,0.5368801549799505
2025_2026,2025-10-18,Man City,Everton,1963.80517578,1810.44458008,153.36059569999998,0.707405126085966
2025_2026,2025-10-18,Sunderland,Wolves,1602.29650879,1709.85742188,-107.56091308999999,0.349970157303686
2025_2026,2025-10-18,Fulham,Arsenal,1780.8067627,2018.11804199,-237.3112792899999,0.20325496666917292
2025_2026,2025-10-19,Tottenham,Aston Villa,1818.39428711,1868.92663574,-50.53234862999989,0.4277865862782875
2025_2026,2025-10-19,Liverpool,Man United,1987.67358398,1802.18432617,185.48925781000003,0.7441710771545037
2025_2026,2025-10-20,West Ham,Brentford,1724.65930176,1797.77429199,-73.11499022999988,0.3963053039021543
2025_2026,2025-10-24,Leeds,West Ham,1726.04870605,1717.0859375,8.962768549999964,0.5128956003183643
2025_2026,2025-10-25,Chelsea,Sunderland,1912.46557617,1618.60925293,293.85632324000017,0.8444309091964345
2025_2026,2025-10-25,Newcastle,Fulham,1880.47375488,1779.72216797,100.75158690999979,0.641061137302424
2025_2026,2025-10-25,Man United,Brighton,1818.09741211,1842.79418945,-24.696777339999926,0.46451822104587936
2025_2026,2025-10-25,Brentford,Liverpool,1810.48779297,1985.5670166,-175.0792236299999,0.26740336153529104
2025_2026,2025-10-26,Arsenal,Crystal Palace,2029.79077148,1845.27978516,184.51098632000003,0.7430974982997416
2025_2026,2025-10-26,Aston Villa,Man City,1864.16833496,1979.13842773,-114.97009277000006,0.34033065566154996
2025_2026,2025-10-26,Bournemouth,Nott'm Forest,1840.34301758,1761.06872559,79.27429198999994,0.6121454471553199
2025_2026,2025-10-26,Wolves,Burnley,1698.68481445,1726.1385498,-27.453735349999988,0.46057292402148836
2025_2026,2025-10-26,Everton,Tottenham,1807.93347168,1813.79736328,-5.863891599999988,0.4915619828218325
2025_2026,2025-11-01,Brighton,Leeds,1832.26477051,1732.74841309,99.51635742000008,0.639423350847141
2025_2026,2025-11-01,Burnley,Arsenal,1734.79858398,2032.83374023,-298.03515625,0.15243512750322438
2025_2026,2025-11-01,Crystal Palace,Brentford,1842.23681641,1821.59973145,20.63708496000004,0.529664274067619
2025_2026,2025-11-01,Fulham,Wolves,1775.25646973,1690.02478027,85.23168945999987,0.6202555499899647
2025_2026,2025-11-01,Nott'm Forest,Man United,1753.99328613,1828.62695312,-74.63366699000017,0.3942156613301382
2025_2026,2025-11-01,Tottenham,Chelsea,1829.7097168,1896.61755371,-66.90783691000001,0.40488478755878093
2025_2026,2025-11-01,Liverpool,Aston Villa,1974.45507812,1873.86120605,100.59387207000009,0.6408522058701419
2025_2026,2025-11-02,West Ham,Newcastle,1710.38623047,1884.9395752,-174.55334472999994,0.2679968042425723
2025_2026,2025-11-02,Man City,Bournemouth,1969.44555664,1847.4185791,122.02697753999996,0.6687293598177967
2025_2026,2025-11-03,Sunderland,Everton,1634.45739746,1792.02111816,-157.56372069999998,0.28761213748395636
2025_2026,2025-11-08,Tottenham,Man United,1831.65100098,1832.8482666,-1.1972656200000529,0.49827700308956796
2025_2026,2025-11-08,Everton,Fulham,1793.98608398,1788.52429199,5.461791990000165,0.5078595030873512
2025_2026,2025-11-08,West Ham,Burnley,1731.1081543,1735.8416748,-4.7335204999999405,0.49318833786240357
2025_2026,2025-11-08,Sunderland,Arsenal,1642.50671387,2046.10656738,-403.5998535099998,0.08921095050809445
2025_2026,2025-11-08,Chelsea,Wolves,1902.65515137,1686.77124023,215.88391114,0.7760384511177654
2025_2026,2025-11-09,Aston Villa,Bournemouth,1873.83691406,1846.75256348,27.08435058000009,0.538898749867819
2025_2026,2025-11-09,Brentford,Newcastle,1817.65319824,1878.55725098,-60.90405274,0.4132388918476212
2025_2026,2025-11-09,Crystal Palace,Brighton,1858.84716797,1844.8873291,13.959838870000112,0.520079018998482
2025_2026,2025-11-09,Nott'm Forest,Leeds,1755.3770752,1730.14013672,25.236938479999935,0.5362551327549276
2025_2026,2025-11-09,Man City,Liverpool,1985.60095215,1990.91760254,-5.31665038999995,0.49234932221414757
2025_2026,2025-11-22,Burnley,Chelsea,1728.8470459,1906.93554688,-178.08850097999994,0.26402354965908453
2025_2026,2025-11-22,Bournemouth,West Ham,1834.43347168,1738.1027832,96.33068847999994,0.6351845594816218
2025_2026,2025-11-22,Brighton,Brentford,1846.72033691,1829.36022949,17.360107420000077,0.5249624322226067
2025_2026,2025-11-22,Fulham,Sunderland,1778.9276123,1650.20581055,128.72180174999994,0.6772106109286042
2025_2026,2025-11-22,Liverpool,Nott'm Forest,1979.05737305,1764.13635254,214.92102051000006,0.7750736156880403
2025_2026,2025-11-22,Wolves,Crystal Palace,1682.49084473,1857.01403809,-174.52319336000005,0.26803085469032834
2025_2026,2025-11-22,Newcastle,Man City,1866.85021973,1997.46118164,-130.61096191000001,0.32041677519894324
2025_2026,2025-11-23,Leeds,Aston Villa,1721.38098145,1886.15612793,-164.77514647999988,0.2791821588559194
2025_2026,2025-11-23,Arsenal,Tottenham,2038.40734863,1830.27880859,208.12854003999996,0.7681837952228173
2025_2026,2025-11-24,Man United,Everton,1834.22058105,1803.58276367,30.637817379999888,0.5439774302062779
2025_2026,2025-11-29,Brentford,Burnley,1810.5123291,1709.12878418,101.38354492000008,0.6418977810483928
2025_2026,2025-11-29,Man City,Leeds,1956.2824707,1703.43713379,252.84533691000001,0.8108426426096729
2025_2026,2025-11-29,Sunderland,Bournemouth,1633.62524414,1817.69641113,-184.07116698999994,0.25738612953715045
2025_2026,2025-11-29,Everton,Newcastle,1801.13500977,1855.70959473,-54.57458496000004,0.4221004942230904
2025_2026,2025-11-29,Tottenham,Fulham,1809.21411133,1770.1328125,39.08129882999992,0.5560064945955961
2025_2026,2025-11-30,Crystal Palace,Man United,1841.87487793,1811.29296875,30.58190917999991,0.5438975931401198
2025_2026,2025-11-30,Aston Villa,Wolves,1879.5559082,1662.70849609,216.84741211000005,0.7770009473646068
2025_2026,2025-11-30,Nott'm Forest,Brighton,1777.98937988,1840.19311523,-62.203735350000215,0.41142600091824166
2025_2026,2025-11-30,West Ham,Liverpool,1729.46459961,1918.48828125,-189.02368163999995,0.25197476339983826
2025_2026,2025-11-30,Chelsea,Arsenal,1912.05969238,2037.3527832,-125.29309082000009,0.3271188826338735
2025_2026,2025-12-02,Bournemouth,Everton,1806.24133301,1787.19750977,19.043823240000165,0.5273788510528098
2025_2026,2025-12-02,Fulham,Man City,1780.63500977,1958.28955078,-177.65454101,0.26450924933301245
2025_2026,2025-12-02,Newcastle,Tottenham,1869.64709473,1798.71191406,70.93518066999991,0.6006887496152674
2025_2026,2025-12-03,Arsenal,Brentford,2035.26708984,1816.66113281,218.6059570299999,0.7787500445441072
2025_2026,2025-12-03,Brighton,Aston Villa,1851.00244141,1882.00842285,-31.005981439999914,0.4554968871131773
2025_2026,2025-12-03,Burnley,Crystal Palace,1702.97998047,1831.69250488,-128.7125244099998,0.3228010632486918
2025_2026,2025-12-03,Wolves,Nott'm Forest,1660.25598145,1767.17993164,-106.92395018999991,0.35080474625414343
2025_2026,2025-12-03,Leeds,Chelsea,1701.43005371,1914.14550781,-212.7154541,0.2271475079035959
2025_2026,2025-12-03,Liverpool,Sunderland,1925.00073242,1645.08044434,279.9202880800001,0.8335988298008311
2025_2026,2025-12-04,Man United,West Ham,1821.4753418,1722.95202637,98.52331542999991,0.6381043214093105
2025_2026,2025-12-06,Aston Villa,Arsenal,1890.53491211,2038.73071289,-148.1958007799999,0.29878640147760094
2025_2026,2025-12-06,Bournemouth,Chelsea,1796.37780762,1896.87219238,-100.49438475999978,0.3592796166149529
2025_2026,2025-12-06,Everton,Nott'm Forest,1797.06103516,1773.69104004,23.369995120000112,0.5335814954963948
2025_2026,2025-12-06,Man City,Sunderland,1963.13427734,1652.4675293,310.6667480399999,0.8567238262208007
2025_2026,2025-12-06,Newcastle,Burnley,1866.28564453,1696.84777832,169.4378662099998,0.7261871186144292
2025_2026,2025-12-06,Tottenham,Brentford,1802.07348633,1813.1973877,-11.123901370000112,0.4839968869638096
2025_2026,2025-12-06,Leeds,Liverpool,1718.70336914,1917.61364746,-198.9102783200001,0.24139994805338083
2025_2026,2025-12-07,Brighton,West Ham,1842.47595215,1726.95361328,115.52233887000011,0.6603826817082153
2025_2026,2025-12-07,Fulham,Crystal Palace,1775.79040527,1837.82470703,-62.034301759999835,0.4116622039692621
2025_2026,2025-12-08,Wolves,Man United,1653.74487305,1817.47375488,-163.72888182999986,0.2803957910620396
2025_2026,2025-12-13,Chelsea,Everton,1895.7467041,1817.23974609,78.50695801000006,0.6110961992162149
2025_2026,2025-12-13,Liverpool,Brighton,1933.28088379,1847.01550293,86.26538086000005,0.6216560939908099
2025_2026,2025-12-13,Burnley,Fulham,1702.69262695,1777.05541992,-74.3627929700001,0.39458809292698976
2025_2026,2025-12-13,Arsenal,Wolves,2042.26818848,1653.78967285,388.47851562999995,0.9034589264076849
2025_2026,2025-12-14,Crystal Palace,Man City,1855.57421875,1983.80932617,-128.23510742000008,0.32340212080910197
2025_2026,2025-12-14,Nott'm Forest,Tottenham,1776.15942383,1826.74438477,-50.584960939999974,0.42771245205134883
2025_2026,2025-12-14,Sunderland,Newcastle,1658.86755371,1880.37744141,-221.50988770000004,0.2183831767194903
2025_2026,2025-12-14,West Ham,Aston Villa,1740.51928711,1912.16601562,-171.64672851,0.2712918765749367
2025_2026,2025-12-14,Brentford,Leeds,1812.33117676,1731.86047363,80.47070313000017,0.6137793365247006
2025_2026,2025-12-15,Man United,Bournemouth,1835.53405762,1806.9473877,28.586669920000077,0.5410469396881251
2025_2026,2025-12-20,Newcastle,Chelsea,1865.23840332,1899.90283203,-34.66442870999981,0.4502787510209678
2025_2026,2025-12-20,Bournemouth,Burnley,1806.58544922,1692.43041992,114.15502930000002,0.6586152021969716
2025_2026,2025-12-20,Brighton,Sunderland,1837.91369629,1668.48803711,169.4256591799999,0.7261731460851539
2025_2026,2025-12-20,Man City,West Ham,1991.73791504,1732.64660645,259.0913085899999,0.8162957292587166
2025_2026,2025-12-20,Wolves,Brentford,1650.10961914,1805.83740234,-155.72778319999998,0.289782384574004
2025_2026,2025-12-20,Tottenham,Liverpool,1810.29870605,1936.86425781,-126.56555176000006,0.3255086354067929
2025_2026,2025-12-20,Everton,Arsenal,1807.56518555,2040.42980957,-232.86462402000006,0.20743170431684807
2025_2026,2025-12-20,Leeds,Crystal Palace,1732.83557129,1832.61279297,-99.77722168000014,0.36023049832739984
2025_2026,2025-12-21,Aston Villa,Man United,1914.5201416,1830.37744141,84.14270018999991,0.6187779139164178
2025_2026,2025-12-22,Fulham,Nott'm Forest,1781.79919434,1787.08666992,-5.287475580000091,0.49239129836437895
2025_2026,2025-12-26,Man United,Newcastle,1825.93054199,1864.63330078,-38.70275878999996,0.4445314986659946
2025_2026,2025-12-27,Nott'm Forest,Man City,1780.4708252,1994.96801758,-214.4971923799999,0.22535200249444215
2025_2026,2025-12-27,Arsenal,Brighton,2044.44213867,1832.21044922,212.23168944999998,0.7723632495126287
2025_2026,2025-12-27,Brentford,Bournemouth,1813.51647949,1802.05187988,11.46459961000005,0.5164928994204977
2025_2026,2025-12-27,Burnley,Everton,1696.96398926,1803.55285645,-106.58886718999997,0.3512441601171503
2025_2026,2025-12-27,Liverpool,Wolves,1942.93591309,1642.43054199,300.50537110000005,0.8493929728728602
2025_2026,2025-12-27,West Ham,Fulham,1729.41662598,1788.41491699,-58.99829101,0.41590143104057764
2025_2026,2025-12-27,Chelsea,Aston Villa,1900.50793457,1918.96704102,-18.45910644999981,0.4734601774940298
2025_2026,2025-12-28,Sunderland,Leeds,1674.19128418,1748.78808594,-74.59680176000006,0.39426634106197755
2025_2026,2025-12-28,Crystal Palace,Tottenham,1816.66027832,1804.22692871,12.43334961000005,0.5178853941410795
2025_2026,2025-12-30,Burnley,Newcastle,1698.24462891,1857.26745605,-159.0228271399999,0.2858942694709424
2025_2026,2025-12-30,Chelsea,Bournemouth,1891.30847168,1791.4543457,99.85412597999994,0.6398715212345277
2025_2026,2025-12-30,Nott'm Forest,Everton,1776.14196777,1802.27233887,-26.130371100000048,0.46246611575781993
2025_2026,2025-12-30,West Ham,Brighton,1721.38195801,1829.82409668,-108.44213866999985,0.34881703394262414
2025_2026,2025-12-30,Arsenal,Aston Villa,2046.82849121,1928.16650391,118.66198729999996,0.6644242822911041
2025_2026,2025-12-30,Man United,Wolves,1833.29650879,1640.97424316,192.32226562999995,0.7515873113108877
2025_2026,2026-01-01,Crystal Palace,Fulham,1806.82299805,1796.44970703,10.373291020000124,0.5149239315369674
2025_2026,2026-01-01,Liverpool,Leeds,1944.39233398,1748.40881348,195.98352050000017,0.7555013593762435
2025_2026,2026-01-01,Brentford,Tottenham,1824.11401367,1814.06420898,10.049804689999974,0.5144587992364834
2025_2026,2026-01-01,Sunderland,Man City,1674.57055664,1999.296875,-324.72631836000005,0.1336256391635211
2025_2026,2026-01-03,Aston Villa,Nott'm Forest,1921.3717041,1763.25,158.1217041,0.7130455266424197
2025_2026,2026-01-03,Brighton,Burnley,1828.42419434,1690.39318848,138.03100586000005,0.6888118280366826
2025_2026,2026-01-03,Wolves,West Ham,1647.17260742,1722.78186035,-75.60925292999991,0.3928753241128811
2025_2026,2026-01-03,Bournemouth,Arsenal,1795.74389648,2053.62329102,-257.87939454,0.18475273081454724
2025_2026,2026-01-04,Leeds,Man United,1754.64135742,1827.09802246,-72.45666503999996,0.39721231706800864
2025_2026,2026-01-04,Everton,Brentford,1815.16430664,1822.18676758,-7.022460939999974,0.48989524234125026
2025_2026,2026-01-04,Newcastle,Crystal Palace,1865.11877441,1804.88696289,60.231811520000065,0.5858224906726068
2025_2026,2026-01-04,Tottenham,Sunderland,1815.99145508,1681.03063965,134.9608154299999,0.6850109407540721
2025_2026,2026-01-04,Fulham,Liverpool,1798.38574219,1938.15966797,-139.77392578000013,0.3090416702437672
2025_2026,2026-01-04,Man City,Chelsea,1992.83679199,1887.01904297,105.81774901999984,0.6477436705412843
2025_2026,2026-01-06,West Ham,Nott'm Forest,1708.14416504,1758.73254395,-50.588378910000074,0.4277076360176535
2025_2026,2026-01-07,Bournemouth,Tottenham,1792.21618652,1810.89196777,-18.67578125,0.47314924626130245
2025_2026,2026-01-07,Brentford,Sunderland,1835.69641113,1686.13000488,149.56640625,0.7028639944821873
2025_2026,2026-01-07,Crystal Palace,Aston Villa,1797.63623047,1925.88916016,-128.25292968999997,0.32337967246333216
2025_2026,2026-01-07,Everton,Wolves,1801.65466309,1661.8104248,139.84423829000002,0.6910447516196946
2025_2026,2026-01-07,Fulham,Chelsea,1800.62805176,1891.47155762,-90.84350586000005,0.3721656619071495
2025_2026,2026-01-07,Man City,Brighton,1988.38415527,1833.43518066,154.94897461000005,0.7092940692484186
2025_2026,2026-01-07,Burnley,Man United,1685.38220215,1826.75476074,-141.37255858999993,0.30708008245971447
2025_2026,2026-01-07,Newcastle,Leeds,1872.36950684,1754.98461914,117.38488770000004,0.6627831642697293
2025_2026,2026-01-08,Arsenal,Liverpool,2057.15087891,1935.91748047,121.23339843999975,0.6677165838667646
2025_2026,2026-01-17,Man United,Man City,1824.42858887,1982.90136719,-158.47277831999986,0.28654114252626023
2025_2026,2026-01-17,Chelsea,Brentford,1882.60693359,1841.53430176,41.072631829999864,0.5588344502061616
2025_2026,2026-01-17,Leeds,Fulham,1751.14904785,1809.49267578,-58.34362792999991,0.41681720281117024
2025_2026,2026-01-17,Liverpool,Burnley,1940.71777344,1687.70825195,253.00952149,0.8109875599249308
2025_2026,2026-01-17,Sunderland,Crystal Palace,1680.29211426,1799.60229492,-119.31018066000001,0.3347442805500799
2025_2026,2026-01-17,Tottenham,West Ham,1803.93261719,1699.84411621,104.08850097999994,0.64546904157603
2025_2026,2026-01-17,Nott'm Forest,Arsenal,1767.03271484,2052.35058594,-285.3178711000003,0.1621358118542326
2025_2026,2026-01-18,Wolves,Newcastle,1666.98193359,1876.20507812,-209.22314453000013,0.23069602648440363
2025_2026,2026-01-18,Aston Villa,Everton,1923.92321777,1796.4831543,127.44006347000004,0.6755956415229404
2025_2026,2026-01-19,Brighton,Bournemouth,1838.91809082,1799.17553711,39.74255371000004,0.5569459755246938
2025_2026,2026-01-24,West Ham,Sunderland,1716.7791748,1695.03820801,21.740966789999902,0.5312469923288554
2025_2026,2026-01-24,Burnley,Tottenham,1699.84411621,1807.60974121,-107.765625,0.3497021255238917
2025_2026,2026-01-24,Fulham,Brighton,1806.49987793,1841.14562988,-34.645751949999976,0.45030536338980165
2025_2026,2026-01-24,Man City,Wolves,1953.93139648,1676.03271484,277.8986816400002,0.831978325615994
2025_2026,2026-01-24,Bournemouth,Liverpool,1806.89758301,1948.87634277,-141.97875976,0.3063380644462765
2025_2026,2026-01-25,Brentford,Nott'm Forest,1838.73706055,1769.27941895,69.45764159999999,0.5986468932735866
2025_2026,2026-01-25,Crystal Palace,Chelsea,1794.8059082,1896.34716797,-101.54125977000012,0.35789355607203593
2025_2026,2026-01-25,Newcastle,Aston Villa,1884.41137695,1920.99438477,-36.58300781999992,0.4475465254332164
2025_2026,2026-01-25,Arsenal,Man United,2061.98339844,1844.1784668,217.80493164000018,0.7779545429411127
2025_2026,2026-01-26,Everton,Leeds,1814.3614502,1764.09155273,50.26989746999993,0.5718435542950432
2025_2026,2026-01-31,Brighton,Everton,1842.34423828,1820.11987305,22.224365229999876,0.5319398809880135
2025_2026,2026-01-31,Leeds,Arsenal,1775.70922852,2056.45019531,-280.7409667899999,0.16574689926759822
2025_2026,2026-01-31,Wolves,Bournemouth,1682.27380371,1825.75817871,-143.484375,0.30449946352660684
2025_2026,2026-01-31,Chelsea,West Ham,1922.71057129,1734.27392578,188.43664551000006,0.7473877698114829
2025_2026,2026-01-31,Liverpool,Newcastle,1949.25231934,1885.6027832,63.64953614000001,0.5905878829552385
2025_2026,2026-02-01,Aston Villa,Brentford,1942.45849609,1831.42785645,111.03063963999989,0.6545598760542042
2025_2026,2026-02-01,Man United,Fulham,1867.16467285,1822.67736816,44.487304689999974,0.5636747653077323
2025_2026,2026-02-01,Nott'm Forest,Crystal Palace,1796.7520752,1793.58190918,3.1701660200001243,0.5045621090305697
2025_2026,2026-02-01,Tottenham,Man City,1824.87744141,1967.46411133,-142.58666991999985,0.3055949610251514
2025_2026,2026-02-02,Sunderland,Burnley,1694.91931152,1710.04553223,-15.12622070999987,0.4782453617543607
2025_2026,2026-02-06,Leeds,Nott'm Forest,1769.64257812,1795.25085449,-25.608276369999885,0.46321332018639405
2025_2026,2026-02-07,Man United,Tottenham,1872.81311035,1827.49755859,45.31555176000006,0.5648470197324952
2025_2026,2026-02-07,Arsenal,Sunderland,2062.51660156,1707.78369141,354.7329101499997,0.8851374530207451
2025_2026,2026-02-07,Bournemouth,Aston Villa,1833.76049805,1930.51379395,-96.75329590000001,0.3642519028596386
2025_2026,2026-02-07,Burnley,West Ham,1697.18115234,1731.49584961,-34.314697270000124,0.4507771276623016
2025_2026,2026-02-07,Fulham,Everton,1817.02905273,1822.26306152,-5.234008789999962,0.492468225621855
2025_2026,2026-02-07,Wolves,Chelsea,1674.27148438,1925.48876953,-251.21728514999995,0.19059896661349987
2025_2026,2026-02-07,Newcastle,Brentford,1876.71875,1843.37255859,33.346191410000074,0.5478422130780809
2025_2026,2026-02-08,Brighton,Crystal Palace,1840.2010498,1795.08300781,45.11804198999994,0.5645675408109404
2025_2026,2026-02-08,Liverpool,Man City,1958.13623047,1964.84399414,-6.707763669999849,0.49034795131141773
2025_2026,2026-02-10,Chelsea,Leeds,1930.44384766,1780.1907959,150.25305176000006,0.7036888277983844
2025_2026,2026-02-10,Everton,Bournemouth,1831.6126709,1835.06213379,-3.4494628899999498,0.4950359869601119
2025_2026,2026-02-10,Tottenham,Newcastle,1819.65930176,1866.62158203,-46.96228026999984,0.43282445811363274
2025_2026,2026-02-10,West Ham,Man United,1743.59191895,1880.65136719,-137.05944823999994,0.3123882393963785
2025_2026,2026-02-11,Aston Villa,Brighton,1929.2121582,1829.52319336,99.68896483999993,0.6396524065208491
2025_2026,2026-02-11,Crystal Palace,Burnley,1805.76086426,1685.08508301,120.67578125,0.6670040160976858
2025_2026,2026-02-11,Man City,Fulham,1973.92297363,1807.67932129,166.24365233999993,0.7225158191618023
2025_2026,2026-02-11,Nott'm Forest,Wolves,1784.70275879,1669.31628418,115.38647461000005,0.6602072529109363
2025_2026,2026-02-11,Sunderland,Liverpool,1705.72741699,1949.05725098,-243.32983399,0.19770202258609682
2025_2026,2026-02-12,Brentford,Arsenal,1853.46984863,2064.57299805,-211.10314942000014,0.22878095650331953
2025_2026,2026-02-18,Wolves,Arsenal,1673.60400391,2060.09692383,-386.49291991999985,0.09754261684244568
2025_2026,2026-02-21,Aston Villa,Leeds,1937.10717773,1788.71069336,148.39648437000005,0.7014555775510563
2025_2026,2026-02-21,Brentford,Brighton,1861.32568359,1828.38757324,32.93811034999999,0.5472602488970675
2025_2026,2026-02-21,Chelsea,Burnley,1928.68334961,1700.79211426,227.89123535,0.7878221291070897
2025_2026,2026-02-21,West Ham,Bournemouth,1749.50292969,1847.69812012,-98.19519043000014,0.3623319766442085
2025_2026,2026-02-21,Man City,Newcastle,1982.92333984,1879.61865234,103.3046875,0.6444358462918018
2025_2026,2026-02-22,Crystal Palace,Wolves,1796.59033203,1684.55932617,112.03100585999982,0.6558607922124916
2025_2026,2026-02-22,Nott'm Forest,Liverpool,1794.06103516,1956.0267334,-161.96569823999994,0.28244829390744863
2025_2026,2026-02-22,Sunderland,Fulham,1705.51733398,1805.43847656,-99.92114257999992,0.3600395863112038
2025_2026,2026-02-22,Tottenham,Arsenal,1815.13061523,2055.90112305,-240.77050781999992,0.20004926947432466
2025_2026,2026-02-23,Everton,Man United,1825.73608398,1881.49963379,-55.76354980999986,0.4204318655023559
2025_2026,2026-02-27,Wolves,Aston Villa,1680.27709961,1932.24182129,-251.9647216799999,0.18993608513520022
2025_2026,2026-02-28,Bournemouth,Sunderland,1846.29614258,1696.41003418,149.8861084,0.7032482017703945
2025_2026,2026-02-28,Burnley,Brentford,1707.48461914,1847.69799805,-140.21337891000007,0.30850175301674776
2025_2026,2026-02-28,Liverpool,West Ham,1961.19848633,1751.22119141,209.97729491999985,0.770073535530917
2025_2026,2026-02-28,Newcastle,Everton,1876.22631836,1818.29833984,57.927978520000124,0.5826010698910347
2025_2026,2026-02-28,Leeds,Man City,1793.89245605,1987.46484375,-193.57238770000004,0.24707154939324874
2025_2026,2026-03-01,Brighton,Nott'm Forest,1842.33166504,1788.25158691,54.08007812999995,0.5772049738775606
2025_2026,2026-03-01,Fulham,Tottenham,1814.86218262,1809.24377441,5.618408210000098,0.5080848346431807
2025_2026,2026-03-01,Man United,Crystal Palace,1889.25378418,1801.859375,87.39440917999991,0.6231834936761809
2025_2026,2026-03-01,Arsenal,Chelsea,2062.10424805,1922.30725098,139.7969970700001,0.6909866884001865
2025_2026,2026-03-03,Bournemouth,Brentford,1841.30322266,1853.22045898,-11.917236320000029,0.48285644108120596
2025_2026,2026-03-03,Everton,Burnley,1829.09985352,1701.96203613,127.13781739000001,0.6752142048133561
2025_2026,2026-03-03,Leeds,Sunderland,1789.59423828,1701.4029541,88.19128417999991,0.6242600720793389
2025_2026,2026-03-03,Wolves,Liverpool,1699.14001465,1965.82727051,-266.68725586000005,0.1772377464444868
2025_2026,2026-03-04,Aston Villa,Chelsea,1913.37878418,1918.39746094,-5.018676760000062,0.4927780458593499
2025_2026,2026-03-04,Brighton,Arsenal,1848.19030762,2066.01391602,-217.8236084,0.2220268858416428
2025_2026,2026-03-04,Fulham,West Ham,1821.75634766,1746.59240723,75.16394043000014,0.606513069152798
2025_2026,2026-03-04,Man City,Nott'm Forest,1991.76306152,1782.39282227,209.37023925000017,0.769454215677259
2025_2026,2026-03-04,Newcastle,Man United,1865.42480469,1894.28833008,-28.86352538999995,0.4585573443945409
2025_2026,2026-03-05,Tottenham,Crystal Palace,1802.34960938,1796.8248291,5.524780279999959,0.5079501278662727
2025_2026,2026-03-14,Burnley,Bournemouth,1681.56542969,1826.1706543,-144.60522461000005,0.3031347607747561
2025_2026,2026-03-14,Sunderland,Brighton,1698.42016602,1829.94897461,-131.52880859000015,0.31926737611880424
2025_2026,2026-03-14,Arsenal,Everton,2055.61938477,1820.73400879,234.88537598000016,0.794474195842743
2025_2026,2026-03-14,Chelsea,Newcastle,1907.47912598,1856.76379395,50.7153320299999,0.5724712354490087
2025_2026,2026-03-14,West Ham,Man City,1743.13427734,1956.81262207,-213.67834473000016,0.2261759251117918
2025_2026,2026-03-15,Crystal Palace,Leeds,1792.42858887,1763.8145752,28.614013670000077,0.5410860250538666
2025_2026,2026-03-15,Man United,Aston Villa,1872.24609375,1886.94189453,-14.6958007799999,0.4788636462308773
2025_2026,2026-03-15,Nott'm Forest,Fulham,1764.47875977,1796.4519043,-31.973144530000127,0.45411639961130795
2025_2026,2026-03-15,Liverpool,Tottenham,1934.18701172,1765.69445801,168.49255371000004,0.7251037722893429
2025_2026,2026-03-16,Brentford,Wolves,1839.59057617,1698.38562012,141.20495604999996,0.6927145878294726
2025_2026,2026-03-20,Bournemouth,Man United,1821.45068359,1881.23486328,-59.784179689999974,0.41480286201902566
2025_2026,2026-03-21,Brighton,Liverpool,1833.96081543,1935.96008301,-101.99926758000015,0.357287899334691
2025_2026,2026-03-21,Fulham,Burnley,1794.84594727,1682.90808105,111.93786621999993,0.655739767973793
2025_2026,2026-03-21,Everton,Chelsea,1815.48413086,1884.6348877,-69.15075683999999,0.40177763239821185
2025_2026,2026-03-21,Leeds,Brentford,1763.93237305,1833.22216797,-69.28979492000008,0.4015852773013565
2025_2026,2026-03-22,Newcastle,Sunderland,1853.38220215,1691.03100586,162.35119628999996,0.7180012377154399
2025_2026,2026-03-22,Aston Villa,West Ham,1878.95031738,1746.15893555,132.79138182999986,0.6823101311894831
2025_2026,2026-03-22,Tottenham,Nott'm Forest,1768.62036133,1768.83850098,-0.2181396500000119,0.49968607184982494
2025_2026,2026-04-10,West Ham,Wolves,1743.26428223,1704.16503906,39.09924316999991,0.5560319944180077
2025_2026,2026-04-11,Arsenal,Bournemouth,2066.52294922,1824.93652344,241.58642578000013,0.8007012987852523
2025_2026,2026-04-11,Brentford,Everton,1835.06774902,1833.92370605,1.1440429700001005,0.5016464042298258
2025_2026,2026-04-11,Burnley,Brighton,1679.38952637,1846.35693359,-166.9674072199998,0.27664967431929854
2025_2026,2026-04-11,Liverpool,Fulham,1922.09899902,1803.94128418,118.15771484000015,0.6637767461653359
2025_2026,2026-04-12,Crystal Palace,Newcastle,1803.21594238,1843.05114746,-39.83520508000015,0.4429224219877736
2025_2026,2026-04-12,Nott'm Forest,Aston Villa,1789.80651855,1892.05090332,-102.24438477000012,0.35696395026669014
2025_2026,2026-04-12,Sunderland,Tottenham,1706.9387207,1755.78369141,-48.8449707100001,0.43016591569707846
2025_2026,2026-04-12,Chelsea,Man City,1871.77209473,1943.74267578,-71.97058104999996,0.3978824774255624
2025_2026,2026-04-13,Man United,Leeds,1883.32580566,1767.66345215,115.66235351,0.6605634234610112
2025_2026,2026-04-18,Brentford,Fulham,1835.10778809,1799.00646973,36.10131836000005,0.5517677974877707
2025_2026,2026-04-18,Leeds,Wolves,1780.45568848,1692.96472168,87.49096680000002,0.6233140080560651
2025_2026,2026-04-18,Newcastle,Bournemouth,1835.92236328,1840.45251465,-4.530151370000112,0.49348095754847854
2025_2026,2026-04-18,Tottenham,Brighton,1748.36499023,1854.32983398,-105.96484375,0.35206315022420165
2025_2026,2026-04-18,Chelsea,Man United,1860.85046387,1872.76281738,-11.912353509999775,0.4828634597521342
2025_2026,2026-04-19,Aston Villa,Sunderland,1895.75622559,1716.58666992,179.1695556699999,0.737183906179929
2025_2026,2026-04-19,Everton,Liverpool,1836.11279297,1918.70617676,-82.59338378999996,0.38332812356682977
2025_2026,2026-04-19,Nott'm Forest,Burnley,1801.40734863,1673.64575195,127.76159667999991,0.6760011629463922
2025_2026,2026-04-19,Man City,Arsenal,1956.89355469,2053.80786133,-96.91430663999995,0.36403729640909377
2025_2026,2026-04-20,Crystal Palace,West Ham,1813.56311035,1756.69384766,56.869262689999914,0.5811182955869487
2025_2026,2026-04-21,Brighton,Chelsea,1852.3380127,1852.25476074,0.08325196000009782,0.5001198091989937
2025_2026,2026-04-22,Bournemouth,Leeds,1849.21350098,1789.24926758,59.96423340000001,0.5854487105716667
2025_2026,2026-04-22,Burnley,Man City,1666.23193359,1966.48730469,-300.25537110000005,0.1507912179364947
2025_2026,2026-04-24,Sunderland,Nott'm Forest,1713.2286377,1808.82116699,-95.5925292899999,0.36580064813157137
2025_2026,2026-04-25,Fulham,Aston Villa,1801.04760742,1899.11425781,-98.06665038999995,0.36250295441588465
2025_2026,2026-04-25,Liverpool,Crystal Palace,1925.59240723,1810.97497559,114.61743163999995,0.6592134320360475
2025_2026,2026-04-25,West Ham,Everton,1759.28210449,1829.22668457,-69.94458008000015,0.40067980953928417
2025_2026,2026-04-25,Wolves,Tottenham,1684.17114258,1750.35693359,-66.18579101,0.40588668696114033
2025_2026,2026-04-25,Arsenal,Newcastle,2044.21411133,1827.16125488,217.05285645000004,0.7772057955620159
2025_2026,2026-04-27,Man United,Brentford,1881.35852051,1833.06665039,48.29187012000011,0.5690534629174295
2025_2026,2026-05-01,Leeds,Burnley,1793.19262695,1664.96520996,128.22741698999994,0.6765881923266888
2025_2026,2026-05-02,Brentford,West Ham,1828.46936035,1769.64343262,58.825927729999876,0.5838575155886268
2025_2026,2026-05-02,Newcastle,Brighton,1825.73095703,1865.90405273,-40.173095700000204,0.4424425484202161
2025_2026,2026-05-02,Wolves,Sunderland,1678.33190918,1699.78649902,-21.454589840000153,0.469163548714455
2025_2026,2026-05-02,Arsenal,Fulham,2048.81958008,1811.88671875,236.93286132999992,0.796392038275327
2025_2026,2026-05-03,Bournemouth,Crystal Palace,1847.78686523,1809.73632812,38.05053711000005,0.554541238510607
2025_2026,2026-05-03,Man United,Liverpool,1888.47265625,1933.21875,-44.74609375,0.4359588821075719
2025_2026,2026-05-03,Aston Villa,Tottenham,1886.95019531,1758.71276855,128.23742676000006,0.6766008006014068
2025_2026,2026-05-04,Chelsea,Nott'm Forest,1841.20544434,1828.62182617,12.583618169999909,0.5181013679201776
2025_2026,2026-05-04,Everton,Man City,1821.38195801,1970.27062988,-148.88867186999983,0.29795143253381434
2025_2026,2026-05-09,Liverpool,Chelsea,1926.30944824,1829.10449219,97.20495604999996,0.6363499646123298
2025_2026,2026-05-09,Brighton,Wolves,1855.70495605,1679.11450195,176.5904541,0.7342973770684331
2025_2026,2026-05-09,Fulham,Bournemouth,1808.88171387,1859.64172363,-50.760009759999775,0.42746582006240236
2025_2026,2026-05-09,Sunderland,Man United,1701.43835449,1897.81640625,-196.37805176000006,0.2440793678185901
2025_2026,2026-05-09,Man City,Brentford,1968.45263672,1839.48144531,128.97119141000007,0.6775243485487699
2025_2026,2026-05-10,Burnley,Aston Villa,1660.28112793,1893.97766113,-233.69653319999998,0.20664550155188874
2025_2026,2026-05-10,Crystal Palace,Everton,1802.06530762,1825.63439941,-23.569091789999902,0.4661332848398451
2025_2026,2026-05-10,Nott'm Forest,Newcastle,1825.15258789,1838.36462402,-13.212036130000115,0.4809955113568931
2025_2026,2026-05-10,West Ham,Arsenal,1761.0657959,2056.90014648,-295.83435057999986,0.1540791437160069
2025_2026,2026-05-11,Tottenham,Leeds,1772.12438965,1800.3112793,-28.186889650000012,0.4595245667194552
2025_2026,2026-05-13,Man City,Crystal Palace,1975.38549805,1801.60339355,173.78210450000006,0.7311313597390625
2025_2026,2026-05-15,Aston Villa,Liverpool,1888.90856934,1922.57263184,-33.6640625,0.4517045616716568
2025_2026,2026-05-17,Man United,Nott'm Forest,1893.57849121,1824.39367676,69.18481444999998,0.5982694881032415
2025_2026,2026-05-17,Brentford,Crystal Palace,1832.54870605,1795.94396973,36.60473632000003,0.552484400049908
2025_2026,2026-05-17,Everton,Sunderland,1826.09643555,1705.67626953,120.42016602000012,0.6666771148900913
2025_2026,2026-05-17,Leeds,Brighton,1800.64306641,1861.28149414,-60.638427729999876,0.4136096960978605
2025_2026,2026-05-17,Wolves,Fulham,1673.53796387,1801.2076416,-127.66967772999988,0.32411473936123225
2025_2026,2026-05-17,Newcastle,West Ham,1839.12353516,1758.3972168,80.72631836000005,0.6141280890901794
2025_2026,2026-05-18,Arsenal,Burnley,2059.56884766,1665.35021973,394.2186279299999,0.9063027728078497
2025_2026,2026-05-19,Bournemouth,Man City,1867.3157959,1981.04492188,-113.72912597999994,0.34193625442162523
2025_2026,2026-05-19,Chelsea,Tottenham,1832.84130859,1771.79248047,61.048828119999826,0.5869631686848369
2025_2026,2026-05-24,Brighton,Man United,1854.7076416,1900.83581543,-46.12817382999992,0.4340035447771723
2025_2026,2026-05-24,Burnley,Wolves,1666.31384277,1677.93322754,-11.619384769999897,0.48328459248290134
2025_2026,2026-05-24,Crystal Palace,Arsenal,1800.09033203,2062.50537109,-262.41503906000025,0.18085249860917463
2025_2026,2026-05-24,Fulham,Newcastle,1800.71276855,1848.13110352,-47.41833496999993,0.43218010328125045
2025_2026,2026-05-24,Liverpool,Brentford,1913.30358887,1832.3026123,81.00097657000015,0.6145026927027166
2025_2026,2026-05-24,Man City,Aston Villa,1980.94055176,1909.10058594,71.83996582000009,0.6019373789391931
2025_2026,2026-05-24,Nott'm Forest,Bournemouth,1821.03674316,1871.32055664,-50.283813479999935,0.42813683254155416
2025_2026,2026-05-24,Sunderland,Chelsea,1725.04675293,1840.20385742,-115.15710449000017,0.3400890109977766
2025_2026,2026-05-24,Tottenham,Everton,1768.33032227,1810.6262207,-42.29589843000008,0.43943022850114377
2025_2026,2026-05-24,West Ham,Leeds,1753.29016113,1811.11743164,-57.82727051000006,0.4175399119267315
